order_id,customer_id,order_date,category,quantity,unit_price,discount_pct,discount_amt,gross_revenue,net_revenue,refunded,region,channel
100001,CUST00295,2024-05-16,Home & Kitchen,1,3235.5,0.0,0.0,3235.5,3235.5,0,Central,Retail Store
100002,CUST00039,2024-10-24,Grocery,3,2538.62,0.0,0.0,7615.86,7615.86,0,Central,Online
100003,CUST00121,2024-04-28,Sports,2,2758.67,0.0,0.0,5517.34,5517.34,0,West,Marketplace
100004,CUST00485,2025-05-20,Electronics,4,0.0,0.1,0.0,0.0,0.0,0,West,Retail Store
100005,CUST00663,2024-04-13,Apparel,1,4876.88,0.0,0.0,4876.88,4876.88,0,South,Online
100006,CUST00220,2024-08-20,Apparel,5,912.88,0.0,0.0,4564.4,4564.4,0,West,Retail Store
100007,CUST01113,2024-07-12,Sports,1,3868.37,0.0,0.0,3868.37,3868.37,0,South,Marketplace
100008,CUST00040,2025-03-19,Electronics,2,4178.86,0.0,0.0,8357.72,8357.72,0,West,Online
100009,CUST01108,2025-07-30,Sports,4,1887.85,0.0,0.0,7551.4,7551.4,0,East,Online
100010,CUST00963,2025-03-10,Sports,3,2141.0,0.0,0.0,6423.0,6423.0,0,South,Online
100011,CUST00465,2024-11-09,Electronics,2,2934.65,0.0,0.0,5869.3,5869.3,0,West,Mobile App
100012,CUST00607,2025-08-12,Sports,1,3027.39,0.0,0.0,3027.39,3027.39,0,Central,Online
100013,CUST00445,2024-09-05,Home & Kitchen,3,2082.27,0.1,624.68,6246.81,5622.13,0,North,Marketplace
100014,CUST00456,2025-02-16,Electronics,3,3743.21,0.05,561.48,11229.63,10668.15,0,East,Online
100015,CUST00423,2024-08-29,Apparel,2,3682.43,0.15,1104.73,7364.86,6260.13,0,South,Retail Store
100016,CUST00851,2025-04-10,Apparel,4,3064.53,0.0,0.0,12258.12,12258.12,0,West,Retail Store
100017,CUST00992,2025-04-15,Home & Kitchen,1,1124.08,0.1,112.41,1124.08,1011.67,0,Central,Online
100018,CUST00210,2025-01-08,Beauty,4,3804.21,0.0,0.0,15216.84,15216.84,0,West,Marketplace
100019,CUST00105,2025-06-22,Beauty,5,2424.81,0.0,0.0,12124.05,-12124.05,1,East,Online
100020,CUST01057,2025-06-30,Sports,5,1760.07,0.0,0.0,8800.35,8800.35,0,East,Marketplace
100021,CUST00275,2025-09-28,Home & Kitchen,2,1943.37,0.1,388.67,3886.74,3498.07,0,West,Online
100022,CUST01075,2024-06-17,Beauty,3,1999.57,0.0,0.0,5998.71,5998.71,0,West,Retail Store
100023,CUST00798,2025-07-13,Grocery,2,2402.79,0.0,0.0,4805.58,4805.58,0,West,Marketplace
100024,CUST00785,2025-10-15,Sports,5,2759.06,0.05,689.76,13795.3,13105.54,0,West,Retail Store
100025,CUST00668,2025-06-19,Sports,1,1587.36,0.4,634.94,1587.36,952.42,0,West,Marketplace
100026,CUST00743,2024-03-24,Grocery,2,3312.79,0.25,1656.4,6625.58,4969.18,0,West,Online
100027,CUST00208,2025-03-19,Apparel,5,3590.66,0.15,2693.0,17953.3,15260.3,0,West,Online
100028,CUST00284,2025-09-14,Apparel,3,2706.88,0.1,812.06,8120.64,7308.58,0,South,Marketplace
100029,CUST00115,2025-07-24,Beauty,1,2725.37,0.0,0.0,2725.37,2725.37,0,North,Mobile App
100030,CUST01096,2025-07-25,Apparel,1,2570.19,0.15,385.53,2570.19,2184.66,0,Central,Online
100031,CUST00364,2025-06-16,Beauty,5,2923.99,0.25,3654.99,14619.95,10964.96,0,West,Retail Store
100032,CUST00049,2025-03-24,Grocery,1,2799.46,0.05,139.97,2799.46,2659.49,0,Central,Marketplace
100033,CUST01190,2024-12-22,Beauty,1,2079.44,0.0,0.0,2079.44,-2079.44,1,North,Retail Store
100034,CUST00745,2024-07-13,Home & Kitchen,4,2224.85,0.0,0.0,8899.4,8899.4,0,West,Mobile App
100035,CUST01032,2024-01-28,Sports,5,1094.98,0.0,0.0,5474.9,5474.9,0,West,Online
100036,CUST00703,2025-04-11,Sports,2,0.0,0.0,0.0,0.0,0.0,0,North,Online
100037,CUST00489,2024-08-25,Electronics,4,0.0,0.15,0.0,0.0,0.0,0,South,Retail Store
100038,CUST00310,2024-09-04,Apparel,3,4768.62,0.0,0.0,14305.86,14305.86,0,Central,Online
100039,CUST00579,2025-08-26,Electronics,5,924.82,0.05,231.21,4624.1,4392.89,0,West,Online
100040,CUST00991,2025-04-23,Electronics,5,1313.44,0.1,656.72,6567.2,5910.48,0,North,Marketplace
100041,CUST00431,2024-12-08,Home & Kitchen,1,2319.69,0.0,0.0,2319.69,2319.69,0,East,Online
100043,CUST00494,2024-09-26,Electronics,3,1056.49,0.0,0.0,3169.47,-3169.47,1,East,Retail Store
100044,CUST00869,2024-09-12,Grocery,3,3605.84,0.0,0.0,10817.52,10817.52,0,West,Marketplace
100045,CUST00739,2025-08-15,Beauty,5,628.6,0.1,314.3,3143.0,2828.7,0,North,Online
100046,CUST00114,2024-10-05,Electronics,1,2677.71,0.1,267.77,2677.71,2409.94,0,East,Marketplace
100047,CUST01200,2025-01-19,Beauty,2,2467.14,0.0,0.0,4934.28,4934.28,0,Central,Online
100048,CUST00579,2025-06-24,Home & Kitchen,4,510.35,0.15,306.21,2041.4,1735.19,0,West,Online
100049,CUST00488,2024-05-11,Electronics,1,2846.39,0.0,0.0,2846.39,2846.39,0,East,Online
100050,CUST00158,2025-02-07,Sports,2,3939.22,0.0,0.0,7878.44,7878.44,0,East,Retail Store
100051,CUST01091,2025-01-07,Grocery,5,1041.63,0.0,0.0,5208.15,5208.15,0,South,Online
100052,CUST00374,2024-01-20,Electronics,1,4935.31,0.0,0.0,4935.31,4935.31,0,East,Retail Store
100053,CUST00297,2024-03-07,Sports,5,2790.52,0.0,0.0,13952.6,13952.6,0,West,Retail Store
100054,CUST00874,2024-07-28,Grocery,2,3126.94,0.0,0.0,6253.88,6253.88,0,South,Marketplace
100055,CUST00664,2024-02-16,Home & Kitchen,5,4093.96,0.05,1023.49,20469.8,-19446.31,1,West,Mobile App
100056,CUST01176,2025-02-06,Apparel,2,4298.46,0.25,2149.23,8596.92,6447.69,0,Central,Retail Store
100057,CUST00747,2024-09-07,Beauty,4,3208.57,0.0,0.0,12834.28,12834.28,0,West,Online
100058,CUST00648,2024-06-25,Apparel,2,1632.58,0.1,326.52,3265.16,2938.64,0,West,Mobile App
100059,CUST01141,2024-11-25,Home & Kitchen,3,4936.21,0.05,740.43,14808.63,14068.2,0,North,Retail Store
100060,CUST00070,2024-08-13,Electronics,3,392.72,0.0,0.0,1178.16,1178.16,0,South,Marketplace
100061,CUST00755,2024-12-15,Apparel,2,2488.58,0.0,0.0,4977.16,-4977.16,1,West,Online
100062,CUST01142,2024-11-07,Sports,1,2613.94,0.0,0.0,2613.94,2613.94,0,Central,Online
100063,CUST00843,2025-01-02,Sports,3,3545.92,0.0,0.0,10637.76,10637.76,0,East,Retail Store
100064,CUST00313,2024-10-31,Home & Kitchen,2,1263.47,0.0,0.0,2526.94,2526.94,0,West,Online
100065,CUST00814,2024-07-06,Apparel,5,1441.15,0.25,1801.44,7205.75,5404.31,0,North,Retail Store
100066,CUST00914,2024-06-25,Beauty,3,4287.75,0.15,1929.49,12863.25,10933.76,0,East,Retail Store
100068,CUST00163,2025-05-28,Grocery,4,1256.17,0.0,0.0,5024.68,5024.68,0,South,Marketplace
100069,CUST00415,2025-03-10,Beauty,1,4967.04,0.1,496.7,4967.04,4470.34,0,North,Online
100070,CUST00484,2025-02-28,Electronics,2,2182.31,0.0,0.0,4364.62,-4364.62,1,East,Online
100072,CUST00656,2024-02-13,Grocery,3,781.08,0.0,0.0,2343.24,2343.24,0,East,Retail Store
100073,CUST00301,2024-12-29,Home & Kitchen,4,1889.82,0.05,377.96,7559.28,7181.32,0,South,Online
100074,CUST00904,2024-08-05,Electronics,1,2761.44,0.0,0.0,2761.44,2761.44,0,East,Online
100075,CUST00811,2024-09-09,Apparel,1,2870.06,0.0,0.0,2870.06,2870.06,0,North,Marketplace
100076,CUST00395,2024-08-08,Sports,2,3308.22,0.05,330.82,6616.44,6285.62,0,North,Mobile App
100077,CUST01181,2025-10-07,Sports,1,4514.59,0.0,0.0,4514.59,4514.59,0,North,Online
100078,CUST01125,2025-04-29,Beauty,3,4612.18,0.1,1383.65,13836.54,12452.89,0,North,Online
100079,CUST00273,2025-10-08,Apparel,3,1420.7,0.0,0.0,4262.1,4262.1,0,South,Retail Store
100080,CUST00732,2025-03-23,Apparel,3,2796.0,0.1,838.8,8388.0,7549.2,0,North,Retail Store
100081,CUST00118,2025-06-08,Sports,1,3750.06,0.0,0.0,3750.06,3750.06,0,East,Online
100082,CUST00322,2025-09-12,Electronics,1,4922.44,0.15,738.37,4922.44,4184.07,0,North,Retail Store
100083,CUST00855,2025-04-02,Electronics,2,3952.55,0.15,1185.77,7905.1,6719.33,0,East,Online
100084,CUST00563,2025-03-22,Electronics,2,3899.46,0.4,3119.57,7798.92,-4679.35,1,South,Online
100085,CUST00556,2025-02-08,Apparel,1,2387.9,0.25,596.98,2387.9,1790.92,0,North,Mobile App
100086,CUST00593,2024-10-11,Home & Kitchen,3,1108.97,0.0,0.0,3326.91,3326.91,0,North,Online
100087,CUST01023,2025-08-16,Grocery,5,4263.52,0.1,2131.76,21317.6,19185.84,0,East,Online
100088,CUST00717,2025-02-06,Beauty,5,2226.62,0.0,0.0,11133.1,11133.1,0,Central,Online
100089,CUST00570,2024-10-01,Apparel,5,4938.97,0.15,3704.23,24694.85,20990.62,0,East,Retail Store
100090,CUST01071,2024-10-31,Grocery,2,2880.48,0.0,0.0,5760.96,5760.96,0,South,Online
100091,CUST00626,2024-05-19,Grocery,3,3957.01,0.15,1780.65,11871.03,10090.38,0,West,Retail Store
100092,CUST01134,2025-07-05,Electronics,1,4703.39,0.0,0.0,4703.39,4703.39,0,North,Online
100093,CUST00247,2024-04-02,Home & Kitchen,5,4820.92,0.0,0.0,24104.6,24104.6,0,East,Online
100094,CUST00025,2024-11-21,Beauty,2,3296.98,0.0,0.0,6593.96,6593.96,0,Central,Online
100095,CUST01094,2025-09-29,Electronics,5,451.29,0.0,0.0,2256.45,2256.45,0,West,Retail Store
100096,CUST01074,2025-08-08,Beauty,4,2417.98,0.1,967.19,9671.92,8704.73,0,North,Online
100097,CUST00091,2024-02-29,Grocery,5,4198.27,0.0,0.0,20991.35,20991.35,0,Central,Online
100098,CUST00951,2025-02-18,Apparel,5,316.17,0.15,237.13,1580.85,1343.72,0,East,Mobile App
100099,CUST00509,2024-05-31,Home & Kitchen,4,329.35,0.0,0.0,1317.4,1317.4,0,South,Online
100100,CUST00241,2024-11-13,Electronics,2,1011.72,0.0,0.0,2023.44,2023.44,0,Central,Online
100101,CUST00670,2024-10-05,Home & Kitchen,5,942.56,0.0,0.0,4712.8,4712.8,0,West,Online
100102,CUST00204,2025-02-16,Beauty,1,3482.08,0.0,0.0,3482.08,3482.08,0,North,Online
100103,CUST00408,2025-03-23,Apparel,4,2438.52,0.25,2438.52,9754.08,7315.56,0,South,Mobile App
100104,CUST00480,2024-12-13,Apparel,2,3457.91,0.1,691.58,6915.82,6224.24,0,West,Online
100105,CUST01008,2025-07-08,Sports,1,501.2,0.1,50.12,501.2,451.08,0,North,Online
100107,CUST00419,2025-06-06,Home & Kitchen,2,2480.8,0.0,0.0,4961.6,4961.6,0,Central,Marketplace
100109,CUST00274,2024-11-14,Grocery,2,3828.36,0.0,0.0,7656.72,7656.72,0,South,Retail Store
100110,CUST00626,2024-05-19,Sports,2,3458.93,0.0,0.0,6917.86,6917.86,0,West,Retail Store
100111,CUST00323,2024-04-24,Beauty,5,680.27,0.0,0.0,3401.35,3401.35,0,North,Online
100114,CUST00906,2024-07-21,Home & Kitchen,3,642.7,0.0,0.0,1928.1,1928.1,0,North,Online
100115,CUST00344,2025-04-11,Apparel,2,1120.61,0.0,0.0,2241.22,2241.22,0,Central,Mobile App
100116,CUST01059,2025-07-05,Electronics,3,3811.16,0.4,4573.39,11433.48,6860.09,0,East,Retail Store
100117,CUST00549,2025-02-09,Home & Kitchen,1,1055.59,0.1,105.56,1055.59,950.03,0,North,Marketplace
100118,CUST00659,2025-04-04,Beauty,5,2615.14,0.0,0.0,13075.7,13075.7,0,North,Retail Store
100119,CUST00277,2025-03-29,Home & Kitchen,2,4554.32,0.0,0.0,9108.64,-9108.64,1,East,Retail Store
100120,CUST00717,2024-12-29,Electronics,2,3396.37,0.0,0.0,6792.74,6792.74,0,Central,Online
100121,CUST00411,2024-12-18,Sports,2,4287.19,0.0,0.0,8574.38,8574.38,0,South,Marketplace
100122,CUST00226,2024-07-18,Beauty,2,3696.67,0.05,369.67,7393.34,7023.67,0,Central,Online
100123,CUST00846,2025-03-01,Beauty,1,4775.74,0.0,0.0,4775.74,4775.74,0,West,Marketplace
100124,CUST00389,2025-02-17,Home & Kitchen,1,819.09,0.0,0.0,819.09,819.09,0,North,Marketplace
100125,CUST00025,2025-02-16,Electronics,5,4670.54,0.0,0.0,23352.7,23352.7,0,Central,Online
100126,CUST00755,2024-12-16,Home & Kitchen,5,3390.91,0.15,2543.18,16954.55,14411.37,0,West,Online
100127,CUST00408,2025-06-05,Beauty,2,1867.32,0.0,0.0,3734.64,-3734.64,1,South,Mobile App
100128,CUST00257,2024-07-16,Beauty,4,2372.2,0.0,0.0,9488.8,9488.8,0,West,Online
100129,CUST00389,2025-03-10,Beauty,2,3685.31,0.0,0.0,7370.62,7370.62,0,North,Marketplace
100130,CUST00461,2025-01-18,Electronics,2,407.01,0.0,0.0,814.02,814.02,0,Central,Online
100131,CUST01164,2025-05-05,Electronics,3,2206.45,0.05,330.97,6619.35,6288.38,0,West,Online
100132,CUST00132,2025-02-02,Sports,5,4336.22,0.0,0.0,21681.1,21681.1,0,North,Online
100133,CUST00341,2024-07-26,Electronics,4,4527.15,0.15,2716.29,18108.6,-15392.31,1,West,Marketplace
100134,CUST00114,2024-09-16,Apparel,5,1595.05,0.0,0.0,7975.25,7975.25,0,East,Marketplace
100135,CUST01008,2025-08-28,Beauty,4,1785.31,0.0,0.0,7141.24,7141.24,0,North,Online
100136,CUST01130,2025-03-12,Grocery,5,243.68,0.0,0.0,1218.4,1218.4,0,West,Retail Store
100138,CUST00702,2024-12-17,Electronics,4,2848.15,0.0,0.0,11392.6,11392.6,0,East,Retail Store
100139,CUST00693,2024-03-06,Apparel,5,3152.27,0.0,0.0,15761.35,15761.35,0,South,Marketplace
100140,CUST00894,2025-02-21,Sports,4,2132.02,0.0,0.0,8528.08,8528.08,0,South,Retail Store
100141,CUST00028,2025-09-16,Sports,5,1331.05,0.0,0.0,6655.25,6655.25,0,South,Online
100142,CUST00156,2025-05-12,Grocery,3,3028.9,0.0,0.0,9086.7,9086.7,0,Central,Online
100143,CUST00394,2024-04-08,Grocery,5,540.25,0.0,0.0,2701.25,2701.25,0,South,Retail Store
100144,CUST00940,2025-06-12,Apparel,1,546.63,0.0,0.0,546.63,546.63,0,South,Online
100145,CUST00121,2025-06-20,Sports,1,2727.33,0.0,0.0,2727.33,2727.33,0,West,Marketplace
100146,CUST00656,2024-03-21,Home & Kitchen,2,527.77,0.15,158.33,1055.54,897.21,0,East,Retail Store
100147,CUST01160,2024-10-04,Electronics,4,260.15,0.0,0.0,1040.6,-1040.6,1,South,Retail Store
100148,CUST00180,2024-12-24,Home & Kitchen,2,4233.07,0.0,0.0,8466.14,8466.14,0,South,Online
100149,CUST00251,2025-03-04,Home & Kitchen,5,3963.28,0.05,990.82,19816.4,18825.58,0,North,Online
100150,CUST01124,2025-02-03,Grocery,5,1081.79,0.1,540.9,5408.95,4868.05,0,Central,Online
100151,CUST01196,2024-06-07,Grocery,1,1063.0,0.0,0.0,1063.0,-1063.0,1,East,Online
100152,CUST00560,2025-08-05,Sports,1,561.61,0.0,0.0,561.61,561.61,0,East,Online
100153,CUST00893,2025-02-28,Apparel,2,3304.36,0.0,0.0,6608.72,-6608.72,1,West,Marketplace
100154,CUST01015,2025-05-28,Home & Kitchen,2,529.89,0.1,105.98,1059.78,953.8,0,East,Online
100155,CUST00280,2024-10-29,Electronics,2,4579.06,0.15,1373.72,9158.12,7784.4,0,Central,Marketplace
100156,CUST01014,2024-10-09,Beauty,3,4879.41,0.0,0.0,14638.23,14638.23,0,West,Online
100157,CUST00510,2025-09-22,Apparel,2,1416.86,0.0,0.0,2833.72,2833.72,0,Central,Retail Store
100158,CUST00685,2024-06-07,Beauty,5,1554.15,0.0,0.0,7770.75,7770.75,0,East,Online
100159,CUST00783,2025-07-05,Grocery,4,3117.26,0.0,0.0,12469.04,-12469.04,1,Central,Online
100160,CUST00678,2024-05-12,Sports,1,2851.59,0.0,0.0,2851.59,2851.59,0,South,Retail Store
100161,CUST01105,2025-01-03,Home & Kitchen,4,0.0,0.0,0.0,0.0,0.0,0,West,Retail Store
100162,CUST00704,2024-12-12,Beauty,4,3325.35,0.0,0.0,13301.4,13301.4,0,North,Online
100163,CUST00382,2025-03-02,Sports,3,3675.85,0.0,0.0,11027.55,-11027.55,1,West,Mobile App
100164,CUST00531,2024-01-29,Sports,5,1870.39,0.05,467.6,9351.95,8884.35,0,North,Marketplace
100165,CUST00608,2024-04-25,Grocery,2,4752.66,0.0,0.0,9505.32,9505.32,0,South,Marketplace
100166,CUST00350,2025-04-26,Home & Kitchen,1,4319.78,0.25,1079.94,4319.78,3239.84,0,West,Retail Store
100167,CUST00298,2025-02-19,Grocery,1,2402.43,0.0,0.0,2402.43,2402.43,0,Central,Marketplace
100168,CUST00553,2025-05-18,Beauty,2,2615.43,0.0,0.0,5230.86,5230.86,0,East,Retail Store
100169,CUST00620,2024-07-24,Home & Kitchen,3,4862.97,0.0,0.0,14588.91,14588.91,0,Central,Marketplace
100170,CUST00279,2025-03-02,Electronics,1,3941.61,0.0,0.0,3941.61,3941.61,0,South,Marketplace
100171,CUST00170,2025-02-20,Apparel,4,2484.89,0.15,1490.93,9939.56,8448.63,0,East,Marketplace
100172,CUST00292,2025-09-26,Beauty,5,4204.98,0.0,0.0,21024.9,21024.9,0,South,Mobile App
100173,CUST01041,2024-05-04,Electronics,1,237.01,0.0,0.0,237.01,237.01,0,West,Marketplace
100174,CUST01060,2025-07-01,Home & Kitchen,3,3929.94,0.1,1178.98,11789.82,10610.84,0,Central,Retail Store
100175,CUST00543,2024-09-13,Grocery,2,3246.43,0.0,0.0,6492.86,6492.86,0,South,Online
100176,CUST00767,2024-12-14,Home & Kitchen,3,2251.54,0.25,1688.66,6754.62,5065.96,0,South,Online
100177,CUST00066,2024-10-19,Electronics,1,1960.63,0.0,0.0,1960.63,1960.63,0,West,Online
100178,CUST00283,2025-09-16,Grocery,1,3696.99,0.1,369.7,3696.99,3327.29,0,Central,Online
100179,CUST00602,2025-10-28,Sports,1,2005.87,0.0,0.0,2005.87,2005.87,0,East,Online
100180,CUST00703,2025-06-28,Apparel,5,1808.77,0.0,0.0,9043.85,9043.85,0,North,Online
100181,CUST00960,2025-07-07,Electronics,5,2453.88,0.0,0.0,12269.4,12269.4,0,North,Online
100182,CUST00489,2024-09-09,Apparel,2,1541.58,0.0,0.0,3083.16,3083.16,0,South,Retail Store
100183,CUST00274,2025-03-23,Apparel,3,4967.68,0.0,0.0,14903.04,14903.04,0,South,Retail Store
100184,CUST00670,2024-08-04,Beauty,1,3074.23,0.0,0.0,3074.23,3074.23,0,West,Online
100185,CUST00689,2025-02-11,Grocery,1,2131.74,0.0,0.0,2131.74,-2131.74,1,West,Online
100186,CUST00353,2024-06-03,Grocery,4,2387.47,0.1,954.99,9549.88,8594.89,0,North,Marketplace
100188,CUST01015,2025-02-24,Beauty,1,4278.98,0.25,1069.74,4278.98,3209.24,0,East,Online
100190,CUST00889,2024-09-22,Electronics,1,3707.98,0.05,185.4,3707.98,3522.58,0,South,Mobile App
100191,CUST00685,2024-03-11,Sports,4,374.85,0.0,0.0,1499.4,1499.4,0,East,Online
100192,CUST00398,2025-07-13,Apparel,3,1465.82,0.0,0.0,4397.46,4397.46,0,West,Retail Store
100193,CUST01162,2024-04-27,Sports,2,4220.48,0.0,0.0,8440.96,8440.96,0,East,Retail Store
100194,CUST01090,2024-07-05,Home & Kitchen,1,3362.58,0.0,0.0,3362.58,3362.58,0,South,Online
100195,CUST00569,2024-09-09,Sports,4,1168.35,0.0,0.0,4673.4,4673.4,0,South,Marketplace
100196,CUST00791,2025-08-22,Beauty,2,3736.85,0.1,747.37,7473.7,-6726.33,1,Central,Marketplace
100197,CUST00775,2025-07-30,Grocery,2,2862.86,0.0,0.0,5725.72,-5725.72,1,Central,Retail Store
100198,CUST01037,2024-02-25,Electronics,4,3839.46,0.0,0.0,15357.84,15357.84,0,North,Online
100199,CUST01084,2025-07-18,Beauty,5,1530.72,0.0,0.0,7653.6,7653.6,0,Central,Online
100200,CUST00644,2025-06-29,Beauty,4,3066.55,0.0,0.0,12266.2,12266.2,0,West,Mobile App
100201,CUST00409,2024-10-05,Sports,4,1478.39,0.05,295.68,5913.56,5617.88,0,West,Online
100202,CUST00126,2025-08-01,Sports,4,1755.22,0.0,0.0,7020.88,7020.88,0,North,Marketplace
100203,CUST01167,2024-11-04,Beauty,2,2988.16,0.0,0.0,5976.32,-5976.32,1,South,Online
100204,CUST00824,2024-09-05,Home & Kitchen,1,281.09,0.1,28.11,281.09,252.98,0,West,Online
100205,CUST00915,2025-06-20,Beauty,2,2845.49,0.0,0.0,5690.98,5690.98,0,East,Marketplace
100206,CUST00893,2024-11-08,Grocery,4,4567.36,0.0,0.0,18269.44,18269.44,0,West,Marketplace
100207,CUST00873,2024-10-22,Beauty,4,4668.3,0.0,0.0,18673.2,18673.2,0,North,Mobile App
100208,CUST01168,2024-10-04,Electronics,5,2571.94,0.15,1928.96,12859.7,-10930.74,1,East,Online
100209,CUST00480,2025-04-09,Beauty,1,1976.54,0.0,0.0,1976.54,1976.54,0,West,Online
100210,CUST00027,2024-11-03,Sports,3,0.0,0.25,0.0,0.0,0.0,0,Central,Retail Store
100211,CUST00927,2025-08-25,Sports,3,1110.6,0.0,0.0,3331.8,3331.8,0,East,Online
100212,CUST00749,2024-11-23,Home & Kitchen,3,734.12,0.15,330.35,2202.36,1872.01,0,North,Online
100213,CUST00689,2024-08-01,Grocery,2,2931.64,0.05,293.16,5863.28,5570.12,0,West,Online
100214,CUST01022,2025-08-29,Home & Kitchen,3,2589.56,0.25,1942.17,7768.68,5826.51,0,North,Marketplace
100215,CUST00975,2025-04-01,Sports,3,378.38,0.0,0.0,1135.14,1135.14,0,East,Online
100216,CUST00199,2025-02-03,Sports,1,815.98,0.0,0.0,815.98,815.98,0,North,Online
100217,CUST00161,2025-04-18,Grocery,4,1435.67,0.25,1435.67,5742.68,4307.01,0,Central,Mobile App
100218,CUST00220,2024-07-13,Home & Kitchen,4,1537.82,0.05,307.56,6151.28,5843.72,0,West,Retail Store
100219,CUST00027,2024-10-07,Beauty,3,2174.14,0.0,0.0,6522.42,6522.42,0,Central,Retail Store
100220,CUST00323,2024-10-12,Grocery,3,3378.72,0.0,0.0,10136.16,10136.16,0,North,Online
100221,CUST00645,2024-12-31,Electronics,5,534.65,0.0,0.0,2673.25,2673.25,0,West,Marketplace
100222,CUST00638,2025-03-25,Electronics,3,4651.89,0.15,2093.35,13955.67,11862.32,0,North,Online
100223,CUST00979,2025-05-13,Sports,1,4808.85,0.0,0.0,4808.85,4808.85,0,Central,Marketplace
100224,CUST00613,2024-08-12,Beauty,1,3309.46,0.0,0.0,3309.46,3309.46,0,North,Online
100225,CUST00468,2024-03-15,Electronics,1,3946.72,0.0,0.0,3946.72,3946.72,0,Central,Online
100226,CUST00790,2025-05-21,Electronics,1,3117.99,0.0,0.0,3117.99,3117.99,0,East,Online
100227,CUST00204,2025-05-04,Beauty,4,3650.48,0.0,0.0,14601.92,14601.92,0,North,Online
100228,CUST00897,2024-10-22,Apparel,1,4660.42,0.0,0.0,4660.42,4660.42,0,West,Retail Store
100229,CUST00528,2025-01-25,Grocery,2,1475.16,0.0,0.0,2950.32,2950.32,0,North,Marketplace
100230,CUST00521,2024-08-30,Electronics,1,996.71,0.0,0.0,996.71,-996.71,1,South,Online
100231,CUST00830,2024-10-29,Sports,1,2266.08,0.25,566.52,2266.08,1699.56,0,West,Online
100232,CUST00767,2024-08-05,Apparel,3,1445.66,0.25,1084.24,4336.98,3252.74,0,South,Online
100233,CUST00829,2025-02-15,Grocery,2,4163.79,0.0,0.0,8327.58,8327.58,0,North,Online
100234,CUST01188,2024-10-19,Apparel,2,4900.73,0.25,2450.36,9801.46,7351.1,0,East,Online
100235,CUST00072,2025-07-14,Home & Kitchen,4,2595.3,0.15,1557.18,10381.2,8824.02,0,South,Online
100236,CUST01071,2024-10-27,Sports,5,1042.41,0.0,0.0,5212.05,5212.05,0,South,Online
100237,CUST00927,2024-04-21,Electronics,4,2688.44,0.0,0.0,10753.76,10753.76,0,East,Online
100238,CUST00528,2025-02-22,Home & Kitchen,1,2784.55,0.0,0.0,2784.55,2784.55,0,North,Marketplace
100239,CUST00322,2025-07-29,Sports,4,4889.03,0.0,0.0,19556.12,19556.12,0,North,Retail Store
100240,CUST00790,2025-05-22,Sports,5,3934.92,0.0,0.0,19674.6,19674.6,0,East,Online
100241,CUST01188,2025-05-13,Electronics,2,2203.85,0.0,0.0,4407.7,4407.7,0,East,Online
100242,CUST00849,2024-11-30,Electronics,3,3153.58,0.05,473.04,9460.74,8987.7,0,West,Online
100243,CUST00657,2024-04-15,Beauty,5,3114.53,0.0,0.0,15572.65,15572.65,0,North,Online
100244,CUST00700,2025-04-07,Beauty,2,3310.04,0.1,662.01,6620.08,5958.07,0,West,Marketplace
100245,CUST01031,2024-12-26,Beauty,1,225.79,0.0,0.0,225.79,-225.79,1,North,Online
100246,CUST01200,2025-01-23,Apparel,3,1006.42,0.0,0.0,3019.26,3019.26,0,Central,Online
100247,CUST00245,2025-07-02,Sports,5,1709.04,0.4,3418.08,8545.2,5127.12,0,West,Online
100248,CUST00326,2024-07-02,Home & Kitchen,2,4413.0,0.0,0.0,8826.0,-8826.0,1,East,Online
100249,CUST01083,2025-01-11,Electronics,4,2107.62,0.15,1264.57,8430.48,7165.91,0,West,Online
100250,CUST01182,2025-08-31,Electronics,4,1787.11,0.05,357.42,7148.44,6791.02,0,South,Marketplace
100251,CUST00985,2024-06-13,Beauty,1,1075.49,0.05,53.77,1075.49,1021.72,0,Central,Marketplace
100252,CUST00909,2024-12-11,Apparel,2,3838.29,0.0,0.0,7676.58,7676.58,0,South,Marketplace
100253,CUST01136,2024-05-27,Grocery,3,2411.22,0.0,0.0,7233.66,7233.66,0,Central,Online
100254,CUST00578,2025-07-28,Home & Kitchen,3,4129.33,0.0,0.0,12387.99,12387.99,0,East,Marketplace
100256,CUST01127,2025-07-27,Grocery,2,1450.76,0.0,0.0,2901.52,2901.52,0,East,Online
100257,CUST00789,2024-08-16,Grocery,4,264.58,0.0,0.0,1058.32,1058.32,0,West,Online
100258,CUST00289,2024-02-28,Grocery,5,3569.28,0.05,892.32,17846.4,16954.08,0,West,Marketplace
100259,CUST01018,2024-11-13,Electronics,4,898.11,0.05,179.62,3592.44,3412.82,0,North,Retail Store
100260,CUST00237,2025-03-14,Home & Kitchen,5,3016.3,0.25,3770.38,15081.5,11311.12,0,West,Online
100261,CUST00149,2025-04-10,Home & Kitchen,2,2533.76,0.0,0.0,5067.52,-5067.52,1,West,Online
100262,CUST00640,2024-07-27,Beauty,3,3920.79,0.0,0.0,11762.37,11762.37,0,West,Marketplace
100263,CUST00372,2024-11-03,Home & Kitchen,4,4340.77,0.1,1736.31,17363.08,15626.77,0,Central,Retail Store
100264,CUST00853,2025-03-14,Electronics,2,0.0,0.0,0.0,0.0,0.0,0,East,Marketplace
100265,CUST00802,2024-11-08,Apparel,3,3137.5,0.0,0.0,9412.5,9412.5,0,Central,Marketplace
100266,CUST00143,2025-06-20,Apparel,1,1431.72,0.0,0.0,1431.72,1431.72,0,West,Marketplace
100267,CUST00572,2025-05-06,Beauty,1,1695.54,0.0,0.0,1695.54,1695.54,0,South,Online
100268,CUST00397,2025-01-26,Apparel,2,4893.9,0.0,0.0,9787.8,9787.8,0,North,Marketplace
100269,CUST00223,2025-07-18,Home & Kitchen,3,870.14,0.1,261.04,2610.42,2349.38,0,South,Marketplace
100270,CUST01127,2025-05-29,Grocery,1,2610.52,0.1,261.05,2610.52,2349.47,0,East,Online
100271,CUST00678,2024-05-20,Electronics,1,4444.96,0.0,0.0,4444.96,4444.96,0,South,Retail Store
100272,CUST00969,2025-07-19,Beauty,5,3684.98,0.25,4606.23,18424.9,13818.67,0,South,Mobile App
100273,CUST00972,2024-11-08,Sports,1,4557.27,0.1,455.73,4557.27,4101.54,0,West,Retail Store
100274,CUST00260,2025-10-03,Sports,1,1376.84,0.15,206.53,1376.84,1170.31,0,West,Retail Store
100275,CUST00829,2025-02-01,Apparel,4,4323.56,0.15,2594.14,17294.24,14700.1,0,North,Online
100276,CUST00015,2024-05-14,Beauty,4,4425.77,0.05,885.15,17703.08,16817.93,0,North,Online
100277,CUST01043,2025-04-03,Grocery,3,3741.26,0.0,0.0,11223.78,11223.78,0,South,Retail Store
100279,CUST00166,2025-03-15,Home & Kitchen,4,2869.23,0.0,0.0,11476.92,11476.92,0,North,Retail Store
100280,CUST00593,2024-11-26,Electronics,4,4496.82,0.1,1798.73,17987.28,16188.55,0,North,Online
100281,CUST00054,2025-07-07,Sports,1,3823.18,0.05,191.16,3823.18,3632.02,0,South,Retail Store
100282,CUST00480,2024-08-19,Grocery,2,4687.66,0.0,0.0,9375.32,9375.32,0,West,Online
100283,CUST00249,2024-01-29,Electronics,1,4479.23,0.15,671.88,4479.23,3807.35,0,Central,Online
100284,CUST00508,2025-05-08,Beauty,3,294.71,0.0,0.0,884.13,884.13,0,West,Online
100285,CUST00859,2024-11-02,Apparel,3,4227.36,0.05,634.1,12682.08,12047.98,0,Central,Mobile App
100286,CUST00065,2025-09-13,Sports,1,4733.48,0.0,0.0,4733.48,4733.48,0,North,Online
100287,CUST00237,2025-02-12,Electronics,2,4181.65,0.15,1254.49,8363.3,7108.81,0,West,Online
100288,CUST00275,2024-06-22,Electronics,2,4058.26,0.05,405.83,8116.52,7710.69,0,West,Online
100289,CUST00959,2024-04-23,Electronics,4,262.32,0.0,0.0,1049.28,1049.28,0,Central,Online
100290,CUST00679,2025-07-21,Sports,2,1190.65,0.0,0.0,2381.3,2381.3,0,East,Marketplace
100292,CUST00904,2025-02-21,Home & Kitchen,1,3588.48,0.0,0.0,3588.48,-3588.48,1,East,Online
100293,CUST00399,2025-01-09,Sports,5,3092.91,0.0,0.0,15464.55,15464.55,0,East,Online
100294,CUST01147,2025-05-24,Home & Kitchen,3,2640.84,0.0,0.0,7922.52,7922.52,0,East,Mobile App
100295,CUST00600,2024-08-25,Apparel,1,3139.37,0.4,1255.75,3139.37,1883.62,0,Central,Retail Store
100296,CUST00872,2025-08-04,Sports,5,718.79,0.15,539.09,3593.95,3054.86,0,North,Online
100297,CUST00314,2025-06-20,Home & Kitchen,4,2738.38,0.0,0.0,10953.52,10953.52,0,Central,Marketplace
100298,CUST00822,2024-01-21,Beauty,4,503.62,0.0,0.0,2014.48,2014.48,0,West,Marketplace
100299,CUST00544,2024-08-07,Apparel,3,4356.48,0.15,1960.42,13069.44,11109.02,0,North,Marketplace
100300,CUST00481,2025-10-30,Electronics,1,2039.43,0.0,0.0,2039.43,2039.43,0,North,Mobile App
100301,CUST01061,2025-04-19,Home & Kitchen,2,4017.71,0.0,0.0,8035.42,8035.42,0,Central,Online
100302,CUST00415,2025-02-10,Sports,2,4893.36,0.0,0.0,9786.72,9786.72,0,North,Online
100303,CUST00960,2025-05-29,Apparel,4,2337.25,0.0,0.0,9349.0,9349.0,0,North,Online
100304,CUST00995,2024-07-16,Apparel,4,1738.84,0.0,0.0,6955.36,-6955.36,1,West,Marketplace
100305,CUST00987,2024-02-23,Home & Kitchen,4,1728.65,0.05,345.73,6914.6,6568.87,0,Central,Online
100306,CUST00620,2024-07-25,Electronics,3,1030.32,0.1,309.1,3090.96,2781.86,0,Central,Marketplace
100307,CUST00026,2024-03-14,Electronics,1,2368.29,0.0,0.0,2368.29,2368.29,0,East,Online
100308,CUST00235,2025-09-11,Apparel,1,2302.44,0.05,115.12,2302.44,2187.32,0,Central,Mobile App
100309,CUST00887,2025-05-06,Electronics,4,1352.79,0.1,541.12,5411.16,4870.04,0,South,Online
100311,CUST00789,2024-09-06,Home & Kitchen,5,2972.46,0.15,2229.34,14862.3,-12632.96,1,West,Online
100312,CUST01170,2024-09-14,Apparel,4,1632.72,0.05,326.54,6530.88,6204.34,0,North,Online
100313,CUST00605,2025-07-21,Grocery,4,4222.59,0.15,2533.55,16890.36,14356.81,0,East,Retail Store
100314,CUST01080,2025-03-01,Home & Kitchen,5,2302.34,0.0,0.0,11511.7,11511.7,0,North,Marketplace
100315,CUST00924,2024-12-31,Apparel,5,2449.69,0.0,0.0,12248.45,12248.45,0,West,Retail Store
100316,CUST01125,2025-02-10,Home & Kitchen,1,1429.98,0.0,0.0,1429.98,1429.98,0,North,Online
100317,CUST00598,2024-06-20,Electronics,1,3878.67,0.05,193.93,3878.67,3684.74,0,South,Retail Store
100318,CUST00634,2024-07-28,Electronics,2,2918.62,0.0,0.0,5837.24,5837.24,0,Central,Online
100319,CUST00132,2025-03-17,Beauty,2,1096.58,0.05,109.66,2193.16,2083.5,0,North,Online
100320,CUST00087,2024-11-07,Apparel,5,3080.26,0.0,0.0,15401.3,15401.3,0,South,Retail Store
100321,CUST00062,2024-11-09,Grocery,2,1303.52,0.0,0.0,2607.04,2607.04,0,South,Marketplace
100322,CUST00641,2024-10-29,Apparel,5,4116.45,0.4,8232.9,20582.25,12349.35,0,South,Retail Store
100323,CUST00719,2024-05-27,Home & Kitchen,3,764.18,0.0,0.0,2292.54,2292.54,0,South,Marketplace
100324,CUST00175,2024-07-08,Grocery,1,3591.92,0.0,0.0,3591.92,3591.92,0,North,Retail Store
100325,CUST00935,2025-05-05,Electronics,1,2663.14,0.0,0.0,2663.14,2663.14,0,East,Online
100326,CUST01037,2024-12-06,Beauty,3,4996.74,0.05,749.51,14990.22,14240.71,0,North,Online
100327,CUST00485,2025-04-05,Beauty,1,1646.45,0.0,0.0,1646.45,1646.45,0,West,Retail Store
100328,CUST00559,2024-06-06,Electronics,3,4796.93,0.05,719.54,14390.79,-13671.25,1,Central,Retail Store
100329,CUST00195,2025-08-24,Apparel,4,4702.2,0.0,0.0,18808.8,18808.8,0,South,Online
100330,CUST00818,2024-05-18,Beauty,4,4346.62,0.0,0.0,17386.48,17386.48,0,North,Online
100331,CUST00945,2024-10-08,Beauty,3,687.66,0.0,0.0,2062.98,2062.98,0,East,Online
100332,CUST00690,2025-03-22,Home & Kitchen,3,2875.52,0.0,0.0,8626.56,-8626.56,1,South,Online
100333,CUST00320,2024-10-29,Sports,4,4605.53,0.05,921.11,18422.12,17501.01,0,South,Marketplace
100334,CUST01093,2024-10-22,Home & Kitchen,4,998.85,0.0,0.0,3995.4,3995.4,0,Central,Online
100335,CUST00642,2024-12-16,Grocery,3,3652.79,0.0,0.0,10958.37,10958.37,0,North,Online
100336,CUST00034,2025-06-27,Electronics,4,3900.61,0.0,0.0,15602.44,-15602.44,1,Central,Mobile App
100337,CUST00039,2024-11-11,Grocery,4,2999.34,0.0,0.0,11997.36,11997.36,0,Central,Online
100338,CUST01146,2024-08-13,Apparel,1,4810.41,0.05,240.52,4810.41,4569.89,0,South,Online
100339,CUST00286,2025-08-13,Grocery,5,4347.77,0.0,0.0,21738.85,21738.85,0,North,Online
100340,CUST00758,2024-08-26,Home & Kitchen,2,1838.32,0.15,551.5,3676.64,3125.14,0,Central,Retail Store
100341,CUST00657,2024-06-01,Electronics,2,2585.33,0.0,0.0,5170.66,5170.66,0,North,Online
100342,CUST00747,2024-08-26,Home & Kitchen,3,605.58,0.05,90.84,1816.74,1725.9,0,West,Online
100343,CUST01093,2024-05-14,Grocery,4,3125.83,0.0,0.0,12503.32,12503.32,0,Central,Online
100344,CUST00930,2024-08-07,Apparel,2,1278.67,0.1,255.73,2557.34,2301.61,0,East,Online
100345,CUST00514,2024-01-29,Home & Kitchen,1,3001.89,0.0,0.0,3001.89,3001.89,0,South,Online
100346,CUST00834,2025-06-16,Beauty,1,1313.09,0.1,131.31,1313.09,1181.78,0,West,Online
100347,CUST00811,2024-08-13,Electronics,4,4596.45,0.0,0.0,18385.8,18385.8,0,North,Marketplace
100348,CUST01050,2025-02-01,Apparel,5,1781.81,0.15,1336.36,8909.05,7572.69,0,North,Online
100349,CUST00430,2024-09-14,Electronics,5,1024.32,0.0,0.0,5121.6,5121.6,0,North,Marketplace
100350,CUST00199,2024-04-27,Home & Kitchen,4,4423.96,0.1,1769.58,17695.84,15926.26,0,North,Online
100351,CUST01151,2025-01-06,Apparel,1,1606.36,0.0,0.0,1606.36,1606.36,0,South,Online
100352,CUST00338,2024-08-13,Grocery,3,4042.63,0.0,0.0,12127.89,12127.89,0,North,Online
100353,CUST00616,2025-02-07,Home & Kitchen,1,657.41,0.0,0.0,657.41,657.41,0,West,Online
100354,CUST00692,2025-06-05,Grocery,1,2591.42,0.0,0.0,2591.42,2591.42,0,North,Mobile App
100355,CUST00625,2025-04-24,Home & Kitchen,1,3417.32,0.0,0.0,3417.32,3417.32,0,North,Online
100356,CUST01138,2024-07-01,Home & Kitchen,3,3077.15,0.15,1384.72,9231.45,7846.73,0,South,Online
100357,CUST00850,2024-01-11,Home & Kitchen,5,4631.42,0.0,0.0,23157.1,23157.1,0,East,Online
100358,CUST00915,2024-07-15,Grocery,3,2223.75,0.1,667.12,6671.25,6004.13,0,East,Marketplace
100359,CUST00937,2025-10-20,Grocery,1,4886.65,0.0,0.0,4886.65,4886.65,0,West,Retail Store
100360,CUST00615,2024-08-17,Sports,3,1026.71,0.0,0.0,3080.13,3080.13,0,South,Marketplace
100361,CUST00319,2025-10-07,Beauty,2,1198.02,0.0,0.0,2396.04,2396.04,0,Central,Retail Store
100362,CUST00330,2024-09-10,Sports,2,1011.43,0.0,0.0,2022.86,2022.86,0,West,Online
100363,CUST00481,2025-09-07,Apparel,5,4612.65,0.0,0.0,23063.25,23063.25,0,North,Mobile App
100364,CUST00930,2024-05-23,Beauty,5,3324.13,0.0,0.0,16620.65,16620.65,0,East,Online
100365,CUST00016,2024-11-10,Sports,4,1543.48,0.15,926.09,6173.92,5247.83,0,Central,Marketplace
100366,CUST00138,2024-12-20,Grocery,3,687.36,0.0,0.0,2062.08,2062.08,0,West,Online
100367,CUST00141,2025-03-23,Apparel,1,3839.63,0.0,0.0,3839.63,3839.63,0,West,Online
100368,CUST00932,2024-09-05,Home & Kitchen,2,4110.98,0.0,0.0,8221.96,8221.96,0,Central,Marketplace
100369,CUST01145,2024-04-07,Home & Kitchen,2,346.76,0.25,173.38,693.52,520.14,0,West,Online
100370,CUST00095,2024-10-13,Sports,3,556.57,0.1,166.97,1669.71,1502.74,0,Central,Mobile App
100371,CUST00420,2024-01-29,Beauty,2,3460.52,0.0,0.0,6921.04,6921.04,0,North,Online
100372,CUST01193,2025-04-24,Home & Kitchen,3,344.83,0.05,51.72,1034.49,982.77,0,East,Marketplace
100373,CUST00718,2025-06-24,Sports,4,2761.5,0.4,4418.4,11046.0,6627.6,0,West,Retail Store
100374,CUST00964,2024-08-21,Apparel,2,0.0,0.0,0.0,0.0,0.0,0,South,Marketplace
100376,CUST00952,2025-07-25,Apparel,4,4323.56,0.0,0.0,17294.24,17294.24,0,North,Online
100378,CUST00292,2025-02-19,Sports,3,3174.43,0.0,0.0,9523.29,9523.29,0,South,Mobile App
100379,CUST00724,2024-07-13,Electronics,3,4506.46,0.0,0.0,13519.38,13519.38,0,South,Retail Store
100380,CUST00730,2025-04-06,Grocery,1,4901.84,0.0,0.0,4901.84,4901.84,0,South,Mobile App
100381,CUST01005,2024-09-01,Beauty,4,3492.45,0.0,0.0,13969.8,-13969.8,1,West,Marketplace
100382,CUST00460,2024-03-11,Electronics,1,234.46,0.15,35.17,234.46,-199.29,1,West,Online
100383,CUST01128,2024-07-08,Home & Kitchen,3,1822.05,0.0,0.0,5466.15,5466.15,0,North,Marketplace
100384,CUST00592,2025-09-10,Home & Kitchen,1,2453.26,0.0,0.0,2453.26,2453.26,0,East,Online
100385,CUST00545,2025-05-02,Sports,3,3550.62,0.15,1597.78,10651.86,9054.08,0,South,Marketplace
100386,CUST00551,2025-06-09,Home & Kitchen,5,4945.37,0.0,0.0,24726.85,24726.85,0,Central,Online
100387,CUST00312,2024-07-09,Grocery,5,2898.12,0.15,2173.59,14490.6,12317.01,0,West,Online
100388,CUST00412,2025-08-06,Grocery,5,4749.7,0.25,5937.12,23748.5,17811.38,0,North,Retail Store
100389,CUST00443,2024-06-18,Apparel,5,0.0,0.0,0.0,0.0,0.0,0,Central,Online
100390,CUST00518,2024-12-17,Beauty,2,690.48,0.0,0.0,1380.96,1380.96,0,North,Marketplace
100391,CUST00103,2024-12-04,Sports,4,2752.35,0.0,0.0,11009.4,11009.4,0,East,Retail Store
100392,CUST00711,2024-12-01,Home & Kitchen,3,3538.88,0.0,0.0,10616.64,-10616.64,1,North,Mobile App
100393,CUST00851,2025-07-22,Sports,4,2394.33,0.1,957.73,9577.32,8619.59,0,West,Retail Store
100394,CUST01122,2025-10-01,Electronics,5,3582.32,0.05,895.58,17911.6,17016.02,0,East,Online
100395,CUST00110,2024-10-16,Electronics,4,1273.54,0.0,0.0,5094.16,5094.16,0,Central,Mobile App
100396,CUST00460,2024-03-30,Beauty,4,1215.86,0.0,0.0,4863.44,4863.44,0,West,Online
100397,CUST00060,2025-05-10,Electronics,5,4406.83,0.0,0.0,22034.15,22034.15,0,West,Online
100398,CUST00509,2024-02-19,Sports,5,2216.3,0.0,0.0,11081.5,11081.5,0,South,Online
100399,CUST01036,2024-03-28,Grocery,4,3522.1,0.05,704.42,14088.4,13383.98,0,East,Marketplace
100400,CUST00763,2025-03-19,Electronics,3,1566.76,0.25,1175.07,4700.28,3525.21,0,West,Mobile App
100401,CUST00608,2024-09-18,Grocery,3,816.42,0.0,0.0,2449.26,2449.26,0,South,Marketplace
100402,CUST00986,2025-01-31,Home & Kitchen,4,3730.12,0.0,0.0,14920.48,14920.48,0,Central,Mobile App
100403,CUST00990,2025-01-21,Electronics,2,4172.74,0.1,834.55,8345.48,7510.93,0,West,Marketplace
100404,CUST00731,2025-03-08,Electronics,4,535.33,0.0,0.0,2141.32,2141.32,0,South,Online
100405,CUST01015,2025-05-13,Sports,5,1226.53,0.1,613.26,6132.65,5519.39,0,East,Online
100406,CUST01164,2025-07-17,Apparel,3,4182.19,0.0,0.0,12546.57,12546.57,0,West,Online
100407,CUST00420,2024-02-28,Apparel,2,4218.07,0.1,843.61,8436.14,7592.53,0,North,Online
100408,CUST01023,2025-08-13,Electronics,2,3854.83,0.0,0.0,7709.66,7709.66,0,East,Online
100409,CUST00874,2024-12-21,Apparel,2,3663.9,0.0,0.0,7327.8,-7327.8,1,South,Marketplace
100410,CUST00016,2024-12-04,Grocery,5,4205.91,0.0,0.0,21029.55,21029.55,0,Central,Marketplace
100411,CUST00807,2024-11-09,Grocery,5,4209.86,0.0,0.0,21049.3,21049.3,0,South,Online
100412,CUST01075,2024-07-30,Apparel,5,4860.6,0.1,2430.3,24303.0,21872.7,0,West,Retail Store
100415,CUST01157,2024-10-30,Home & Kitchen,1,858.59,0.1,85.86,858.59,772.73,0,South,Online
100416,CUST00112,2025-08-01,Apparel,5,235.35,0.1,117.68,1176.75,1059.07,0,East,Online
100417,CUST00901,2024-02-17,Home & Kitchen,5,1242.08,0.0,0.0,6210.4,6210.4,0,East,Marketplace
100418,CUST00126,2025-04-25,Grocery,1,2392.36,0.0,0.0,2392.36,-2392.36,1,North,Marketplace
100419,CUST00225,2024-12-14,Apparel,3,4654.69,0.15,2094.61,13964.07,11869.46,0,West,Online
100420,CUST01153,2024-07-29,Apparel,3,4784.03,0.25,3588.02,14352.09,10764.07,0,North,Marketplace
100421,CUST00155,2024-10-01,Sports,1,3391.87,0.0,0.0,3391.87,3391.87,0,Central,Retail Store
100422,CUST00433,2025-04-17,Apparel,2,3674.38,0.0,0.0,7348.76,7348.76,0,East,Online
100423,CUST01200,2025-04-08,Electronics,4,3857.05,0.0,0.0,15428.2,-15428.2,1,Central,Online
100424,CUST00814,2024-09-27,Home & Kitchen,5,1222.17,0.0,0.0,6110.85,6110.85,0,North,Retail Store
100425,CUST00051,2024-05-02,Sports,2,0.0,0.0,0.0,0.0,0.0,0,East,Retail Store
100426,CUST00001,2025-05-31,Electronics,5,4469.88,0.05,1117.47,22349.4,21231.93,0,Central,Mobile App
100427,CUST00442,2025-06-10,Electronics,3,1565.06,0.0,0.0,4695.18,4695.18,0,West,Online
100428,CUST00166,2024-08-27,Electronics,3,2902.74,0.0,0.0,8708.22,8708.22,0,North,Retail Store
100429,CUST00448,2024-09-27,Home & Kitchen,2,4466.88,0.0,0.0,8933.76,8933.76,0,East,Marketplace
100430,CUST00186,2025-06-30,Sports,4,275.4,0.0,0.0,1101.6,1101.6,0,North,Marketplace
100431,CUST00157,2025-05-12,Home & Kitchen,1,2958.61,0.0,0.0,2958.61,2958.61,0,South,Marketplace
100432,CUST00832,2025-12-23,Grocery,2,1370.26,0.0,0.0,2740.52,2740.52,0,East,Marketplace
100433,CUST00398,2025-06-10,Electronics,1,2933.0,0.0,0.0,2933.0,2933.0,0,West,Retail Store
100434,CUST00901,2024-08-31,Grocery,5,4421.55,0.0,0.0,22107.75,22107.75,0,East,Marketplace
100435,CUST00552,2025-06-18,Beauty,3,701.82,0.0,0.0,2105.46,2105.46,0,North,Marketplace
100436,CUST00462,2025-02-26,Home & Kitchen,5,2719.86,0.0,0.0,13599.3,13599.3,0,Central,Marketplace
100437,CUST01048,2024-03-07,Apparel,3,3977.29,0.1,1193.19,11931.87,10738.68,0,North,Retail Store
100439,CUST00600,2025-07-07,Grocery,5,4104.06,0.05,1026.02,20520.3,19494.28,0,Central,Retail Store
100440,CUST00931,2024-06-26,Home & Kitchen,1,3511.36,0.0,0.0,3511.36,3511.36,0,Central,Online
100441,CUST00235,2025-11-28,Electronics,3,1209.9,0.0,0.0,3629.7,3629.7,0,Central,Mobile App
100442,CUST00529,2025-06-12,Beauty,3,3772.98,0.0,0.0,11318.94,-11318.94,1,South,Online
100443,CUST00637,2024-10-03,Sports,4,3220.04,0.0,0.0,12880.16,12880.16,0,North,Online
100444,CUST01041,2024-08-09,Sports,3,4310.97,0.0,0.0,12932.91,-12932.91,1,West,Marketplace
100445,CUST00844,2024-12-03,Sports,3,0.0,0.05,0.0,0.0,0.0,0,North,Marketplace
100446,CUST00691,2024-10-06,Sports,1,695.36,0.1,69.54,695.36,625.82,0,South,Marketplace
100447,CUST00011,2025-09-21,Apparel,5,1593.37,0.0,0.0,7966.85,7966.85,0,West,Retail Store
100448,CUST00779,2025-04-21,Electronics,3,2062.91,0.0,0.0,6188.73,6188.73,0,Central,Online
100449,CUST00525,2025-07-21,Electronics,3,4049.82,0.0,0.0,12149.46,12149.46,0,West,Online
100450,CUST00719,2025-02-10,Grocery,2,1519.02,0.0,0.0,3038.04,-3038.04,1,South,Marketplace
100451,CUST00255,2025-08-08,Electronics,2,2882.29,0.0,0.0,5764.58,5764.58,0,South,Marketplace
100452,CUST00517,2024-06-02,Beauty,2,4521.32,0.1,904.26,9042.64,8138.38,0,West,Online
100453,CUST00795,2024-12-14,Electronics,4,509.19,0.15,305.51,2036.76,1731.25,0,West,Mobile App
100454,CUST00782,2024-11-15,Electronics,4,1494.41,0.0,0.0,5977.64,5977.64,0,South,Marketplace
100455,CUST00926,2024-09-20,Home & Kitchen,3,3275.63,0.0,0.0,9826.89,9826.89,0,South,Marketplace
100456,CUST00612,2024-04-18,Apparel,2,2936.59,0.0,0.0,5873.18,5873.18,0,South,Online
100457,CUST00570,2024-07-09,Apparel,5,4008.9,0.0,0.0,20044.5,20044.5,0,East,Retail Store
100458,CUST00571,2024-09-17,Apparel,1,2664.95,0.1,266.5,2664.95,2398.45,0,Central,Marketplace
100459,CUST01062,2024-06-23,Sports,4,1504.61,0.0,0.0,6018.44,6018.44,0,Central,Marketplace
100460,CUST00011,2025-10-10,Grocery,4,2413.34,0.0,0.0,9653.36,9653.36,0,West,Retail Store
100461,CUST00365,2025-08-17,Beauty,2,984.97,0.0,0.0,1969.94,1969.94,0,Central,Online
100462,CUST00322,2025-04-28,Grocery,4,1678.65,0.1,671.46,6714.6,6043.14,0,North,Retail Store
100464,CUST00859,2024-09-18,Grocery,3,4878.81,0.0,0.0,14636.43,14636.43,0,Central,Mobile App
100465,CUST00999,2025-09-02,Home & Kitchen,3,3517.76,0.1,1055.33,10553.28,9497.95,0,South,Online
100466,CUST00858,2024-09-19,Beauty,5,2567.09,0.0,0.0,12835.45,12835.45,0,Central,Online
100467,CUST00415,2025-04-10,Electronics,5,1639.91,0.0,0.0,8199.55,8199.55,0,North,Online
100468,CUST00956,2024-11-10,Apparel,1,3453.21,0.1,345.32,3453.21,3107.89,0,East,Online
100469,CUST00115,2024-12-24,Home & Kitchen,3,3509.36,0.0,0.0,10528.08,10528.08,0,North,Mobile App
100470,CUST00034,2025-08-29,Sports,2,1882.56,0.0,0.0,3765.12,3765.12,0,Central,Mobile App
100471,CUST00687,2025-01-01,Beauty,2,2988.74,0.0,0.0,5977.48,5977.48,0,East,Online
100472,CUST00695,2025-03-25,Home & Kitchen,3,2282.82,0.0,0.0,6848.46,6848.46,0,Central,Online
100473,CUST00929,2025-03-16,Electronics,5,1686.02,0.1,843.01,8430.1,7587.09,0,Central,Marketplace
100474,CUST00421,2025-04-14,Sports,3,1843.48,0.0,0.0,5530.44,5530.44,0,East,Marketplace
100475,CUST01101,2025-05-13,Sports,2,2946.43,0.0,0.0,5892.86,5892.86,0,South,Mobile App
100476,CUST00444,2025-04-28,Grocery,5,1316.6,0.0,0.0,6583.0,6583.0,0,North,Marketplace
100477,CUST00638,2024-10-01,Beauty,2,3694.56,0.0,0.0,7389.12,7389.12,0,North,Online
100478,CUST00285,2025-03-06,Grocery,5,3473.9,0.0,0.0,17369.5,17369.5,0,Central,Online
100479,CUST00209,2025-09-14,Grocery,5,1607.48,0.15,1205.61,8037.4,6831.79,0,South,Online
100480,CUST00202,2025-07-25,Grocery,2,3067.39,0.25,1533.7,6134.78,4601.08,0,East,Online
100481,CUST00381,2024-09-25,Home & Kitchen,3,3733.23,0.0,0.0,11199.69,11199.69,0,South,Mobile App
100482,CUST00032,2025-06-04,Electronics,1,2689.84,0.1,268.98,2689.84,2420.86,0,South,Mobile App
100483,CUST00686,2025-01-27,Beauty,5,4755.85,0.0,0.0,23779.25,23779.25,0,South,Online
100484,CUST00472,2024-11-12,Electronics,3,2497.38,0.0,0.0,7492.14,7492.14,0,South,Online
100485,CUST00752,2024-04-05,Apparel,3,2928.94,0.0,0.0,8786.82,8786.82,0,West,Mobile App
100486,CUST00657,2024-06-27,Apparel,3,4639.68,0.15,2087.86,13919.04,11831.18,0,North,Online
100487,CUST01156,2025-08-05,Sports,1,3571.3,0.0,0.0,3571.3,3571.3,0,Central,Retail Store
100488,CUST01036,2024-02-10,Electronics,5,2071.7,0.0,0.0,10358.5,10358.5,0,East,Marketplace
100489,CUST00920,2024-04-09,Sports,4,3881.9,0.0,0.0,15527.6,15527.6,0,South,Retail Store
100490,CUST01014,2024-03-20,Home & Kitchen,4,3528.59,0.15,2117.15,14114.36,11997.21,0,West,Online
100491,CUST00778,2025-08-03,Electronics,4,4689.54,0.05,937.91,18758.16,17820.25,0,South,Online
100492,CUST00655,2025-04-27,Apparel,1,496.28,0.0,0.0,496.28,496.28,0,South,Marketplace
100493,CUST00657,2024-09-14,Apparel,5,1876.35,0.0,0.0,9381.75,9381.75,0,North,Online
100494,CUST00973,2025-03-06,Sports,5,3652.43,0.05,913.11,18262.15,17349.04,0,East,Retail Store
100495,CUST00176,2024-12-20,Electronics,5,3062.67,0.0,0.0,15313.35,15313.35,0,West,Retail Store
100496,CUST00397,2025-03-26,Sports,4,1704.28,0.0,0.0,6817.12,6817.12,0,North,Marketplace
100497,CUST00516,2025-03-31,Apparel,2,4582.43,0.0,0.0,9164.86,9164.86,0,West,Online
100499,CUST01068,2024-03-07,Sports,3,3039.95,0.0,0.0,9119.85,9119.85,0,West,Marketplace
100500,CUST00658,2024-08-14,Apparel,2,1919.06,0.15,575.72,3838.12,3262.4,0,North,Marketplace
100501,CUST01005,2025-04-22,Home & Kitchen,4,456.71,0.0,0.0,1826.84,1826.84,0,West,Marketplace
100502,CUST00591,2025-04-09,Home & Kitchen,1,3004.42,0.05,150.22,3004.42,2854.2,0,North,Marketplace
100503,CUST01178,2025-08-12,Grocery,2,3490.38,0.0,0.0,6980.76,-6980.76,1,West,Retail Store
100504,CUST00787,2025-08-24,Beauty,2,1249.08,0.0,0.0,2498.16,2498.16,0,East,Online
100505,CUST00165,2024-09-08,Apparel,1,3347.61,0.0,0.0,3347.61,-3347.61,1,Central,Retail Store
100506,CUST00791,2025-07-11,Grocery,4,505.48,0.15,303.29,2021.92,1718.63,0,Central,Marketplace
100507,CUST00026,2024-04-12,Apparel,2,230.56,0.1,46.11,461.12,415.01,0,East,Online
100508,CUST00242,2025-06-12,Beauty,3,4051.98,0.0,0.0,12155.94,12155.94,0,North,Retail Store
100510,CUST00260,2025-02-18,Home & Kitchen,2,2117.98,0.0,0.0,4235.96,4235.96,0,West,Retail Store
100511,CUST00971,2024-09-21,Home & Kitchen,4,4831.85,0.0,0.0,19327.4,19327.4,0,North,Online
100512,CUST00806,2024-10-03,Apparel,5,4157.17,0.05,1039.29,20785.85,19746.56,0,Central,Retail Store
100513,CUST01173,2025-03-16,Sports,1,753.25,0.0,0.0,753.25,753.25,0,South,Online
100514,CUST00381,2024-06-10,Sports,5,3519.63,0.1,1759.82,17598.15,15838.33,0,South,Mobile App
100515,CUST00313,2024-11-24,Sports,2,2953.44,0.0,0.0,5906.88,5906.88,0,West,Online
100516,CUST00433,2024-08-17,Beauty,5,3761.24,0.25,4701.55,18806.2,14104.65,0,East,Online
100518,CUST00369,2025-02-20,Sports,2,1962.36,0.0,0.0,3924.72,3924.72,0,South,Online
100519,CUST00002,2025-06-17,Electronics,1,1610.94,0.05,80.55,1610.94,1530.39,0,East,Online
100520,CUST00889,2024-10-01,Home & Kitchen,3,978.22,0.0,0.0,2934.66,2934.66,0,South,Mobile App
100521,CUST00357,2024-12-09,Sports,2,2008.57,0.0,0.0,4017.14,4017.14,0,East,Online
100522,CUST00547,2024-07-12,Beauty,4,2001.54,0.1,800.62,8006.16,7205.54,0,West,Marketplace
100523,CUST00571,2024-12-21,Sports,5,3330.19,0.0,0.0,16650.95,16650.95,0,Central,Marketplace
100524,CUST01171,2024-06-06,Beauty,1,650.73,0.0,0.0,650.73,650.73,0,Central,Retail Store
100525,CUST00884,2025-07-18,Electronics,4,1913.57,0.05,382.71,7654.28,7271.57,0,West,Online
100526,CUST00489,2025-05-27,Beauty,5,4429.94,0.0,0.0,22149.7,22149.7,0,South,Retail Store
100527,CUST01056,2024-06-16,Beauty,4,2165.43,0.0,0.0,8661.72,8661.72,0,South,Marketplace
100528,CUST00610,2024-11-30,Apparel,3,667.05,0.0,0.0,2001.15,2001.15,0,South,Retail Store
100529,CUST00442,2024-07-22,Grocery,1,3542.57,0.1,354.26,3542.57,3188.31,0,West,Online
100530,CUST00041,2025-03-22,Apparel,3,4329.7,0.0,0.0,12989.1,12989.1,0,South,Online
100531,CUST00320,2024-04-28,Sports,3,1971.04,0.05,295.66,5913.12,5617.46,0,South,Marketplace
100532,CUST00268,2024-06-29,Sports,5,2983.33,0.05,745.83,14916.65,14170.82,0,West,Retail Store
100533,CUST00104,2025-07-06,Beauty,5,4474.44,0.1,2237.22,22372.2,-20134.98,1,East,Online
100534,CUST00858,2024-11-06,Sports,2,3395.22,0.0,0.0,6790.44,6790.44,0,Central,Online
100535,CUST00734,2025-10-09,Sports,1,3947.19,0.05,197.36,3947.19,3749.83,0,East,Online
100536,CUST00984,2024-05-22,Grocery,5,2015.4,0.05,503.85,10077.0,9573.15,0,South,Retail Store
100537,CUST00619,2025-03-23,Apparel,5,2537.32,0.0,0.0,12686.6,12686.6,0,West,Online
100539,CUST00017,2025-02-15,Home & Kitchen,2,4081.67,0.0,0.0,8163.34,8163.34,0,East,Mobile App
100540,CUST01019,2024-08-07,Beauty,5,3040.51,0.0,0.0,15202.55,15202.55,0,North,Retail Store
100541,CUST00734,2025-06-29,Electronics,3,4286.21,0.0,0.0,12858.63,12858.63,0,East,Online
100542,CUST00812,2025-04-20,Grocery,4,2026.64,0.0,0.0,8106.56,-8106.56,1,North,Online
100543,CUST00263,2025-09-20,Apparel,4,2260.41,0.0,0.0,9041.64,9041.64,0,West,Marketplace
100544,CUST00260,2025-01-20,Electronics,4,3484.43,0.0,0.0,13937.72,13937.72,0,West,Retail Store
100545,CUST00505,2025-06-17,Sports,4,2288.64,0.0,0.0,9154.56,9154.56,0,South,Marketplace
100546,CUST00602,2024-09-08,Home & Kitchen,1,4359.5,0.0,0.0,4359.5,-4359.5,1,East,Online
100547,CUST00171,2025-05-26,Electronics,4,4568.58,0.0,0.0,18274.32,18274.32,0,East,Retail Store
100548,CUST00575,2024-12-19,Home & Kitchen,4,4906.99,0.05,981.4,19627.96,18646.56,0,Central,Online
100549,CUST00693,2024-03-23,Beauty,5,3638.78,0.0,0.0,18193.9,18193.9,0,South,Marketplace
100550,CUST00584,2025-07-21,Home & Kitchen,5,2106.1,0.0,0.0,10530.5,10530.5,0,Central,Marketplace
100551,CUST00680,2024-07-28,Sports,2,573.77,0.0,0.0,1147.54,1147.54,0,West,Online
100552,CUST00651,2024-09-25,Grocery,1,4114.94,0.0,0.0,4114.94,4114.94,0,Central,Online
100553,CUST00826,2025-04-16,Grocery,2,1106.63,0.0,0.0,2213.26,2213.26,0,South,Marketplace
100554,CUST00072,2025-04-04,Home & Kitchen,3,540.21,0.0,0.0,1620.63,1620.63,0,South,Online
100555,CUST00368,2024-09-30,Apparel,2,651.13,0.0,0.0,1302.26,-1302.26,1,East,Retail Store
100556,CUST00879,2024-12-18,Sports,1,4779.45,0.0,0.0,4779.45,4779.45,0,West,Retail Store
100557,CUST00051,2024-02-09,Beauty,2,2434.05,0.0,0.0,4868.1,4868.1,0,East,Retail Store
100558,CUST00191,2024-06-28,Beauty,4,4610.85,0.1,1844.34,18443.4,-16599.06,1,South,Online
100559,CUST00325,2024-07-04,Beauty,2,961.85,0.0,0.0,1923.7,1923.7,0,West,Mobile App
100560,CUST00782,2024-08-21,Beauty,3,3024.23,0.0,0.0,9072.69,9072.69,0,South,Marketplace
100561,CUST00871,2024-10-08,Sports,4,3064.81,0.0,0.0,12259.24,12259.24,0,North,Online
100562,CUST00741,2025-08-22,Sports,4,218.8,0.0,0.0,875.2,875.2,0,Central,Marketplace
100563,CUST00054,2025-06-23,Grocery,2,2375.87,0.1,475.17,4751.74,4276.57,0,South,Retail Store
100564,CUST00594,2024-07-13,Home & Kitchen,5,3071.48,0.0,0.0,15357.4,15357.4,0,West,Online
100565,CUST00599,2024-04-20,Beauty,5,1228.63,0.0,0.0,6143.15,6143.15,0,West,Online
100566,CUST01139,2025-06-03,Apparel,2,1134.89,0.0,0.0,2269.78,2269.78,0,North,Online
100567,CUST00854,2024-07-12,Sports,3,1130.36,0.05,169.55,3391.08,3221.53,0,West,Marketplace
100568,CUST00667,2025-06-18,Home & Kitchen,4,3151.55,0.0,0.0,12606.2,12606.2,0,East,Marketplace
100569,CUST00722,2025-05-24,Grocery,3,3998.31,0.1,1199.49,11994.93,10795.44,0,Central,Marketplace
100570,CUST00906,2024-08-09,Apparel,4,3995.07,0.0,0.0,15980.28,15980.28,0,North,Online
100571,CUST00866,2025-01-29,Sports,3,4040.65,0.0,0.0,12121.95,12121.95,0,South,Marketplace
100572,CUST00815,2025-05-17,Beauty,4,295.14,0.1,118.06,1180.56,1062.5,0,South,Online
100573,CUST00093,2024-08-02,Home & Kitchen,1,3307.18,0.0,0.0,3307.18,3307.18,0,North,Online
100574,CUST00652,2025-12-28,Home & Kitchen,4,4493.19,0.0,0.0,17972.76,17972.76,0,South,Online
100575,CUST01179,2025-05-13,Apparel,5,1002.42,0.05,250.6,5012.1,4761.5,0,East,Marketplace
100576,CUST00826,2025-03-23,Sports,5,4068.86,0.05,1017.22,20344.3,19327.08,0,South,Marketplace
100577,CUST00443,2025-12-03,Sports,5,2086.92,0.05,521.73,10434.6,9912.87,0,Central,Online
100578,CUST01022,2025-05-14,Sports,4,3963.33,0.0,0.0,15853.32,15853.32,0,North,Marketplace
100579,CUST00553,2025-06-25,Apparel,4,4535.55,0.0,0.0,18142.2,18142.2,0,East,Retail Store
100580,CUST00828,2025-02-26,Home & Kitchen,1,350.43,0.0,0.0,350.43,350.43,0,North,Online
100581,CUST00843,2024-11-16,Sports,4,2254.06,0.0,0.0,9016.24,9016.24,0,East,Retail Store
100582,CUST00813,2024-09-27,Home & Kitchen,4,4715.81,0.0,0.0,18863.24,18863.24,0,North,Online
100583,CUST00467,2025-10-10,Home & Kitchen,4,2040.1,0.1,816.04,8160.4,7344.36,0,South,Online
100584,CUST00922,2025-05-20,Apparel,1,482.09,0.0,0.0,482.09,482.09,0,Central,Online
100585,CUST00890,2025-05-04,Grocery,1,700.49,0.0,0.0,700.49,700.49,0,North,Online
100586,CUST00374,2024-04-04,Grocery,2,2274.11,0.4,1819.29,4548.22,2728.93,0,East,Retail Store
100587,CUST00509,2024-02-07,Grocery,2,3265.57,0.15,979.67,6531.14,5551.47,0,South,Online
100588,CUST00057,2024-06-05,Home & Kitchen,5,1382.11,0.1,691.06,6910.55,6219.49,0,Central,Online
100589,CUST00256,2025-08-14,Home & Kitchen,2,4853.38,0.15,1456.01,9706.76,8250.75,0,Central,Marketplace
100590,CUST00285,2025-03-06,Sports,5,4154.01,0.0,0.0,20770.05,20770.05,0,Central,Online
100591,CUST00095,2024-06-28,Apparel,2,3097.59,0.05,309.76,6195.18,5885.42,0,Central,Mobile App
100592,CUST00959,2024-05-27,Apparel,3,2321.75,0.05,348.26,6965.25,6616.99,0,Central,Online
100593,CUST00271,2024-10-29,Home & Kitchen,5,4366.28,0.1,2183.14,21831.4,19648.26,0,South,Online
100594,CUST00948,2024-04-03,Apparel,5,4848.11,0.0,0.0,24240.55,24240.55,0,East,Online
100595,CUST00169,2025-09-15,Apparel,4,3112.13,0.25,3112.13,12448.52,-9336.39,1,North,Online
100596,CUST01124,2024-12-17,Grocery,5,1465.5,0.0,0.0,7327.5,7327.5,0,Central,Online
100597,CUST01152,2025-01-03,Electronics,3,877.49,0.0,0.0,2632.47,2632.47,0,South,Retail Store
100598,CUST00343,2024-09-21,Home & Kitchen,1,826.36,0.0,0.0,826.36,826.36,0,East,Online
100599,CUST00595,2025-11-11,Home & Kitchen,4,2603.53,0.25,2603.53,10414.12,7810.59,0,Central,Online
100600,CUST01139,2025-02-05,Apparel,3,1435.85,0.05,215.38,4307.55,-4092.17,1,North,Online
100601,CUST01063,2025-02-21,Beauty,5,659.42,0.0,0.0,3297.1,3297.1,0,West,Online
100602,CUST00316,2024-06-22,Home & Kitchen,1,3967.32,0.1,396.73,3967.32,3570.59,0,South,Online
100603,CUST00628,2025-06-20,Beauty,1,906.62,0.05,45.33,906.62,861.29,0,West,Marketplace
100604,CUST00404,2025-06-20,Home & Kitchen,2,4866.13,0.15,1459.84,9732.26,8272.42,0,East,Retail Store
100605,CUST00691,2024-06-28,Beauty,5,2456.88,0.0,0.0,12284.4,12284.4,0,South,Marketplace
100606,CUST00020,2025-03-08,Beauty,2,4026.33,0.0,0.0,8052.66,8052.66,0,Central,Online
100607,CUST00703,2025-04-07,Home & Kitchen,2,3021.0,0.0,0.0,6042.0,-6042.0,1,North,Online
100608,CUST00534,2024-01-14,Electronics,4,4480.27,0.0,0.0,17921.08,17921.08,0,North,Online
100609,CUST00438,2025-02-24,Home & Kitchen,2,4695.8,0.0,0.0,9391.6,9391.6,0,West,Online
100610,CUST01133,2025-03-31,Apparel,5,3643.65,0.05,910.91,18218.25,17307.34,0,North,Online
100612,CUST00828,2025-04-15,Apparel,1,1066.25,0.15,159.94,1066.25,906.31,0,North,Online
100613,CUST01076,2025-08-14,Home & Kitchen,2,3186.31,0.0,0.0,6372.62,6372.62,0,North,Mobile App
100614,CUST00597,2025-09-27,Apparel,5,3568.78,0.1,1784.39,17843.9,16059.51,0,West,Online
100615,CUST00974,2024-08-28,Beauty,4,1601.6,0.25,1601.6,6406.4,4804.8,0,East,Retail Store
100616,CUST00519,2024-07-24,Apparel,4,264.02,0.25,264.02,1056.08,792.06,0,West,Online
100617,CUST00652,2025-07-13,Beauty,4,3776.89,0.0,0.0,15107.56,15107.56,0,South,Online
100618,CUST00756,2025-01-12,Electronics,1,322.93,0.0,0.0,322.93,322.93,0,West,Marketplace
100619,CUST00363,2024-11-04,Home & Kitchen,1,448.93,0.0,0.0,448.93,448.93,0,South,Online
100620,CUST00095,2024-12-21,Beauty,3,1752.87,0.0,0.0,5258.61,5258.61,0,Central,Mobile App
100621,CUST00646,2024-03-03,Home & Kitchen,1,3205.99,0.0,0.0,3205.99,-3205.99,1,South,Mobile App
100623,CUST01184,2025-08-14,Grocery,2,3216.71,0.0,0.0,6433.42,6433.42,0,South,Marketplace
100624,CUST00733,2024-08-17,Beauty,3,0.0,0.0,0.0,0.0,0.0,0,South,Online
100625,CUST00816,2025-02-15,Beauty,3,915.5,0.0,0.0,2746.5,2746.5,0,West,Mobile App
100626,CUST01019,2025-05-15,Sports,5,2568.78,0.1,1284.39,12843.9,11559.51,0,North,Retail Store
100627,CUST00277,2025-02-24,Home & Kitchen,3,1301.04,0.0,0.0,3903.12,-3903.12,1,East,Retail Store
100628,CUST00237,2024-10-27,Electronics,2,1051.65,0.0,0.0,2103.3,2103.3,0,West,Online
100629,CUST01163,2024-01-21,Beauty,2,4148.35,0.0,0.0,8296.7,8296.7,0,Central,Online
100630,CUST00534,2024-01-15,Electronics,5,4475.43,0.0,0.0,22377.15,-22377.15,1,North,Online
100631,CUST00669,2024-02-29,Sports,1,1378.56,0.15,206.78,1378.56,1171.78,0,Central,Online
100632,CUST00999,2025-05-06,Electronics,4,297.34,0.0,0.0,1189.36,1189.36,0,South,Online
100633,CUST00292,2025-04-03,Electronics,4,4493.76,0.05,898.75,17975.04,17076.29,0,South,Mobile App
100634,CUST00501,2024-11-27,Beauty,1,1908.28,0.0,0.0,1908.28,1908.28,0,South,Marketplace
100635,CUST00355,2025-03-17,Grocery,1,2436.2,0.1,243.62,2436.2,2192.58,0,Central,Online
100636,CUST01035,2024-04-13,Apparel,3,3071.52,0.0,0.0,9214.56,-9214.56,1,West,Retail Store
100637,CUST00435,2024-02-11,Sports,4,4799.75,0.0,0.0,19199.0,19199.0,0,North,Online
100639,CUST01145,2024-05-12,Grocery,1,4932.43,0.0,0.0,4932.43,4932.43,0,West,Online
100640,CUST01013,2024-05-19,Home & Kitchen,1,3512.05,0.0,0.0,3512.05,3512.05,0,Central,Online
100641,CUST00292,2025-06-08,Electronics,3,2944.77,0.25,2208.58,8834.31,6625.73,0,South,Mobile App
100642,CUST00075,2024-08-05,Sports,1,2954.43,0.0,0.0,2954.43,2954.43,0,West,Mobile App
100643,CUST01001,2025-01-26,Home & Kitchen,3,4569.66,0.25,3427.24,13708.98,10281.74,0,West,Mobile App
100644,CUST00919,2025-07-16,Home & Kitchen,3,207.18,0.0,0.0,621.54,621.54,0,Central,Online
100645,CUST00039,2024-12-26,Apparel,2,3661.25,0.0,0.0,7322.5,7322.5,0,Central,Online
100646,CUST00607,2025-09-03,Electronics,3,4202.22,0.0,0.0,12606.66,12606.66,0,Central,Online
100648,CUST01038,2024-09-11,Beauty,3,3832.92,0.05,574.94,11498.76,10923.82,0,South,Mobile App
100650,CUST00847,2025-02-23,Beauty,2,2646.86,0.1,529.37,5293.72,4764.35,0,Central,Retail Store
100651,CUST00849,2024-06-30,Beauty,4,4214.0,0.0,0.0,16856.0,-16856.0,1,West,Online
100652,CUST01088,2024-04-29,Beauty,2,3053.76,0.15,916.13,6107.52,5191.39,0,East,Marketplace
100653,CUST00252,2024-08-19,Grocery,1,281.75,0.0,0.0,281.75,281.75,0,West,Online
100654,CUST00468,2024-07-22,Electronics,4,2427.43,0.0,0.0,9709.72,9709.72,0,Central,Online
100655,CUST00397,2025-02-24,Beauty,4,2868.84,0.0,0.0,11475.36,11475.36,0,North,Marketplace
100656,CUST00907,2024-05-14,Sports,5,2756.45,0.0,0.0,13782.25,13782.25,0,West,Online
100657,CUST00299,2025-03-13,Grocery,3,1357.97,0.0,0.0,4073.91,4073.91,0,North,Marketplace
100658,CUST00127,2025-10-04,Beauty,3,1256.58,0.0,0.0,3769.74,3769.74,0,West,Online
100659,CUST00344,2025-02-09,Beauty,5,548.96,0.0,0.0,2744.8,2744.8,0,Central,Mobile App
100660,CUST00842,2025-04-23,Home & Kitchen,1,3589.12,0.0,0.0,3589.12,3589.12,0,East,Online
100661,CUST00309,2024-08-22,Grocery,1,396.75,0.0,0.0,396.75,396.75,0,Central,Retail Store
100662,CUST00828,2025-02-12,Sports,4,4442.73,0.0,0.0,17770.92,17770.92,0,North,Online
100663,CUST01019,2025-04-12,Home & Kitchen,3,0.0,0.0,0.0,0.0,0.0,0,North,Retail Store
100664,CUST00112,2025-07-10,Apparel,1,1012.87,0.0,0.0,1012.87,1012.87,0,East,Online
100665,CUST01010,2024-08-05,Electronics,5,3998.86,0.0,0.0,19994.3,19994.3,0,Central,Online
100666,CUST01149,2024-10-18,Home & Kitchen,2,1911.37,0.0,0.0,3822.74,3822.74,0,North,Retail Store
100667,CUST00219,2024-07-17,Beauty,5,2891.18,0.0,0.0,14455.9,14455.9,0,North,Online
100668,CUST00275,2025-06-30,Beauty,3,904.67,0.0,0.0,2714.01,2714.01,0,West,Online
100669,CUST00954,2025-03-17,Grocery,5,1701.05,0.0,0.0,8505.25,8505.25,0,Central,Marketplace
100670,CUST01180,2024-10-12,Electronics,2,4931.15,0.0,0.0,9862.3,-9862.3,1,Central,Online
100671,CUST00198,2024-07-17,Sports,1,650.24,0.0,0.0,650.24,650.24,0,West,Retail Store
100672,CUST01023,2025-06-17,Beauty,4,4897.68,0.0,0.0,19590.72,19590.72,0,East,Online
100673,CUST00150,2025-07-23,Electronics,3,1417.25,0.05,212.59,4251.75,4039.16,0,West,Marketplace
100674,CUST00253,2025-07-03,Sports,3,1364.24,0.0,0.0,4092.72,-4092.72,1,North,Online
100675,CUST00494,2024-12-14,Beauty,5,248.61,0.0,0.0,1243.05,1243.05,0,East,Retail Store
100676,CUST00768,2024-03-29,Home & Kitchen,5,4073.58,0.0,0.0,20367.9,20367.9,0,East,Online
100677,CUST01034,2024-05-07,Home & Kitchen,5,743.94,0.0,0.0,3719.7,3719.7,0,East,Marketplace
100678,CUST01008,2025-09-23,Home & Kitchen,5,3594.55,0.1,1797.28,17972.75,16175.47,0,North,Online
100680,CUST01112,2025-09-16,Beauty,4,3533.79,0.0,0.0,14135.16,-14135.16,1,Central,Online
100681,CUST00763,2025-11-16,Beauty,1,1386.88,0.0,0.0,1386.88,-1386.88,1,West,Mobile App
100682,CUST00119,2025-04-13,Apparel,1,2903.58,0.0,0.0,2903.58,-2903.58,1,North,Mobile App
100683,CUST00399,2025-05-16,Apparel,5,2948.28,0.0,0.0,14741.4,14741.4,0,East,Online
100684,CUST00561,2025-03-29,Grocery,1,521.67,0.15,78.25,521.67,443.42,0,West,Online
100685,CUST00254,2024-05-30,Apparel,3,901.1,0.0,0.0,2703.3,2703.3,0,Central,Mobile App
100686,CUST00101,2025-04-15,Home & Kitchen,5,1761.56,0.0,0.0,8807.8,8807.8,0,South,Mobile App
100687,CUST01057,2025-05-05,Electronics,2,922.54,0.0,0.0,1845.08,1845.08,0,East,Marketplace
100688,CUST01061,2025-05-22,Apparel,5,1938.86,0.0,0.0,9694.3,9694.3,0,Central,Online
100689,CUST00919,2025-01-12,Sports,2,415.96,0.0,0.0,831.92,-831.92,1,Central,Online
100690,CUST00816,2024-08-21,Sports,3,4176.55,0.0,0.0,12529.65,12529.65,0,West,Mobile App
100691,CUST00535,2024-06-02,Grocery,2,2405.1,0.05,240.51,4810.2,4569.69,0,South,Mobile App
100692,CUST00769,2025-06-04,Apparel,5,2799.22,0.0,0.0,13996.1,13996.1,0,Central,Online
100693,CUST00686,2024-10-09,Electronics,1,4884.78,0.0,0.0,4884.78,4884.78,0,South,Online
100694,CUST00207,2024-07-24,Sports,5,2149.85,0.0,0.0,10749.25,10749.25,0,South,Online
100695,CUST00535,2024-05-06,Beauty,4,3212.98,0.0,0.0,12851.92,12851.92,0,South,Mobile App
100696,CUST00677,2025-09-13,Apparel,5,1247.93,0.0,0.0,6239.65,6239.65,0,East,Online
100697,CUST00481,2025-11-14,Sports,3,2523.97,0.0,0.0,7571.91,7571.91,0,North,Mobile App
100698,CUST01110,2024-09-14,Sports,5,3765.64,0.0,0.0,18828.2,18828.2,0,East,Retail Store
100699,CUST00832,2024-09-01,Home & Kitchen,2,2350.89,0.0,0.0,4701.78,4701.78,0,East,Marketplace
100700,CUST01094,2025-06-25,Electronics,2,1861.98,0.0,0.0,3723.96,3723.96,0,West,Retail Store
100701,CUST00438,2024-12-21,Sports,4,4986.14,0.0,0.0,19944.56,19944.56,0,West,Online
100702,CUST00971,2024-12-20,Grocery,4,1872.75,0.1,749.1,7491.0,6741.9,0,North,Online
100703,CUST00298,2025-01-26,Sports,4,1421.18,0.0,0.0,5684.72,5684.72,0,Central,Marketplace
100705,CUST00057,2024-11-08,Electronics,1,2955.14,0.0,0.0,2955.14,2955.14,0,Central,Online
100706,CUST01085,2024-12-16,Home & Kitchen,1,1867.35,0.0,0.0,1867.35,1867.35,0,West,Online
100707,CUST00164,2024-10-04,Sports,4,4929.55,0.0,0.0,19718.2,19718.2,0,East,Marketplace
100708,CUST00402,2024-03-23,Home & Kitchen,2,3739.87,0.0,0.0,7479.74,7479.74,0,North,Marketplace
100709,CUST00080,2024-07-04,Grocery,1,983.89,0.0,0.0,983.89,983.89,0,Central,Marketplace
100710,CUST00420,2024-04-20,Electronics,4,1259.6,0.15,755.76,5038.4,4282.64,0,North,Online
100711,CUST00678,2025-06-24,Beauty,1,1950.63,0.0,0.0,1950.63,1950.63,0,South,Retail Store
100712,CUST01168,2024-10-23,Sports,5,2150.35,0.0,0.0,10751.75,10751.75,0,East,Online
100713,CUST00662,2025-10-27,Apparel,2,4457.15,0.05,445.72,8914.3,-8468.58,1,West,Online
100714,CUST00158,2025-03-16,Electronics,1,1619.65,0.0,0.0,1619.65,-1619.65,1,East,Retail Store
100715,CUST00445,2024-08-02,Grocery,5,3521.07,0.15,2640.8,17605.35,14964.55,0,North,Marketplace
100716,CUST00779,2025-05-08,Electronics,4,4136.14,0.0,0.0,16544.56,16544.56,0,Central,Online
100717,CUST00861,2024-04-09,Beauty,5,3391.69,0.0,0.0,16958.45,16958.45,0,West,Marketplace
100718,CUST00830,2024-10-02,Beauty,2,3587.75,0.0,0.0,7175.5,7175.5,0,West,Online
100720,CUST00831,2024-08-24,Apparel,1,2919.19,0.25,729.8,2919.19,2189.39,0,Central,Marketplace
100721,CUST00440,2025-09-02,Electronics,1,858.91,0.05,42.95,858.91,815.96,0,Central,Marketplace
100722,CUST00332,2024-11-19,Grocery,1,2172.75,0.25,543.19,2172.75,-1629.56,1,North,Marketplace
100723,CUST00283,2025-11-23,Home & Kitchen,1,719.0,0.0,0.0,719.0,719.0,0,Central,Online
100724,CUST01149,2024-10-19,Beauty,5,1229.33,0.0,0.0,6146.65,6146.65,0,North,Retail Store
100725,CUST00019,2025-03-17,Apparel,4,2801.67,0.1,1120.67,11206.68,10086.01,0,North,Mobile App
100726,CUST01045,2024-04-24,Home & Kitchen,2,2471.75,0.0,0.0,4943.5,4943.5,0,East,Retail Store
100727,CUST00498,2025-02-28,Apparel,1,2967.16,0.1,296.72,2967.16,2670.44,0,South,Online
100728,CUST01097,2025-02-16,Beauty,5,3243.54,0.0,0.0,16217.7,16217.7,0,West,Online
100729,CUST00444,2025-09-25,Home & Kitchen,3,0.0,0.0,0.0,0.0,0.0,0,North,Marketplace
100730,CUST00892,2024-06-20,Beauty,4,1566.63,0.0,0.0,6266.52,6266.52,0,East,Marketplace
100731,CUST00462,2025-07-29,Apparel,4,2400.01,0.0,0.0,9600.04,9600.04,0,Central,Marketplace
100732,CUST00442,2024-11-25,Apparel,1,2746.48,0.0,0.0,2746.48,-2746.48,1,West,Online
100733,CUST00092,2024-06-29,Home & Kitchen,5,4534.8,0.0,0.0,22674.0,22674.0,0,West,Online
100734,CUST00582,2025-01-22,Home & Kitchen,3,972.64,0.0,0.0,2917.92,2917.92,0,South,Marketplace
100735,CUST00955,2025-06-16,Beauty,2,2910.25,0.0,0.0,5820.5,5820.5,0,East,Marketplace
100736,CUST00945,2024-06-26,Electronics,4,2227.55,0.0,0.0,8910.2,8910.2,0,East,Online
100737,CUST00787,2024-08-29,Home & Kitchen,1,1910.25,0.0,0.0,1910.25,1910.25,0,East,Online
100738,CUST00978,2024-06-23,Beauty,5,3658.86,0.1,1829.43,18294.3,16464.87,0,West,Online
100739,CUST01195,2024-11-15,Grocery,2,2490.54,0.0,0.0,4981.08,4981.08,0,North,Online
100740,CUST00416,2024-07-08,Beauty,3,2114.56,0.05,317.18,6343.68,6026.5,0,Central,Marketplace
100741,CUST00292,2025-11-14,Apparel,2,1131.67,0.1,226.33,2263.34,2037.01,0,South,Mobile App
100742,CUST00767,2024-09-03,Electronics,3,2919.36,0.0,0.0,8758.08,8758.08,0,South,Online
100743,CUST00887,2025-01-06,Grocery,1,3212.66,0.0,0.0,3212.66,3212.66,0,South,Online
100744,CUST00431,2025-03-19,Beauty,2,263.79,0.1,52.76,527.58,474.82,0,East,Online
100745,CUST00693,2024-03-02,Sports,3,2871.29,0.1,861.39,8613.87,7752.48,0,South,Marketplace
100746,CUST00450,2025-01-28,Sports,4,852.33,0.15,511.4,3409.32,2897.92,0,South,Marketplace
100747,CUST00271,2024-07-12,Sports,2,2748.23,0.0,0.0,5496.46,5496.46,0,South,Online
100748,CUST00660,2025-06-29,Grocery,4,612.75,0.0,0.0,2451.0,2451.0,0,East,Online
100749,CUST01113,2024-05-11,Grocery,2,882.82,0.0,0.0,1765.64,1765.64,0,South,Marketplace
100750,CUST00012,2024-07-11,Grocery,3,3951.12,0.0,0.0,11853.36,11853.36,0,North,Online
100752,CUST00323,2024-07-14,Grocery,4,3683.35,0.1,1473.34,14733.4,13260.06,0,North,Online
100753,CUST00919,2025-04-29,Electronics,2,3088.56,0.05,308.86,6177.12,5868.26,0,Central,Online
100754,CUST01178,2024-10-12,Home & Kitchen,5,1842.92,0.0,0.0,9214.6,9214.6,0,West,Retail Store
100755,CUST01065,2025-11-01,Electronics,5,1481.87,0.15,1111.4,7409.35,6297.95,0,Central,Retail Store
100756,CUST00439,2024-12-05,Apparel,5,1047.39,0.05,261.85,5236.95,4975.1,0,South,Mobile App
100757,CUST00570,2024-07-24,Apparel,2,3517.64,0.4,2814.11,7035.28,4221.17,0,East,Retail Store
100758,CUST00926,2025-02-01,Home & Kitchen,2,1467.94,0.1,293.59,2935.88,2642.29,0,South,Marketplace
100759,CUST00866,2024-12-28,Electronics,4,1989.89,0.0,0.0,7959.56,7959.56,0,South,Marketplace
100760,CUST00244,2025-07-01,Apparel,3,4876.39,0.15,2194.38,14629.17,12434.79,0,East,Online
100761,CUST00732,2024-04-28,Electronics,5,3869.2,0.1,1934.6,19346.0,17411.4,0,North,Retail Store
100762,CUST00592,2025-03-25,Sports,4,3728.74,0.0,0.0,14914.96,14914.96,0,East,Online
100763,CUST01122,2025-02-16,Beauty,4,915.06,0.4,1464.1,3660.24,2196.14,0,East,Online
100764,CUST00880,2024-06-01,Grocery,1,252.52,0.0,0.0,252.52,252.52,0,East,Online
100766,CUST00085,2025-04-04,Apparel,5,244.44,0.0,0.0,1222.2,1222.2,0,East,Marketplace
100767,CUST00642,2024-10-24,Electronics,3,1801.24,0.0,0.0,5403.72,5403.72,0,North,Online
100768,CUST00049,2025-03-22,Home & Kitchen,1,2743.39,0.0,0.0,2743.39,2743.39,0,Central,Marketplace
100769,CUST00638,2024-10-23,Beauty,5,2408.08,0.0,0.0,12040.4,12040.4,0,North,Online
100770,CUST00966,2024-05-24,Apparel,2,760.91,0.25,380.46,1521.82,1141.36,0,West,Retail Store
100771,CUST00537,2024-03-26,Apparel,1,672.45,0.0,0.0,672.45,672.45,0,Central,Marketplace
100772,CUST00340,2024-07-20,Apparel,1,4582.54,0.1,458.25,4582.54,4124.29,0,West,Retail Store
100773,CUST00123,2025-08-10,Home & Kitchen,2,4213.01,0.0,0.0,8426.02,8426.02,0,Central,Mobile App
100774,CUST00430,2024-10-05,Electronics,1,3482.8,0.1,348.28,3482.8,3134.52,0,North,Marketplace
100775,CUST00285,2025-06-02,Grocery,2,2310.8,0.05,231.08,4621.6,4390.52,0,Central,Online
100776,CUST00722,2025-06-11,Grocery,3,1385.67,0.1,415.7,4157.01,3741.31,0,Central,Marketplace
100777,CUST01117,2024-09-30,Apparel,4,0.0,0.0,0.0,0.0,0.0,0,Central,Marketplace
100778,CUST00962,2025-02-07,Apparel,2,978.19,0.0,0.0,1956.38,1956.38,0,West,Online
100779,CUST01162,2024-04-18,Beauty,2,632.59,0.0,0.0,1265.18,-1265.18,1,East,Retail Store
100780,CUST00785,2024-05-28,Grocery,3,2765.99,0.1,829.8,8297.97,7468.17,0,West,Retail Store
100782,CUST00127,2025-04-26,Apparel,1,1907.22,0.15,286.08,1907.22,1621.14,0,West,Online
100783,CUST00975,2024-10-31,Apparel,5,239.05,0.0,0.0,1195.25,1195.25,0,East,Online
100784,CUST00142,2025-05-21,Beauty,4,2782.53,0.0,0.0,11130.12,11130.12,0,Central,Mobile App
100785,CUST00304,2024-10-11,Home & Kitchen,1,1645.9,0.05,82.3,1645.9,1563.6,0,North,Marketplace
100786,CUST00561,2024-02-02,Apparel,1,2755.99,0.0,0.0,2755.99,2755.99,0,West,Online
100787,CUST00726,2024-03-07,Electronics,4,1092.09,0.0,0.0,4368.36,4368.36,0,East,Retail Store
100788,CUST00027,2025-07-18,Apparel,4,1932.05,0.05,386.41,7728.2,-7341.79,1,Central,Retail Store
100789,CUST00900,2024-08-11,Beauty,3,2876.41,0.0,0.0,8629.23,8629.23,0,West,Online
100790,CUST00291,2025-12-14,Sports,4,4695.5,0.0,0.0,18782.0,18782.0,0,West,Marketplace
100791,CUST00488,2024-03-27,Sports,3,2079.0,0.0,0.0,6237.0,6237.0,0,East,Online
100792,CUST00449,2025-06-02,Electronics,5,2618.49,0.05,654.62,13092.45,12437.83,0,West,Marketplace
100793,CUST00697,2025-02-06,Grocery,3,4933.9,0.15,2220.26,14801.7,12581.44,0,West,Online
100794,CUST00159,2025-09-14,Grocery,5,1814.5,0.0,0.0,9072.5,-9072.5,1,Central,Online
100795,CUST00426,2024-06-30,Apparel,2,3626.82,0.0,0.0,7253.64,7253.64,0,East,Online
100796,CUST00009,2025-04-23,Beauty,3,2737.32,0.0,0.0,8211.96,8211.96,0,North,Online
100797,CUST00794,2025-10-21,Home & Kitchen,1,3424.7,0.0,0.0,3424.7,3424.7,0,South,Online
100798,CUST00646,2024-05-04,Grocery,2,4032.13,0.05,403.21,8064.26,7661.05,0,South,Mobile App
100800,CUST00264,2024-11-07,Sports,2,1581.34,0.15,474.4,3162.68,2688.28,0,South,Marketplace
100801,CUST00578,2025-05-28,Apparel,1,4854.99,0.0,0.0,4854.99,4854.99,0,East,Marketplace
100802,CUST00122,2024-09-01,Beauty,2,3522.56,0.0,0.0,7045.12,7045.12,0,South,Online
100803,CUST00415,2025-02-25,Electronics,5,1515.09,0.0,0.0,7575.45,7575.45,0,North,Online
100804,CUST00860,2025-11-30,Grocery,4,3159.53,0.0,0.0,12638.12,12638.12,0,South,Marketplace
100805,CUST00061,2024-08-02,Electronics,3,4749.31,0.0,0.0,14247.93,14247.93,0,West,Online
100806,CUST00618,2025-03-25,Home & Kitchen,5,3502.8,0.0,0.0,17514.0,17514.0,0,South,Online
100807,CUST00431,2024-06-02,Home & Kitchen,1,2431.39,0.0,0.0,2431.39,2431.39,0,East,Online
100808,CUST00573,2024-04-29,Electronics,2,3887.1,0.05,388.71,7774.2,7385.49,0,East,Marketplace
100809,CUST00415,2025-01-02,Electronics,5,4604.84,0.15,3453.63,23024.2,19570.57,0,North,Online
100810,CUST01155,2025-02-11,Beauty,5,3464.95,0.0,0.0,17324.75,17324.75,0,Central,Online
100811,CUST00347,2024-12-26,Home & Kitchen,4,2856.8,0.0,0.0,11427.2,11427.2,0,South,Online
100812,CUST00716,2024-01-21,Beauty,5,4506.63,0.0,0.0,22533.15,22533.15,0,West,Marketplace
100813,CUST00843,2025-01-13,Apparel,2,3055.98,0.1,611.2,6111.96,5500.76,0,East,Retail Store
100814,CUST01035,2024-04-29,Beauty,5,2646.77,0.0,0.0,13233.85,13233.85,0,West,Retail Store
100815,CUST00041,2025-01-23,Home & Kitchen,3,2363.69,0.05,354.55,7091.07,6736.52,0,South,Online
100816,CUST00959,2024-02-26,Grocery,2,4743.23,0.1,948.65,9486.46,8537.81,0,Central,Online
100817,CUST00847,2025-02-11,Apparel,2,523.47,0.0,0.0,1046.94,1046.94,0,Central,Retail Store
100818,CUST01011,2025-02-15,Sports,4,3599.7,0.0,0.0,14398.8,14398.8,0,West,Marketplace
100819,CUST00763,2025-01-12,Sports,5,2386.99,0.0,0.0,11934.95,11934.95,0,West,Mobile App
100820,CUST00166,2024-08-20,Apparel,2,4642.85,0.0,0.0,9285.7,9285.7,0,North,Retail Store
100821,CUST00547,2024-05-27,Sports,1,1124.97,0.0,0.0,1124.97,1124.97,0,West,Marketplace
100822,CUST00656,2024-08-18,Home & Kitchen,5,786.57,0.4,1573.14,3932.85,2359.71,0,East,Retail Store
100823,CUST00658,2024-08-08,Sports,3,2150.15,0.05,322.52,6450.45,6127.93,0,North,Marketplace
100824,CUST01009,2024-09-06,Electronics,5,275.84,0.0,0.0,1379.2,1379.2,0,East,Online
100825,CUST00575,2024-10-08,Beauty,3,479.09,0.0,0.0,1437.27,1437.27,0,Central,Online
100826,CUST00979,2025-06-21,Beauty,3,4714.85,0.0,0.0,14144.55,14144.55,0,Central,Marketplace
100827,CUST00460,2024-07-22,Electronics,5,1231.02,0.05,307.76,6155.1,5847.34,0,West,Online
100828,CUST00762,2025-04-04,Apparel,3,1106.43,0.25,829.82,3319.29,2489.47,0,East,Online
100829,CUST00852,2025-08-27,Grocery,4,823.99,0.0,0.0,3295.96,3295.96,0,East,Online
100830,CUST00600,2025-07-16,Grocery,2,3897.3,0.05,389.73,7794.6,7404.87,0,Central,Retail Store
100831,CUST00179,2025-08-20,Grocery,3,1157.43,0.0,0.0,3472.29,3472.29,0,South,Retail Store
100832,CUST00470,2025-06-11,Grocery,2,3913.74,0.1,782.75,7827.48,7044.73,0,West,Marketplace
100833,CUST00289,2025-04-03,Sports,5,4303.8,0.0,0.0,21519.0,21519.0,0,West,Marketplace
100834,CUST00928,2024-12-25,Home & Kitchen,5,1758.94,0.1,879.47,8794.7,7915.23,0,West,Online
100835,CUST00233,2024-06-03,Sports,1,2587.89,0.25,646.97,2587.89,1940.92,0,Central,Online
100836,CUST00866,2024-12-16,Electronics,4,1994.91,0.4,3191.86,7979.64,4787.78,0,South,Marketplace
100837,CUST00199,2024-09-03,Beauty,1,1738.16,0.0,0.0,1738.16,1738.16,0,North,Online
100838,CUST00840,2024-04-14,Home & Kitchen,3,3608.78,0.0,0.0,10826.34,10826.34,0,North,Retail Store
100839,CUST00765,2025-06-11,Home & Kitchen,3,3238.52,0.0,0.0,9715.56,9715.56,0,Central,Retail Store
100840,CUST01161,2025-08-01,Sports,5,4684.37,0.0,0.0,23421.85,23421.85,0,South,Online
100841,CUST00044,2025-03-24,Sports,5,1462.2,0.0,0.0,7311.0,7311.0,0,North,Marketplace
100842,CUST00399,2024-12-10,Electronics,2,3602.75,0.05,360.28,7205.5,6845.22,0,East,Online
100843,CUST00840,2024-03-31,Sports,3,3544.48,0.0,0.0,10633.44,10633.44,0,North,Retail Store
100844,CUST00123,2025-02-19,Sports,3,1468.41,0.15,660.78,4405.23,3744.45,0,Central,Mobile App
100845,CUST00342,2025-03-30,Sports,2,972.0,0.0,0.0,1944.0,1944.0,0,West,Mobile App
100846,CUST00584,2025-09-01,Electronics,2,1547.68,0.0,0.0,3095.36,3095.36,0,Central,Marketplace
100847,CUST00063,2025-02-15,Home & Kitchen,2,1600.99,0.0,0.0,3201.98,3201.98,0,West,Marketplace
100848,CUST00357,2025-03-21,Beauty,4,4588.71,0.05,917.74,18354.84,17437.1,0,East,Online
100849,CUST01165,2025-08-12,Beauty,1,4794.84,0.0,0.0,4794.84,4794.84,0,West,Online
100850,CUST00123,2025-01-14,Sports,1,3783.48,0.0,0.0,3783.48,3783.48,0,Central,Mobile App
100851,CUST01160,2024-07-27,Beauty,4,439.47,0.0,0.0,1757.88,-1757.88,1,South,Retail Store
100852,CUST00245,2025-12-11,Home & Kitchen,4,1990.55,0.0,0.0,7962.2,7962.2,0,West,Online
100853,CUST00869,2024-11-05,Electronics,5,2981.5,0.0,0.0,14907.5,14907.5,0,West,Marketplace
100854,CUST00293,2025-04-24,Home & Kitchen,2,4123.59,0.0,0.0,8247.18,8247.18,0,Central,Online
100855,CUST00128,2024-10-30,Beauty,1,1823.98,0.0,0.0,1823.98,1823.98,0,South,Marketplace
100856,CUST00645,2024-05-25,Electronics,3,3289.88,0.0,0.0,9869.64,9869.64,0,West,Marketplace
100857,CUST00851,2025-12-05,Beauty,2,3844.92,0.0,0.0,7689.84,7689.84,0,West,Retail Store
100858,CUST00768,2024-03-17,Beauty,2,1308.98,0.0,0.0,2617.96,2617.96,0,East,Online
100859,CUST00976,2024-09-07,Home & Kitchen,1,0.0,0.0,0.0,0.0,0.0,0,Central,Online
100860,CUST01098,2025-02-16,Home & Kitchen,2,4385.84,0.0,0.0,8771.68,8771.68,0,East,Marketplace
100861,CUST00484,2025-02-03,Home & Kitchen,1,1619.56,0.0,0.0,1619.56,-1619.56,1,East,Online
100862,CUST00671,2025-05-01,Electronics,2,1607.44,0.15,482.23,3214.88,2732.65,0,South,Online
100863,CUST00320,2025-07-07,Beauty,1,1229.06,0.15,184.36,1229.06,1044.7,0,South,Marketplace
100864,CUST00924,2024-06-30,Grocery,2,2101.79,0.0,0.0,4203.58,-4203.58,1,West,Retail Store
100865,CUST00399,2025-01-13,Beauty,3,265.59,0.0,0.0,796.77,796.77,0,East,Online
100866,CUST00928,2024-10-22,Electronics,3,3584.01,0.05,537.6,10752.03,10214.43,0,West,Online
100867,CUST00110,2024-09-15,Beauty,5,3446.75,0.0,0.0,17233.75,17233.75,0,Central,Mobile App
100868,CUST00736,2024-10-14,Sports,4,545.95,0.0,0.0,2183.8,-2183.8,1,Central,Marketplace
100869,CUST00007,2024-05-31,Sports,2,4381.08,0.25,2190.54,8762.16,6571.62,0,Central,Retail Store
100870,CUST00547,2024-04-24,Sports,3,2841.63,0.15,1278.73,8524.89,7246.16,0,West,Marketplace
100871,CUST00333,2024-06-23,Apparel,1,4617.52,0.0,0.0,4617.52,4617.52,0,East,Retail Store
100872,CUST00831,2024-07-22,Beauty,4,4575.57,0.1,1830.23,18302.28,16472.05,0,Central,Marketplace
100873,CUST00011,2025-10-24,Home & Kitchen,5,4227.68,0.0,0.0,21138.4,21138.4,0,West,Retail Store
100874,CUST00563,2025-04-12,Sports,3,1850.82,0.0,0.0,5552.46,5552.46,0,South,Online
100875,CUST00748,2025-03-10,Electronics,4,1434.23,0.0,0.0,5736.92,5736.92,0,West,Marketplace
100876,CUST00476,2025-09-03,Electronics,3,4314.83,0.0,0.0,12944.49,12944.49,0,Central,Online
100877,CUST00618,2025-03-21,Home & Kitchen,4,3683.92,0.0,0.0,14735.68,14735.68,0,South,Online
100878,CUST00545,2025-04-21,Beauty,5,2918.9,0.0,0.0,14594.5,14594.5,0,South,Marketplace
100879,CUST00619,2025-01-14,Grocery,1,4929.2,0.05,246.46,4929.2,4682.74,0,West,Online
100880,CUST00022,2025-05-20,Grocery,5,2079.7,0.0,0.0,10398.5,10398.5,0,West,Online
100881,CUST00999,2025-06-09,Grocery,2,2404.11,0.05,240.41,4808.22,4567.81,0,South,Online
100883,CUST00419,2025-02-13,Electronics,5,2230.84,0.0,0.0,11154.2,11154.2,0,Central,Marketplace
100884,CUST01044,2025-12-24,Grocery,4,1117.41,0.0,0.0,4469.64,4469.64,0,South,Online
100885,CUST00334,2024-07-18,Beauty,2,4729.53,0.0,0.0,9459.06,9459.06,0,Central,Online
100886,CUST00742,2025-05-15,Home & Kitchen,1,3849.14,0.0,0.0,3849.14,3849.14,0,North,Online
100887,CUST00654,2025-07-23,Electronics,3,2310.75,0.0,0.0,6932.25,6932.25,0,Central,Retail Store
100888,CUST00885,2024-07-17,Apparel,4,3012.81,0.0,0.0,12051.24,-12051.24,1,South,Online
100889,CUST00207,2024-05-05,Beauty,1,2051.3,0.1,205.13,2051.3,1846.17,0,South,Online
100890,CUST00069,2024-08-15,Grocery,2,568.78,0.0,0.0,1137.56,1137.56,0,North,Marketplace
100891,CUST00928,2024-11-17,Grocery,1,1941.36,0.0,0.0,1941.36,1941.36,0,West,Online
100892,CUST00409,2025-09-15,Electronics,4,3279.28,0.15,1967.57,13117.12,11149.55,0,West,Online
100893,CUST00917,2024-07-31,Sports,2,2498.98,0.1,499.8,4997.96,4498.16,0,West,Online
100894,CUST00168,2024-12-11,Beauty,4,262.52,0.0,0.0,1050.08,-1050.08,1,West,Online
100895,CUST00339,2024-11-21,Electronics,2,1246.74,0.0,0.0,2493.48,2493.48,0,North,Marketplace
100896,CUST00896,2025-08-10,Beauty,2,2886.9,0.05,288.69,5773.8,5485.11,0,South,Online
100897,CUST00480,2024-07-20,Apparel,1,3119.07,0.0,0.0,3119.07,3119.07,0,West,Online
100898,CUST01134,2025-03-17,Electronics,2,304.62,0.0,0.0,609.24,609.24,0,North,Online
100899,CUST00950,2025-11-27,Apparel,3,4008.67,0.25,3006.5,12026.01,9019.51,0,South,Online
100900,CUST00962,2025-01-29,Apparel,2,4057.86,0.0,0.0,8115.72,8115.72,0,West,Online
100901,CUST00663,2024-02-18,Home & Kitchen,2,331.76,0.05,33.18,663.52,630.34,0,South,Online
100902,CUST00997,2025-09-04,Electronics,2,2653.46,0.0,0.0,5306.92,-5306.92,1,East,Online
100903,CUST00888,2024-10-20,Grocery,4,0.0,0.0,0.0,0.0,0.0,0,North,Marketplace
100904,CUST00239,2024-09-13,Electronics,5,1653.29,0.0,0.0,8266.45,8266.45,0,South,Online
100905,CUST01023,2025-11-12,Electronics,4,252.15,0.0,0.0,1008.6,1008.6,0,East,Online
100906,CUST00060,2024-06-15,Grocery,3,852.2,0.0,0.0,2556.6,-2556.6,1,West,Online
100907,CUST00819,2024-10-20,Beauty,2,686.46,0.0,0.0,1372.92,1372.92,0,South,Online
100908,CUST00250,2025-03-21,Home & Kitchen,1,3974.76,0.0,0.0,3974.76,3974.76,0,Central,Marketplace
100909,CUST01064,2025-08-07,Sports,5,3939.8,0.0,0.0,19699.0,19699.0,0,North,Online
100910,CUST01100,2024-01-30,Grocery,2,3152.92,0.0,0.0,6305.84,6305.84,0,South,Online
100911,CUST00141,2025-01-22,Home & Kitchen,5,1758.39,0.0,0.0,8791.95,8791.95,0,West,Online
100912,CUST00700,2025-08-31,Grocery,2,3087.14,0.0,0.0,6174.28,6174.28,0,West,Marketplace
100913,CUST00613,2024-12-04,Electronics,4,2059.6,0.0,0.0,8238.4,8238.4,0,North,Online
100914,CUST00288,2024-04-30,Apparel,4,1766.84,0.15,1060.1,7067.36,6007.26,0,South,Online
100915,CUST00729,2024-12-10,Home & Kitchen,3,814.6,0.1,244.38,2443.8,2199.42,0,East,Online
100916,CUST00143,2024-08-31,Beauty,1,4222.36,0.0,0.0,4222.36,4222.36,0,West,Marketplace
100917,CUST00752,2024-07-11,Electronics,1,3356.71,0.25,839.18,3356.71,2517.53,0,West,Mobile App
100918,CUST00750,2025-05-27,Home & Kitchen,3,982.65,0.0,0.0,2947.95,2947.95,0,Central,Online
100919,CUST01080,2025-04-10,Apparel,4,4292.52,0.0,0.0,17170.08,17170.08,0,North,Marketplace
100920,CUST00675,2024-11-11,Apparel,2,3090.66,0.0,0.0,6181.32,6181.32,0,South,Mobile App
100921,CUST00544,2024-08-21,Home & Kitchen,5,3961.78,0.05,990.45,19808.9,18818.45,0,North,Marketplace
100922,CUST00650,2024-05-09,Sports,2,1180.48,0.05,118.05,2360.96,2242.91,0,South,Online
100923,CUST00160,2024-05-07,Electronics,3,3151.65,0.0,0.0,9454.95,9454.95,0,North,Online
100924,CUST00696,2025-11-13,Grocery,1,2209.06,0.0,0.0,2209.06,2209.06,0,North,Mobile App
100925,CUST00766,2025-04-06,Electronics,3,1741.9,0.15,783.85,5225.7,4441.85,0,Central,Online
100926,CUST01103,2024-06-27,Grocery,3,4908.63,0.0,0.0,14725.89,14725.89,0,North,Online
100927,CUST00568,2024-05-25,Beauty,2,4193.14,0.15,1257.94,8386.28,7128.34,0,North,Online
100928,CUST01047,2025-01-30,Home & Kitchen,5,695.78,0.1,347.89,3478.9,3131.01,0,East,Marketplace
100929,CUST00081,2025-05-14,Grocery,1,4999.13,0.0,0.0,4999.13,4999.13,0,West,Online
100930,CUST00471,2024-10-30,Home & Kitchen,3,4052.67,0.0,0.0,12158.01,12158.01,0,East,Marketplace
100931,CUST00405,2024-09-22,Sports,1,3887.43,0.1,388.74,3887.43,3498.69,0,Central,Retail Store
100932,CUST00424,2024-08-06,Beauty,3,2287.73,0.0,0.0,6863.19,6863.19,0,Central,Retail Store
100933,CUST00791,2025-07-05,Home & Kitchen,5,4882.44,0.0,0.0,24412.2,24412.2,0,Central,Marketplace
100934,CUST00511,2025-03-01,Home & Kitchen,5,2129.52,0.25,2661.9,10647.6,7985.7,0,North,Online
100935,CUST00310,2024-11-28,Beauty,1,2591.83,0.25,647.96,2591.83,1943.87,0,Central,Online
100936,CUST00886,2025-01-17,Sports,5,2334.8,0.0,0.0,11674.0,11674.0,0,East,Marketplace
100937,CUST00993,2024-02-22,Grocery,2,1923.94,0.1,384.79,3847.88,3463.09,0,West,Retail Store
100938,CUST00689,2024-05-11,Beauty,5,3704.98,0.0,0.0,18524.9,18524.9,0,West,Online
100939,CUST00559,2024-04-07,Beauty,1,4406.51,0.0,0.0,4406.51,4406.51,0,Central,Retail Store
100940,CUST00012,2024-05-17,Beauty,5,4533.18,0.05,1133.3,22665.9,21532.6,0,North,Online
100941,CUST00524,2024-08-25,Electronics,4,3508.41,0.4,5613.46,14033.64,8420.18,0,Central,Online
100942,CUST00333,2024-05-24,Apparel,5,1377.0,0.0,0.0,6885.0,6885.0,0,East,Retail Store
100943,CUST00629,2025-04-08,Grocery,3,357.15,0.15,160.72,1071.45,910.73,0,West,Online
100944,CUST00287,2025-12-04,Sports,2,3754.47,0.0,0.0,7508.94,7508.94,0,East,Marketplace
100945,CUST01085,2024-06-15,Home & Kitchen,5,4326.16,0.15,3244.62,21630.8,18386.18,0,West,Online
100946,CUST00697,2025-05-15,Apparel,5,1101.35,0.0,0.0,5506.75,5506.75,0,West,Online
100947,CUST00897,2024-11-29,Grocery,1,2163.31,0.0,0.0,2163.31,2163.31,0,West,Retail Store
100948,CUST00524,2024-10-02,Grocery,2,745.01,0.0,0.0,1490.02,-1490.02,1,Central,Online
100949,CUST01165,2025-02-22,Beauty,3,819.9,0.0,0.0,2459.7,2459.7,0,West,Online
100950,CUST00604,2025-02-06,Apparel,2,3553.74,0.1,710.75,7107.48,6396.73,0,South,Mobile App
100951,CUST00093,2024-10-26,Beauty,2,2711.34,0.0,0.0,5422.68,5422.68,0,North,Online
100952,CUST00209,2025-04-27,Sports,3,1947.15,0.0,0.0,5841.45,5841.45,0,South,Online
100953,CUST00609,2025-04-24,Beauty,3,3518.68,0.0,0.0,10556.04,10556.04,0,East,Marketplace
100954,CUST00172,2024-10-10,Apparel,3,2083.9,0.0,0.0,6251.7,6251.7,0,North,Marketplace
100955,CUST01180,2024-10-31,Sports,3,3814.54,0.25,2860.9,11443.62,8582.72,0,Central,Online
100956,CUST00457,2025-01-30,Apparel,2,720.99,0.0,0.0,1441.98,1441.98,0,Central,Online
100957,CUST00770,2024-06-09,Electronics,5,1624.75,0.05,406.19,8123.75,7717.56,0,Central,Marketplace
100958,CUST00074,2024-03-29,Beauty,5,3544.0,0.0,0.0,17720.0,17720.0,0,Central,Retail Store
100959,CUST00870,2024-02-18,Grocery,2,3257.37,0.0,0.0,6514.74,6514.74,0,West,Online
100960,CUST00081,2025-06-28,Grocery,2,3657.3,0.1,731.46,7314.6,6583.14,0,West,Online
100961,CUST00108,2024-06-23,Home & Kitchen,1,690.15,0.25,172.54,690.15,517.61,0,West,Retail Store
100962,CUST00287,2025-06-02,Apparel,3,0.0,0.05,0.0,0.0,0.0,0,East,Marketplace
100963,CUST00746,2024-06-30,Beauty,3,649.68,0.0,0.0,1949.04,1949.04,0,North,Mobile App
100964,CUST00612,2024-07-30,Electronics,5,2217.11,0.0,0.0,11085.55,11085.55,0,South,Online
100965,CUST00447,2024-12-21,Apparel,1,3931.48,0.1,393.15,3931.48,3538.33,0,North,Online
100966,CUST00988,2025-02-04,Electronics,1,3868.34,0.0,0.0,3868.34,3868.34,0,South,Online
100967,CUST00465,2024-08-28,Home & Kitchen,1,3535.72,0.0,0.0,3535.72,3535.72,0,West,Mobile App
100968,CUST00683,2024-08-12,Home & Kitchen,1,1513.15,0.1,151.32,1513.15,1361.83,0,East,Retail Store
100969,CUST00811,2024-07-31,Sports,5,4459.62,0.05,1114.9,22298.1,21183.2,0,North,Marketplace
100970,CUST00237,2025-05-23,Grocery,2,4339.74,0.0,0.0,8679.48,8679.48,0,West,Online
100971,CUST00172,2024-08-02,Apparel,4,2595.86,0.1,1038.34,10383.44,-9345.1,1,North,Marketplace
100972,CUST00727,2025-04-07,Beauty,1,3085.24,0.1,308.52,3085.24,-2776.72,1,East,Online
100973,CUST00081,2025-05-14,Home & Kitchen,2,4544.71,0.0,0.0,9089.42,9089.42,0,West,Online
100974,CUST00238,2025-04-21,Electronics,4,556.21,0.0,0.0,2224.84,2224.84,0,South,Retail Store
100975,CUST01047,2025-01-24,Grocery,5,4230.47,0.0,0.0,21152.35,21152.35,0,East,Marketplace
100976,CUST00262,2025-01-12,Electronics,3,3393.46,0.0,0.0,10180.38,10180.38,0,West,Retail Store
100977,CUST00767,2024-12-06,Beauty,3,4227.47,0.0,0.0,12682.41,12682.41,0,South,Online
100978,CUST00437,2025-08-07,Sports,5,639.53,0.05,159.88,3197.65,3037.77,0,North,Mobile App
100979,CUST00122,2024-03-13,Sports,2,1191.35,0.15,357.4,2382.7,2025.3,0,South,Online
100980,CUST00671,2025-07-13,Sports,3,1365.95,0.0,0.0,4097.85,4097.85,0,South,Online
100981,CUST00476,2025-02-27,Grocery,3,4095.08,0.1,1228.52,12285.24,11056.72,0,Central,Online
100982,CUST00133,2025-03-03,Home & Kitchen,3,260.62,0.0,0.0,781.86,781.86,0,North,Online
100983,CUST00027,2025-02-18,Beauty,1,2596.17,0.0,0.0,2596.17,2596.17,0,Central,Retail Store
100984,CUST00179,2025-03-06,Electronics,4,2998.96,0.0,0.0,11995.84,11995.84,0,South,Retail Store
100985,CUST01184,2025-09-03,Home & Kitchen,3,566.72,0.1,170.02,1700.16,1530.14,0,South,Marketplace
100986,CUST00784,2025-06-18,Apparel,4,0.0,0.15,0.0,0.0,0.0,0,Central,Marketplace
100987,CUST00322,2025-07-25,Beauty,4,2851.53,0.0,0.0,11406.12,11406.12,0,North,Retail Store
100988,CUST00306,2025-03-23,Grocery,5,3752.54,0.1,1876.27,18762.7,-16886.43,1,West,Online
100990,CUST00015,2024-07-10,Home & Kitchen,4,526.58,0.1,210.63,2106.32,1895.69,0,North,Online
100991,CUST00666,2025-08-17,Apparel,1,1144.52,0.0,0.0,1144.52,1144.52,0,East,Retail Store
100992,CUST00041,2025-01-01,Electronics,3,2785.45,0.0,0.0,8356.35,-8356.35,1,South,Online
100994,CUST00587,2025-04-23,Apparel,3,2470.66,0.0,0.0,7411.98,7411.98,0,North,Online
100995,CUST00345,2025-06-03,Sports,5,245.72,0.0,0.0,1228.6,1228.6,0,West,Online
100996,CUST00314,2025-04-19,Sports,4,3657.74,0.0,0.0,14630.96,14630.96,0,Central,Marketplace
100997,CUST00568,2024-10-02,Beauty,5,2510.93,0.05,627.73,12554.65,11926.92,0,North,Online
100999,CUST00241,2024-11-04,Electronics,5,1816.21,0.4,3632.42,9081.05,-5448.63,1,Central,Online
101000,CUST00086,2025-09-01,Apparel,3,2544.21,0.0,0.0,7632.63,7632.63,0,East,Online
101001,CUST00709,2024-12-20,Beauty,4,2948.78,0.0,0.0,11795.12,11795.12,0,South,Online
101002,CUST00672,2024-05-28,Sports,4,2869.07,0.0,0.0,11476.28,11476.28,0,West,Retail Store
101003,CUST00186,2025-05-12,Apparel,1,0.0,0.15,0.0,0.0,0.0,0,North,Marketplace
101004,CUST00911,2025-04-27,Electronics,4,4784.04,0.25,4784.04,19136.16,-14352.12,1,Central,Marketplace
101005,CUST00473,2024-06-20,Apparel,5,2896.26,0.05,724.06,14481.3,13757.24,0,West,Online
101006,CUST00197,2024-06-29,Beauty,5,3672.08,0.0,0.0,18360.4,18360.4,0,South,Online
101007,CUST00832,2024-09-03,Electronics,5,4195.71,0.4,8391.42,20978.55,12587.13,0,East,Marketplace
101008,CUST00254,2024-03-01,Apparel,5,1791.56,0.05,447.89,8957.8,8509.91,0,Central,Mobile App
101009,CUST00143,2024-09-09,Sports,5,3389.62,0.15,2542.21,16948.1,14405.89,0,West,Marketplace
101010,CUST00133,2024-10-13,Home & Kitchen,5,1580.74,0.25,1975.92,7903.7,5927.78,0,North,Online
101012,CUST00325,2024-08-24,Grocery,1,3585.3,0.0,0.0,3585.3,3585.3,0,West,Mobile App
101014,CUST00068,2025-11-26,Grocery,1,4265.67,0.0,0.0,4265.67,4265.67,0,South,Retail Store
101015,CUST00083,2024-05-24,Sports,4,4859.54,0.0,0.0,19438.16,19438.16,0,East,Marketplace
101016,CUST01059,2024-12-08,Grocery,5,4924.96,0.0,0.0,24624.8,24624.8,0,East,Retail Store
101017,CUST00983,2024-10-18,Grocery,2,3529.24,0.0,0.0,7058.48,7058.48,0,East,Online
101018,CUST01106,2024-09-22,Sports,1,3101.78,0.0,0.0,3101.78,3101.78,0,South,Mobile App
101019,CUST00214,2025-05-31,Sports,5,564.76,0.1,282.38,2823.8,2541.42,0,West,Mobile App
101020,CUST00023,2024-11-17,Grocery,2,2175.04,0.0,0.0,4350.08,4350.08,0,East,Marketplace
101021,CUST00447,2024-02-21,Apparel,3,2953.35,0.0,0.0,8860.05,8860.05,0,North,Online
101022,CUST00925,2024-09-21,Home & Kitchen,4,3039.64,0.0,0.0,12158.56,12158.56,0,East,Online
101023,CUST00234,2024-12-02,Sports,3,2013.29,0.05,301.99,6039.87,5737.88,0,Central,Marketplace
101024,CUST00090,2024-11-20,Beauty,5,2054.62,0.0,0.0,10273.1,10273.1,0,South,Online
101025,CUST00479,2025-03-02,Home & Kitchen,5,1644.81,0.1,822.4,8224.05,7401.65,0,Central,Mobile App
101026,CUST00518,2024-11-12,Grocery,5,4475.01,0.25,5593.76,22375.05,16781.29,0,North,Marketplace
101027,CUST00084,2025-08-27,Home & Kitchen,4,326.68,0.1,130.67,1306.72,1176.05,0,North,Online
101028,CUST00324,2025-07-17,Home & Kitchen,2,1570.63,0.0,0.0,3141.26,-3141.26,1,Central,Retail Store
101029,CUST00940,2025-06-10,Sports,2,4498.95,0.0,0.0,8997.9,8997.9,0,South,Online
101030,CUST00386,2025-05-21,Apparel,2,273.23,0.0,0.0,546.46,546.46,0,Central,Online
101031,CUST00715,2024-11-12,Home & Kitchen,4,1039.31,0.0,0.0,4157.24,4157.24,0,West,Mobile App
101032,CUST01005,2024-07-03,Apparel,2,2124.06,0.0,0.0,4248.12,4248.12,0,West,Marketplace
101033,CUST00983,2024-06-17,Home & Kitchen,2,3928.46,0.0,0.0,7856.92,7856.92,0,East,Online
101034,CUST00462,2025-09-30,Grocery,4,3589.98,0.0,0.0,14359.92,14359.92,0,Central,Marketplace
101036,CUST00907,2025-02-03,Electronics,4,1463.96,0.05,292.79,5855.84,5563.05,0,West,Online
101037,CUST01106,2024-09-16,Apparel,5,1718.76,0.0,0.0,8593.8,8593.8,0,South,Mobile App
101038,CUST00061,2024-11-09,Electronics,4,2112.65,0.0,0.0,8450.6,8450.6,0,West,Online
101039,CUST00871,2024-07-21,Grocery,5,4542.53,0.0,0.0,22712.65,22712.65,0,North,Online
101040,CUST00983,2024-08-24,Electronics,3,2985.09,0.05,447.76,8955.27,8507.51,0,East,Online
101041,CUST00361,2025-07-20,Beauty,1,771.25,0.0,0.0,771.25,771.25,0,East,Mobile App
101042,CUST00366,2025-09-05,Electronics,4,4588.15,0.0,0.0,18352.6,18352.6,0,South,Online
101043,CUST00468,2024-02-20,Beauty,5,1473.22,0.1,736.61,7366.1,6629.49,0,Central,Online
101044,CUST00806,2024-06-02,Sports,1,278.01,0.0,0.0,278.01,278.01,0,Central,Retail Store
101045,CUST00933,2024-11-07,Electronics,2,2886.16,0.0,0.0,5772.32,5772.32,0,North,Online
101046,CUST01073,2024-12-09,Apparel,4,4596.86,0.0,0.0,18387.44,18387.44,0,North,Retail Store
101047,CUST00976,2025-04-01,Home & Kitchen,2,471.86,0.0,0.0,943.72,943.72,0,Central,Online
101048,CUST00545,2025-08-14,Beauty,2,2022.48,0.1,404.5,4044.96,-3640.46,1,South,Marketplace
101049,CUST00846,2025-03-05,Grocery,3,3491.66,0.0,0.0,10474.98,10474.98,0,West,Marketplace
101050,CUST00708,2025-04-14,Grocery,1,3684.95,0.0,0.0,3684.95,3684.95,0,Central,Mobile App
101051,CUST00631,2024-09-11,Electronics,1,3963.19,0.05,198.16,3963.19,3765.03,0,Central,Marketplace
101052,CUST00645,2025-02-23,Sports,2,3723.9,0.0,0.0,7447.8,7447.8,0,West,Marketplace
101053,CUST00595,2025-10-15,Apparel,5,2925.15,0.05,731.29,14625.75,-13894.46,1,Central,Online
101054,CUST00245,2025-11-10,Apparel,2,4634.22,0.0,0.0,9268.44,-9268.44,1,West,Online
101055,CUST00726,2024-09-06,Sports,2,3492.01,0.05,349.2,6984.02,6634.82,0,East,Retail Store
101056,CUST00868,2024-11-05,Grocery,5,1049.71,0.05,262.43,5248.55,4986.12,0,North,Online
101057,CUST01146,2024-09-23,Home & Kitchen,4,2004.31,0.0,0.0,8017.24,8017.24,0,South,Online
101058,CUST00902,2025-01-11,Electronics,5,700.39,0.0,0.0,3501.95,3501.95,0,North,Retail Store
101059,CUST00058,2025-10-13,Home & Kitchen,1,1068.61,0.0,0.0,1068.61,1068.61,0,Central,Retail Store
101060,CUST00737,2024-08-30,Electronics,1,4874.26,0.0,0.0,4874.26,4874.26,0,North,Online
101061,CUST00279,2025-05-18,Grocery,2,1822.58,0.0,0.0,3645.16,3645.16,0,South,Marketplace
101062,CUST00756,2025-04-05,Sports,2,2484.17,0.0,0.0,4968.34,4968.34,0,West,Marketplace
101063,CUST00134,2024-11-23,Beauty,2,4240.13,0.0,0.0,8480.26,8480.26,0,Central,Online
101064,CUST00406,2024-06-25,Electronics,3,1339.44,0.25,1004.58,4018.32,3013.74,0,Central,Retail Store
101065,CUST01119,2025-04-01,Grocery,2,523.21,0.0,0.0,1046.42,1046.42,0,Central,Retail Store
101066,CUST00852,2025-03-16,Home & Kitchen,5,227.27,0.0,0.0,1136.35,1136.35,0,East,Online
101067,CUST00868,2024-10-01,Apparel,1,687.2,0.1,68.72,687.2,618.48,0,North,Online
101068,CUST01137,2024-08-30,Electronics,2,4539.92,0.0,0.0,9079.84,9079.84,0,West,Online
101069,CUST00400,2024-10-15,Home & Kitchen,1,3457.39,0.0,0.0,3457.39,-3457.39,1,North,Online
101070,CUST00953,2024-07-20,Apparel,1,3664.46,0.0,0.0,3664.46,3664.46,0,South,Online
101071,CUST00806,2024-08-15,Sports,3,3142.57,0.0,0.0,9427.71,9427.71,0,Central,Retail Store
101072,CUST00182,2024-09-27,Beauty,3,4496.6,0.0,0.0,13489.8,13489.8,0,North,Retail Store
101073,CUST00929,2025-07-06,Apparel,1,1610.48,0.1,161.05,1610.48,1449.43,0,Central,Marketplace
101074,CUST00288,2024-04-21,Grocery,2,4249.73,0.25,2124.86,8499.46,6374.6,0,South,Online
101075,CUST00533,2025-04-18,Electronics,3,1247.45,0.0,0.0,3742.35,3742.35,0,South,Mobile App
101076,CUST01118,2024-10-12,Grocery,4,2084.78,0.05,416.96,8339.12,7922.16,0,South,Online
101077,CUST00960,2025-08-22,Electronics,2,3677.28,0.15,1103.18,7354.56,6251.38,0,North,Online
101078,CUST00637,2024-12-30,Apparel,3,2074.49,0.0,0.0,6223.47,6223.47,0,North,Online
101079,CUST00062,2025-03-12,Electronics,2,2427.72,0.0,0.0,4855.44,4855.44,0,South,Marketplace
101080,CUST00515,2024-09-14,Apparel,5,2243.11,0.0,0.0,11215.55,11215.55,0,West,Retail Store
101081,CUST01158,2025-06-10,Home & Kitchen,5,1958.6,0.4,3917.2,9793.0,5875.8,0,North,Marketplace
101082,CUST00604,2025-01-12,Apparel,4,1036.2,0.1,414.48,4144.8,3730.32,0,South,Mobile App
101083,CUST00529,2024-12-09,Home & Kitchen,4,4717.79,0.0,0.0,18871.16,18871.16,0,South,Online
101084,CUST00026,2024-02-07,Electronics,3,1204.66,0.05,180.7,3613.98,3433.28,0,East,Online
101085,CUST00601,2024-11-15,Home & Kitchen,1,3505.4,0.0,0.0,3505.4,3505.4,0,West,Retail Store
101086,CUST01029,2025-06-10,Home & Kitchen,4,2250.72,0.15,1350.43,9002.88,7652.45,0,Central,Online
101087,CUST00578,2025-12-21,Beauty,5,1411.81,0.0,0.0,7059.05,-7059.05,1,East,Marketplace
101088,CUST00703,2025-06-16,Apparel,3,3354.53,0.0,0.0,10063.59,10063.59,0,North,Online
101089,CUST00307,2024-03-21,Beauty,3,1009.26,0.05,151.39,3027.78,2876.39,0,South,Online
101090,CUST01191,2024-12-24,Sports,4,482.68,0.0,0.0,1930.72,1930.72,0,South,Online
101091,CUST00309,2024-06-06,Beauty,5,2934.54,0.0,0.0,14672.7,14672.7,0,Central,Retail Store
101092,CUST00940,2025-07-05,Apparel,4,4133.14,0.0,0.0,16532.56,-16532.56,1,South,Online
101093,CUST00615,2024-04-20,Electronics,1,462.33,0.05,23.12,462.33,439.21,0,South,Marketplace
101094,CUST00367,2025-06-21,Sports,3,2003.06,0.0,0.0,6009.18,6009.18,0,East,Retail Store
101095,CUST00752,2024-07-26,Sports,4,1258.22,0.15,754.93,5032.88,4277.95,0,West,Mobile App
101096,CUST00435,2024-05-06,Grocery,5,4347.64,0.15,3260.73,21738.2,18477.47,0,North,Online
101097,CUST00698,2025-01-22,Grocery,3,2059.79,0.0,0.0,6179.37,6179.37,0,North,Mobile App
101098,CUST00599,2024-04-19,Grocery,2,4014.98,0.0,0.0,8029.96,8029.96,0,West,Online
101099,CUST01081,2025-05-13,Sports,2,1033.48,0.0,0.0,2066.96,2066.96,0,West,Online
101100,CUST00056,2025-01-29,Sports,2,436.91,0.15,131.07,873.82,742.75,0,West,Retail Store
101101,CUST00240,2024-12-24,Grocery,4,4460.67,0.0,0.0,17842.68,17842.68,0,East,Online
101102,CUST00176,2024-11-23,Home & Kitchen,5,4844.19,0.0,0.0,24220.95,24220.95,0,West,Retail Store
101103,CUST00223,2025-05-24,Home & Kitchen,4,4060.76,0.1,1624.3,16243.04,14618.74,0,South,Marketplace
101104,CUST00671,2025-08-18,Grocery,5,240.81,0.1,120.4,1204.05,1083.65,0,South,Online
101105,CUST00358,2025-06-02,Home & Kitchen,2,4392.53,0.0,0.0,8785.06,8785.06,0,Central,Online
101106,CUST00134,2024-12-16,Sports,2,3161.82,0.05,316.18,6323.64,-6007.46,1,Central,Online
101107,CUST00593,2024-12-15,Home & Kitchen,2,1000.6,0.0,0.0,2001.2,2001.2,0,North,Online
101108,CUST01177,2025-11-28,Grocery,1,3970.42,0.15,595.56,3970.42,3374.86,0,West,Retail Store
101109,CUST00168,2025-03-11,Beauty,4,1948.1,0.0,0.0,7792.4,-7792.4,1,West,Online
101110,CUST00837,2024-10-12,Electronics,3,1076.91,0.0,0.0,3230.73,3230.73,0,Central,Mobile App
101111,CUST01059,2025-01-22,Beauty,3,4222.09,0.0,0.0,12666.27,12666.27,0,East,Retail Store
101112,CUST00158,2025-04-21,Sports,3,3952.88,0.05,592.93,11858.64,11265.71,0,East,Retail Store
101113,CUST01182,2025-07-05,Electronics,2,2956.49,0.0,0.0,5912.98,5912.98,0,South,Marketplace
101114,CUST00798,2025-07-03,Sports,1,2460.92,0.0,0.0,2460.92,2460.92,0,West,Marketplace
101115,CUST00632,2025-08-25,Sports,3,3464.35,0.05,519.65,10393.05,9873.4,0,West,Marketplace
101116,CUST00874,2024-07-31,Sports,3,1921.91,0.0,0.0,5765.73,5765.73,0,South,Marketplace
101117,CUST00826,2025-03-16,Electronics,2,2516.0,0.05,251.6,5032.0,4780.4,0,South,Marketplace
101118,CUST00435,2024-03-15,Home & Kitchen,1,1436.87,0.0,0.0,1436.87,1436.87,0,North,Online
101119,CUST00143,2025-09-09,Electronics,2,2225.17,0.25,1112.58,4450.34,3337.76,0,West,Marketplace
101120,CUST00620,2024-09-21,Sports,2,2128.13,0.0,0.0,4256.26,4256.26,0,Central,Marketplace
101121,CUST00276,2025-05-20,Beauty,5,2577.25,0.0,0.0,12886.25,12886.25,0,South,Online
101122,CUST01007,2024-02-14,Apparel,3,3373.97,0.0,0.0,10121.91,10121.91,0,East,Online
101123,CUST00214,2025-06-07,Grocery,1,1797.27,0.0,0.0,1797.27,1797.27,0,West,Mobile App
101124,CUST00215,2025-11-18,Apparel,2,1886.32,0.0,0.0,3772.64,3772.64,0,West,Online
101125,CUST00278,2024-06-15,Sports,3,1791.63,0.0,0.0,5374.89,5374.89,0,East,Online
101127,CUST01020,2025-07-05,Grocery,1,656.67,0.0,0.0,656.67,656.67,0,South,Retail Store
101128,CUST00618,2024-12-28,Beauty,3,1656.4,0.0,0.0,4969.2,4969.2,0,South,Online
101129,CUST00194,2025-04-15,Electronics,4,1984.2,0.25,1984.2,7936.8,5952.6,0,South,Online
101130,CUST00688,2024-05-26,Home & Kitchen,4,1181.34,0.0,0.0,4725.36,4725.36,0,South,Online
101131,CUST00248,2025-07-08,Beauty,4,4737.61,0.05,947.52,18950.44,18002.92,0,East,Online
101132,CUST00904,2024-12-08,Home & Kitchen,1,4311.87,0.0,0.0,4311.87,4311.87,0,East,Online
101133,CUST00170,2024-10-15,Sports,3,3813.77,0.0,0.0,11441.31,11441.31,0,East,Marketplace
101134,CUST00139,2025-01-08,Apparel,1,4726.16,0.0,0.0,4726.16,4726.16,0,East,Online
101135,CUST01108,2025-03-07,Sports,1,4058.93,0.25,1014.73,4058.93,3044.2,0,East,Online
101136,CUST00731,2025-11-13,Apparel,3,215.59,0.0,0.0,646.77,646.77,0,South,Online
101137,CUST00436,2024-08-28,Sports,3,4314.88,0.25,3236.16,12944.64,9708.48,0,Central,Online
101138,CUST00544,2024-09-06,Beauty,2,4105.24,0.0,0.0,8210.48,8210.48,0,North,Marketplace
101139,CUST00563,2025-04-30,Electronics,4,4547.01,0.15,2728.21,18188.04,-15459.83,1,South,Online
101140,CUST01164,2025-05-20,Beauty,2,1708.67,0.0,0.0,3417.34,3417.34,0,West,Online
101141,CUST01033,2025-05-27,Sports,5,1590.08,0.0,0.0,7950.4,-7950.4,1,West,Retail Store
101143,CUST00441,2024-10-19,Grocery,5,4170.09,0.0,0.0,20850.45,20850.45,0,East,Marketplace
101144,CUST00126,2025-04-09,Grocery,5,1447.13,0.05,361.78,7235.65,-6873.87,1,North,Marketplace
101145,CUST00803,2024-07-31,Grocery,5,4680.63,0.0,0.0,23403.15,23403.15,0,West,Marketplace
101147,CUST00033,2024-09-29,Apparel,3,379.51,0.05,56.93,1138.53,1081.6,0,East,Online
101148,CUST00070,2024-09-04,Electronics,3,489.3,0.0,0.0,1467.9,1467.9,0,South,Marketplace
101149,CUST00856,2025-06-17,Beauty,1,4047.14,0.0,0.0,4047.14,4047.14,0,East,Retail Store
101150,CUST00544,2024-12-27,Electronics,3,3538.8,0.15,1592.46,10616.4,9023.94,0,North,Marketplace
101151,CUST00148,2025-07-30,Sports,3,3630.35,0.1,1089.1,10891.05,9801.95,0,North,Online
101152,CUST00792,2024-04-09,Beauty,2,3025.95,0.4,2420.76,6051.9,-3631.14,1,West,Online
101154,CUST00419,2025-12-08,Sports,1,1620.12,0.0,0.0,1620.12,1620.12,0,Central,Marketplace
101155,CUST00581,2025-03-07,Apparel,2,1513.1,0.15,453.93,3026.2,2572.27,0,West,Online
101156,CUST00763,2025-02-21,Electronics,3,4391.37,0.0,0.0,13174.11,13174.11,0,West,Mobile App
101157,CUST00820,2025-06-20,Electronics,4,2911.66,0.0,0.0,11646.64,11646.64,0,South,Online
101158,CUST00882,2024-06-06,Beauty,3,4931.12,0.0,0.0,14793.36,14793.36,0,Central,Marketplace
101159,CUST00729,2025-01-11,Beauty,1,1201.74,0.0,0.0,1201.74,1201.74,0,East,Online
101160,CUST00550,2025-06-10,Electronics,5,1019.07,0.0,0.0,5095.35,5095.35,0,South,Online
101161,CUST00599,2024-03-22,Electronics,4,4408.55,0.15,2645.13,17634.2,14989.07,0,West,Online
101162,CUST00947,2025-04-07,Sports,5,4282.26,0.4,8564.52,21411.3,12846.78,0,West,Mobile App
101163,CUST00199,2024-05-10,Electronics,2,3634.07,0.15,1090.22,7268.14,6177.92,0,North,Online
101164,CUST00137,2025-03-09,Apparel,2,3995.99,0.0,0.0,7991.98,7991.98,0,South,Retail Store
101165,CUST00501,2025-02-12,Home & Kitchen,4,3754.17,0.0,0.0,15016.68,15016.68,0,South,Marketplace
101167,CUST00296,2025-04-30,Apparel,1,4696.31,0.1,469.63,4696.31,4226.68,0,North,Online
101168,CUST00504,2025-03-08,Beauty,4,2395.21,0.0,0.0,9580.84,9580.84,0,West,Online
101170,CUST00350,2025-01-22,Electronics,1,382.58,0.0,0.0,382.58,382.58,0,West,Retail Store
101171,CUST00021,2024-11-09,Apparel,4,4508.3,0.0,0.0,18033.2,18033.2,0,South,Online
101172,CUST00498,2025-06-08,Sports,2,1322.11,0.0,0.0,2644.22,2644.22,0,South,Online
101173,CUST00962,2025-02-01,Home & Kitchen,4,3664.31,0.0,0.0,14657.24,14657.24,0,West,Online
101174,CUST00652,2024-11-05,Sports,4,2125.92,0.05,425.18,8503.68,8078.5,0,South,Online
101175,CUST00338,2025-02-05,Beauty,3,250.65,0.15,112.79,751.95,639.16,0,North,Online
101176,CUST01087,2024-07-20,Grocery,3,3629.75,0.0,0.0,10889.25,10889.25,0,West,Marketplace
101177,CUST00207,2024-05-23,Sports,5,2601.87,0.0,0.0,13009.35,13009.35,0,South,Online
101178,CUST00454,2025-09-29,Beauty,1,3426.34,0.0,0.0,3426.34,3426.34,0,South,Online
101179,CUST00752,2024-10-21,Electronics,5,1966.75,0.0,0.0,9833.75,9833.75,0,West,Mobile App
101180,CUST00455,2025-07-23,Electronics,4,2105.04,0.25,2105.04,8420.16,6315.12,0,North,Retail Store
101181,CUST00990,2024-12-07,Electronics,1,4209.88,0.0,0.0,4209.88,4209.88,0,West,Marketplace
101182,CUST00796,2025-08-21,Beauty,4,2535.36,0.0,0.0,10141.44,10141.44,0,South,Retail Store
101183,CUST00722,2025-09-06,Beauty,4,4442.97,0.0,0.0,17771.88,17771.88,0,Central,Marketplace
101184,CUST00578,2025-05-11,Grocery,2,3214.74,0.0,0.0,6429.48,6429.48,0,East,Marketplace
101185,CUST01149,2024-10-31,Apparel,3,2146.57,0.25,1609.93,6439.71,4829.78,0,North,Retail Store
101186,CUST00726,2025-05-23,Beauty,4,1085.88,0.0,0.0,4343.52,4343.52,0,East,Retail Store
101187,CUST00458,2025-03-05,Home & Kitchen,1,4148.05,0.0,0.0,4148.05,4148.05,0,South,Online
101188,CUST00230,2025-06-14,Electronics,5,1238.93,0.0,0.0,6194.65,6194.65,0,South,Mobile App
101189,CUST00899,2025-08-16,Grocery,1,3139.54,0.0,0.0,3139.54,3139.54,0,Central,Marketplace
101190,CUST01119,2025-07-18,Apparel,4,2994.71,0.05,598.94,11978.84,11379.9,0,Central,Retail Store
101191,CUST00525,2025-04-23,Sports,1,4997.62,0.05,249.88,4997.62,4747.74,0,West,Online
101192,CUST01078,2025-08-18,Electronics,5,3674.72,0.15,2756.04,18373.6,15617.56,0,West,Marketplace
101193,CUST00823,2024-10-02,Home & Kitchen,4,0.0,0.0,0.0,0.0,0.0,0,Central,Mobile App
101194,CUST00259,2024-11-07,Grocery,5,3747.13,0.0,0.0,18735.65,-18735.65,1,West,Online
101195,CUST00836,2024-06-25,Home & Kitchen,5,627.81,0.0,0.0,3139.05,-3139.05,1,Central,Marketplace
101196,CUST00977,2025-05-27,Home & Kitchen,5,4046.55,0.05,1011.64,20232.75,-19221.11,1,South,Mobile App
101197,CUST00654,2025-06-20,Electronics,3,1007.8,0.0,0.0,3023.4,3023.4,0,Central,Retail Store
101198,CUST00106,2025-04-03,Home & Kitchen,1,4589.3,0.15,688.4,4589.3,3900.9,0,North,Retail Store
101199,CUST00403,2025-03-24,Grocery,4,2566.86,0.0,0.0,10267.44,10267.44,0,North,Online
101200,CUST00135,2025-05-15,Beauty,3,4163.16,0.0,0.0,12489.48,12489.48,0,Central,Retail Store
101201,CUST00898,2024-09-14,Grocery,2,4708.46,0.05,470.85,9416.92,8946.07,0,West,Marketplace
101202,CUST00337,2025-02-04,Home & Kitchen,5,973.29,0.1,486.64,4866.45,4379.81,0,Central,Mobile App
101203,CUST00542,2025-07-08,Beauty,2,3642.22,0.15,1092.67,7284.44,6191.77,0,West,Online
101204,CUST00981,2024-06-17,Grocery,3,723.97,0.0,0.0,2171.91,2171.91,0,West,Retail Store
101205,CUST00505,2025-05-31,Grocery,5,1976.65,0.0,0.0,9883.25,9883.25,0,South,Marketplace
101206,CUST00990,2024-07-07,Beauty,2,3890.27,0.0,0.0,7780.54,7780.54,0,West,Marketplace
101207,CUST00549,2025-07-12,Apparel,2,699.74,0.0,0.0,1399.48,1399.48,0,North,Marketplace
101208,CUST00312,2024-05-11,Grocery,4,1273.49,0.0,0.0,5093.96,5093.96,0,West,Online
101209,CUST00080,2024-10-16,Sports,1,3137.81,0.0,0.0,3137.81,3137.81,0,Central,Marketplace
101210,CUST00666,2025-06-17,Apparel,3,2744.78,0.0,0.0,8234.34,8234.34,0,East,Retail Store
101211,CUST00695,2025-07-14,Apparel,5,1983.11,0.0,0.0,9915.55,9915.55,0,Central,Online
101212,CUST01192,2024-11-17,Apparel,3,758.76,0.0,0.0,2276.28,-2276.28,1,West,Marketplace
101213,CUST00359,2024-07-07,Apparel,1,1244.27,0.0,0.0,1244.27,1244.27,0,North,Online
101214,CUST00469,2024-06-18,Sports,1,2637.91,0.0,0.0,2637.91,2637.91,0,West,Retail Store
101215,CUST00911,2025-04-03,Beauty,1,3009.72,0.05,150.49,3009.72,2859.23,0,Central,Marketplace
101216,CUST00683,2024-03-05,Home & Kitchen,2,1289.36,0.0,0.0,2578.72,2578.72,0,East,Retail Store
101217,CUST00610,2024-08-15,Sports,3,4440.92,0.25,3330.69,13322.76,9992.07,0,South,Retail Store
101218,CUST01180,2024-06-19,Beauty,5,4936.98,0.05,1234.25,24684.9,23450.65,0,Central,Online
101219,CUST00988,2024-03-09,Sports,2,633.67,0.0,0.0,1267.34,1267.34,0,South,Online
101220,CUST00953,2024-05-01,Electronics,4,1898.32,0.1,759.33,7593.28,6833.95,0,South,Online
101221,CUST00937,2025-05-18,Sports,2,4655.59,0.0,0.0,9311.18,9311.18,0,West,Retail Store
101222,CUST01144,2024-06-01,Electronics,4,1880.17,0.0,0.0,7520.68,7520.68,0,South,Online
101223,CUST00781,2024-09-24,Beauty,2,0.0,0.0,0.0,0.0,0.0,0,Central,Mobile App
101224,CUST00688,2024-09-09,Beauty,4,3256.44,0.0,0.0,13025.76,13025.76,0,South,Online
101225,CUST00640,2024-11-19,Apparel,4,3028.71,0.1,1211.48,12114.84,10903.36,0,West,Marketplace
101226,CUST01130,2025-01-06,Sports,1,1900.87,0.0,0.0,1900.87,-1900.87,1,West,Retail Store
101228,CUST00561,2025-03-19,Grocery,5,472.86,0.15,354.65,2364.3,2009.65,0,West,Online
101229,CUST01008,2025-05-28,Beauty,4,2515.12,0.0,0.0,10060.48,10060.48,0,North,Online
101230,CUST00370,2024-12-16,Electronics,5,1195.85,0.0,0.0,5979.25,5979.25,0,North,Mobile App
101231,CUST00379,2025-01-05,Home & Kitchen,4,0.0,0.0,0.0,0.0,0.0,0,West,Retail Store
101232,CUST00656,2024-08-19,Apparel,4,3066.35,0.25,3066.35,12265.4,-9199.05,1,East,Retail Store
101233,CUST00505,2025-08-13,Home & Kitchen,2,1030.2,0.0,0.0,2060.4,2060.4,0,South,Marketplace
101234,CUST00090,2024-12-16,Home & Kitchen,1,1377.19,0.15,206.58,1377.19,-1170.61,1,South,Online
101235,CUST01151,2025-07-14,Sports,1,639.69,0.0,0.0,639.69,639.69,0,South,Online
101236,CUST00899,2025-04-12,Sports,4,4612.99,0.0,0.0,18451.96,18451.96,0,Central,Marketplace
101237,CUST01174,2025-05-02,Apparel,3,4395.43,0.25,3296.57,13186.29,9889.72,0,West,Marketplace
101238,CUST00903,2024-06-26,Apparel,1,700.2,0.0,0.0,700.2,700.2,0,Central,Online
101239,CUST00371,2024-03-10,Beauty,5,2336.8,0.0,0.0,11684.0,11684.0,0,South,Marketplace
101240,CUST00855,2024-12-06,Grocery,2,1059.07,0.4,847.26,2118.14,1270.88,0,East,Online
101241,CUST00021,2025-10-21,Grocery,3,706.12,0.15,317.75,2118.36,1800.61,0,South,Online
101242,CUST00313,2024-10-09,Beauty,2,2193.86,0.0,0.0,4387.72,4387.72,0,West,Online
101243,CUST00250,2024-09-03,Apparel,3,1281.04,0.0,0.0,3843.12,3843.12,0,Central,Marketplace
101244,CUST00814,2024-03-14,Beauty,5,4585.99,0.15,3439.49,22929.95,19490.46,0,North,Retail Store
101245,CUST00192,2025-01-15,Apparel,5,3046.7,0.0,0.0,15233.5,15233.5,0,South,Retail Store
101247,CUST00224,2025-05-09,Electronics,1,3132.49,0.0,0.0,3132.49,3132.49,0,West,Mobile App
101248,CUST00537,2024-06-12,Apparel,5,2070.81,0.0,0.0,10354.05,10354.05,0,Central,Marketplace
101249,CUST00679,2025-07-04,Grocery,2,1921.95,0.0,0.0,3843.9,3843.9,0,East,Marketplace
101250,CUST00639,2024-04-13,Home & Kitchen,1,1177.73,0.0,0.0,1177.73,1177.73,0,Central,Retail Store
101251,CUST00225,2024-12-31,Home & Kitchen,4,528.19,0.0,0.0,2112.76,2112.76,0,West,Online
101252,CUST00533,2024-09-20,Home & Kitchen,3,0.0,0.0,0.0,0.0,0.0,0,South,Mobile App
101253,CUST01065,2025-09-22,Grocery,3,643.47,0.15,289.56,1930.41,-1640.85,1,Central,Retail Store
101254,CUST01031,2024-12-27,Home & Kitchen,4,2177.94,0.05,435.59,8711.76,8276.17,0,North,Online
101255,CUST00591,2025-04-10,Beauty,4,2171.19,0.0,0.0,8684.76,-8684.76,1,North,Marketplace
101256,CUST00940,2025-11-05,Sports,5,4935.11,0.0,0.0,24675.55,-24675.55,1,South,Online
101257,CUST00367,2025-11-06,Beauty,3,3575.45,0.05,536.32,10726.35,10190.03,0,East,Retail Store
101258,CUST01087,2024-11-10,Grocery,2,3605.43,0.0,0.0,7210.86,7210.86,0,West,Marketplace
101259,CUST00303,2025-03-10,Grocery,4,940.2,0.0,0.0,3760.8,3760.8,0,East,Online
101260,CUST00058,2025-07-07,Grocery,2,3810.61,0.25,1905.3,7621.22,5715.92,0,Central,Retail Store
101261,CUST01040,2024-09-16,Electronics,4,4261.18,0.05,852.24,17044.72,16192.48,0,North,Marketplace
101262,CUST00035,2024-09-27,Sports,4,4357.31,0.0,0.0,17429.24,17429.24,0,South,Marketplace
101263,CUST00243,2025-07-17,Grocery,3,2064.72,0.1,619.42,6194.16,5574.74,0,East,Marketplace
101264,CUST00060,2024-07-12,Electronics,1,3466.44,0.0,0.0,3466.44,3466.44,0,West,Online
101265,CUST00715,2024-08-26,Electronics,3,0.0,0.0,0.0,0.0,0.0,0,West,Mobile App
101266,CUST00140,2025-07-19,Grocery,4,333.7,0.1,133.48,1334.8,1201.32,0,Central,Marketplace
101267,CUST01076,2025-05-16,Grocery,4,2204.5,0.0,0.0,8818.0,8818.0,0,North,Mobile App
101268,CUST00020,2025-02-16,Beauty,1,4359.69,0.0,0.0,4359.69,4359.69,0,Central,Online
101269,CUST00958,2024-08-22,Grocery,4,0.0,0.15,0.0,0.0,0.0,0,North,Online
101270,CUST00988,2024-02-09,Home & Kitchen,4,3245.38,0.0,0.0,12981.52,12981.52,0,South,Online
101271,CUST00965,2024-06-20,Grocery,4,728.63,0.0,0.0,2914.52,2914.52,0,South,Mobile App
101272,CUST00425,2024-03-27,Beauty,2,493.36,0.0,0.0,986.72,986.72,0,West,Mobile App
101273,CUST01063,2024-09-24,Electronics,2,3839.05,0.0,0.0,7678.1,7678.1,0,West,Online
101274,CUST00426,2024-10-27,Grocery,3,3525.93,0.0,0.0,10577.79,10577.79,0,East,Online
101275,CUST00680,2024-07-16,Beauty,5,2263.25,0.05,565.81,11316.25,10750.44,0,West,Online
101276,CUST00348,2024-12-30,Apparel,3,3511.19,0.25,2633.39,10533.57,7900.18,0,North,Retail Store
101277,CUST00034,2025-08-05,Apparel,4,2466.65,0.0,0.0,9866.6,9866.6,0,Central,Mobile App
101278,CUST00578,2025-07-03,Apparel,4,3300.4,0.0,0.0,13201.6,13201.6,0,East,Marketplace
101279,CUST00501,2025-05-08,Apparel,2,2004.15,0.05,200.42,4008.3,3807.88,0,South,Marketplace
101280,CUST00941,2024-07-11,Home & Kitchen,1,1525.77,0.0,0.0,1525.77,1525.77,0,South,Online
101281,CUST00078,2025-07-06,Grocery,1,440.22,0.15,66.03,440.22,374.19,0,East,Marketplace
101282,CUST00410,2024-04-01,Beauty,5,1044.01,0.0,0.0,5220.05,5220.05,0,South,Marketplace
101283,CUST00067,2025-05-06,Sports,3,3431.36,0.0,0.0,10294.08,10294.08,0,North,Online
101284,CUST00141,2025-07-26,Sports,3,3401.53,0.0,0.0,10204.59,10204.59,0,West,Online
101285,CUST00877,2024-09-26,Electronics,2,3131.12,0.0,0.0,6262.24,6262.24,0,Central,Retail Store
101286,CUST00466,2024-11-11,Electronics,3,345.62,0.0,0.0,1036.86,1036.86,0,Central,Retail Store
101287,CUST00252,2024-08-03,Home & Kitchen,1,3503.07,0.0,0.0,3503.07,3503.07,0,West,Online
101288,CUST00544,2024-08-11,Home & Kitchen,3,773.73,0.0,0.0,2321.19,2321.19,0,North,Marketplace
101289,CUST01149,2024-09-19,Apparel,3,1396.94,0.0,0.0,4190.82,-4190.82,1,North,Retail Store
101291,CUST01022,2025-05-25,Home & Kitchen,5,3208.4,0.0,0.0,16042.0,16042.0,0,North,Marketplace
101292,CUST00908,2024-08-21,Beauty,4,2498.62,0.1,999.45,9994.48,8995.03,0,North,Online
101293,CUST01100,2024-04-15,Sports,5,3078.55,0.0,0.0,15392.75,15392.75,0,South,Online
101294,CUST00908,2025-01-05,Beauty,4,2314.36,0.0,0.0,9257.44,9257.44,0,North,Online
101295,CUST01059,2024-09-27,Apparel,1,3839.16,0.0,0.0,3839.16,3839.16,0,East,Retail Store
101296,CUST01054,2024-08-31,Home & Kitchen,5,3976.78,0.25,4970.98,19883.9,14912.92,0,Central,Online
101297,CUST01141,2024-12-19,Sports,3,372.36,0.0,0.0,1117.08,1117.08,0,North,Retail Store
101298,CUST00810,2024-02-16,Grocery,5,3786.71,0.0,0.0,18933.55,-18933.55,1,North,Online
101299,CUST00149,2025-04-03,Beauty,3,2784.01,0.0,0.0,8352.03,8352.03,0,West,Online
101300,CUST00449,2025-02-27,Sports,5,1266.38,0.15,949.78,6331.9,-5382.12,1,West,Marketplace
101301,CUST00133,2024-12-24,Electronics,5,1031.12,0.0,0.0,5155.6,5155.6,0,North,Online
101302,CUST00044,2025-04-29,Home & Kitchen,3,3419.36,0.0,0.0,10258.08,10258.08,0,North,Marketplace
101303,CUST00429,2025-02-01,Grocery,2,2792.22,0.1,558.44,5584.44,5026.0,0,Central,Marketplace
101304,CUST00067,2024-11-19,Apparel,3,1421.67,0.0,0.0,4265.01,-4265.01,1,North,Online
101305,CUST01022,2025-07-14,Electronics,5,2604.67,0.0,0.0,13023.35,13023.35,0,North,Marketplace
101307,CUST00798,2025-09-18,Electronics,3,4437.87,0.15,1997.04,13313.61,11316.57,0,West,Marketplace
101308,CUST01154,2025-01-22,Sports,5,3637.08,0.1,1818.54,18185.4,16366.86,0,South,Marketplace
101309,CUST00121,2024-06-04,Sports,1,4419.16,0.1,441.92,4419.16,3977.24,0,West,Marketplace
101311,CUST00457,2024-09-09,Apparel,5,4993.12,0.05,1248.28,24965.6,23717.32,0,Central,Online
101312,CUST00012,2024-03-31,Sports,3,0.0,0.0,0.0,0.0,0.0,0,North,Online
101313,CUST00233,2024-08-22,Home & Kitchen,2,2817.61,0.0,0.0,5635.22,5635.22,0,Central,Online
101314,CUST00481,2025-09-03,Home & Kitchen,2,1018.94,0.0,0.0,2037.88,2037.88,0,North,Mobile App
101315,CUST00654,2025-11-29,Electronics,5,4232.31,0.0,0.0,21161.55,21161.55,0,Central,Retail Store
101316,CUST01122,2025-04-30,Grocery,1,524.17,0.0,0.0,524.17,524.17,0,East,Online
101317,CUST00500,2024-12-03,Grocery,5,2358.98,0.0,0.0,11794.9,11794.9,0,South,Marketplace
101318,CUST00879,2024-08-24,Grocery,1,2331.38,0.1,233.14,2331.38,2098.24,0,West,Retail Store
101319,CUST00529,2025-01-04,Home & Kitchen,4,627.21,0.0,0.0,2508.84,2508.84,0,South,Online
101320,CUST00778,2025-06-25,Home & Kitchen,2,4231.32,0.0,0.0,8462.64,8462.64,0,South,Online
101321,CUST00786,2024-09-07,Apparel,4,1627.66,0.0,0.0,6510.64,6510.64,0,North,Retail Store
101322,CUST00856,2025-12-10,Home & Kitchen,2,4769.33,0.05,476.93,9538.66,9061.73,0,East,Retail Store
101323,CUST00342,2025-06-01,Electronics,4,2263.3,0.1,905.32,9053.2,8147.88,0,West,Mobile App
101324,CUST00902,2025-06-22,Home & Kitchen,4,756.11,0.05,151.22,3024.44,2873.22,0,North,Retail Store
101325,CUST01035,2024-09-14,Home & Kitchen,5,1578.79,0.0,0.0,7893.95,7893.95,0,West,Retail Store
101326,CUST00417,2024-04-24,Beauty,2,4576.76,0.4,3661.41,9153.52,-5492.11,1,North,Online
101327,CUST00357,2025-01-24,Sports,1,3277.02,0.0,0.0,3277.02,3277.02,0,East,Online
101328,CUST00053,2024-06-19,Grocery,5,986.47,0.0,0.0,4932.35,4932.35,0,North,Online
101329,CUST01038,2024-07-08,Apparel,5,1112.2,0.0,0.0,5561.0,5561.0,0,South,Mobile App
101331,CUST00309,2024-06-13,Sports,3,3095.76,0.4,3714.91,9287.28,5572.37,0,Central,Retail Store
101332,CUST00220,2024-06-22,Apparel,1,403.38,0.0,0.0,403.38,403.38,0,West,Retail Store
101333,CUST00871,2024-10-06,Electronics,1,2817.3,0.0,0.0,2817.3,2817.3,0,North,Online
101334,CUST01054,2024-12-05,Sports,3,1136.98,0.05,170.55,3410.94,3240.39,0,Central,Online
101335,CUST00432,2025-01-16,Electronics,2,484.36,0.0,0.0,968.72,968.72,0,Central,Online
101336,CUST00657,2024-04-17,Grocery,1,3204.99,0.0,0.0,3204.99,3204.99,0,North,Online
101337,CUST00981,2024-07-16,Apparel,4,4356.16,0.0,0.0,17424.64,17424.64,0,West,Retail Store
101338,CUST00615,2024-07-16,Apparel,2,4822.73,0.0,0.0,9645.46,9645.46,0,South,Marketplace
101339,CUST01145,2024-03-13,Home & Kitchen,5,3159.55,0.0,0.0,15797.75,15797.75,0,West,Online
101340,CUST00234,2025-07-22,Beauty,5,935.48,0.0,0.0,4677.4,4677.4,0,Central,Marketplace
101341,CUST00177,2025-05-28,Sports,2,3050.51,0.0,0.0,6101.02,6101.02,0,West,Marketplace
101342,CUST01130,2025-12-17,Sports,2,4853.95,0.0,0.0,9707.9,9707.9,0,West,Retail Store
101343,CUST00023,2024-07-16,Sports,1,914.82,0.0,0.0,914.82,914.82,0,East,Marketplace
101344,CUST00689,2024-11-26,Apparel,2,4967.53,0.1,993.51,9935.06,8941.55,0,West,Online
101345,CUST00754,2024-12-20,Electronics,3,1368.06,0.0,0.0,4104.18,4104.18,0,West,Retail Store
101346,CUST00615,2024-06-14,Apparel,3,3200.91,0.1,960.27,9602.73,8642.46,0,South,Marketplace
101347,CUST00463,2025-03-26,Grocery,5,2976.15,0.0,0.0,14880.75,14880.75,0,South,Mobile App
101348,CUST00370,2024-09-07,Grocery,2,0.0,0.1,0.0,0.0,0.0,0,North,Mobile App
101349,CUST00663,2024-06-11,Apparel,5,4528.69,0.0,0.0,22643.45,22643.45,0,South,Online
101350,CUST00565,2025-06-26,Beauty,2,3334.46,0.0,0.0,6668.92,6668.92,0,Central,Online
101351,CUST00310,2025-01-26,Sports,2,2474.97,0.0,0.0,4949.94,4949.94,0,Central,Online
101352,CUST00865,2025-04-12,Electronics,3,879.01,0.0,0.0,2637.03,-2637.03,1,South,Marketplace
101353,CUST00823,2024-12-07,Grocery,3,1751.92,0.15,788.36,5255.76,4467.4,0,Central,Mobile App
101354,CUST00566,2024-04-20,Grocery,2,4173.33,0.25,2086.66,8346.66,6260.0,0,Central,Marketplace
101355,CUST00558,2024-12-01,Beauty,2,2841.64,0.0,0.0,5683.28,-5683.28,1,North,Online
101356,CUST00293,2025-04-15,Apparel,1,4672.51,0.0,0.0,4672.51,4672.51,0,Central,Online
101357,CUST01003,2025-07-23,Home & Kitchen,2,1806.7,0.1,361.34,3613.4,3252.06,0,South,Marketplace
101358,CUST00708,2025-04-20,Home & Kitchen,1,3553.24,0.0,0.0,3553.24,3553.24,0,Central,Mobile App
101359,CUST00904,2024-10-31,Home & Kitchen,5,2743.24,0.0,0.0,13716.2,13716.2,0,East,Online
101360,CUST01186,2025-02-13,Home & Kitchen,2,2210.67,0.05,221.07,4421.34,4200.27,0,South,Marketplace
101361,CUST01001,2024-12-29,Sports,4,4228.05,0.0,0.0,16912.2,16912.2,0,West,Mobile App
101362,CUST01065,2025-08-02,Electronics,3,4566.06,0.0,0.0,13698.18,13698.18,0,Central,Retail Store
101363,CUST00403,2025-05-07,Sports,3,4727.23,0.0,0.0,14181.69,-14181.69,1,North,Online
101364,CUST00124,2025-06-15,Grocery,2,1578.06,0.0,0.0,3156.12,3156.12,0,East,Marketplace
101365,CUST00258,2024-04-12,Home & Kitchen,2,220.76,0.25,110.38,441.52,331.14,0,Central,Retail Store
101366,CUST00717,2025-06-19,Sports,5,4353.04,0.15,3264.78,21765.2,18500.42,0,Central,Online
101367,CUST00422,2025-04-30,Sports,3,4713.92,0.0,0.0,14141.76,14141.76,0,West,Online
101368,CUST01029,2025-08-05,Home & Kitchen,2,4365.46,0.15,1309.64,8730.92,7421.28,0,Central,Online
101369,CUST00026,2024-03-30,Grocery,2,4468.18,0.15,1340.45,8936.36,7595.91,0,East,Online
101370,CUST00596,2025-05-11,Apparel,1,1789.36,0.0,0.0,1789.36,1789.36,0,North,Online
101372,CUST00448,2025-04-04,Apparel,2,3351.63,0.0,0.0,6703.26,6703.26,0,East,Marketplace
101373,CUST00150,2025-04-06,Home & Kitchen,2,1389.43,0.0,0.0,2778.86,-2778.86,1,West,Marketplace
101375,CUST00935,2025-11-26,Apparel,1,993.96,0.0,0.0,993.96,993.96,0,East,Online
101376,CUST00359,2024-04-13,Apparel,3,1134.7,0.0,0.0,3404.1,3404.1,0,North,Online
101377,CUST00002,2025-05-09,Grocery,4,3527.39,0.0,0.0,14109.56,14109.56,0,East,Online
101378,CUST00325,2024-05-28,Beauty,4,454.76,0.0,0.0,1819.04,1819.04,0,West,Mobile App
101379,CUST00748,2024-12-13,Home & Kitchen,1,2896.2,0.0,0.0,2896.2,-2896.2,1,West,Marketplace
101380,CUST00911,2025-04-21,Electronics,3,2166.67,0.0,0.0,6500.01,6500.01,0,Central,Marketplace
101381,CUST00932,2024-09-19,Sports,2,2141.69,0.4,1713.35,4283.38,2570.03,0,Central,Marketplace
101382,CUST01174,2025-01-05,Home & Kitchen,3,3178.46,0.0,0.0,9535.38,9535.38,0,West,Marketplace
101383,CUST00883,2025-05-20,Beauty,5,2361.57,0.0,0.0,11807.85,11807.85,0,Central,Marketplace
101384,CUST00131,2025-02-16,Beauty,3,4657.32,0.0,0.0,13971.96,13971.96,0,West,Retail Store
101385,CUST00631,2025-07-12,Electronics,4,3177.29,0.0,0.0,12709.16,12709.16,0,Central,Marketplace
101386,CUST01127,2025-03-21,Electronics,4,1021.29,0.1,408.52,4085.16,3676.64,0,East,Online
101387,CUST00260,2025-01-28,Grocery,2,1947.75,0.0,0.0,3895.5,3895.5,0,West,Retail Store
101388,CUST00675,2024-09-10,Beauty,2,1275.54,0.25,637.77,2551.08,1913.31,0,South,Mobile App
101390,CUST01175,2024-11-01,Sports,4,4126.95,0.1,1650.78,16507.8,14857.02,0,West,Online
101391,CUST01026,2024-10-15,Beauty,4,2177.87,0.0,0.0,8711.48,8711.48,0,East,Marketplace
101392,CUST00169,2025-01-06,Beauty,5,2777.53,0.0,0.0,13887.65,13887.65,0,North,Online
101393,CUST00548,2025-08-31,Beauty,4,3949.47,0.0,0.0,15797.88,15797.88,0,South,Mobile App
101394,CUST00999,2025-12-17,Beauty,2,986.08,0.25,493.04,1972.16,1479.12,0,South,Online
101395,CUST00577,2024-10-19,Beauty,3,3963.07,0.0,0.0,11889.21,11889.21,0,North,Marketplace
101396,CUST00956,2024-11-17,Electronics,1,3374.02,0.1,337.4,3374.02,3036.62,0,East,Online
101397,CUST00897,2025-03-14,Home & Kitchen,5,856.65,0.0,0.0,4283.25,4283.25,0,West,Retail Store
101398,CUST01146,2025-10-25,Grocery,4,3944.89,0.05,788.98,15779.56,14990.58,0,South,Online
101399,CUST01163,2024-06-04,Grocery,5,1982.53,0.0,0.0,9912.65,9912.65,0,Central,Online
101401,CUST00598,2024-05-20,Sports,4,940.45,0.0,0.0,3761.8,3761.8,0,South,Retail Store
101402,CUST01086,2024-09-30,Beauty,3,4209.57,0.0,0.0,12628.71,12628.71,0,South,Marketplace
101403,CUST00881,2025-03-23,Grocery,4,513.32,0.0,0.0,2053.28,2053.28,0,South,Online
101404,CUST00611,2024-05-19,Beauty,2,3120.38,0.0,0.0,6240.76,6240.76,0,West,Mobile App
101405,CUST00813,2024-07-23,Electronics,5,1888.71,0.0,0.0,9443.55,-9443.55,1,North,Online
101406,CUST00401,2024-12-17,Beauty,2,1759.8,0.0,0.0,3519.6,3519.6,0,West,Online
101407,CUST00044,2025-01-30,Grocery,3,3453.68,0.0,0.0,10361.04,10361.04,0,North,Marketplace
101408,CUST00111,2024-06-20,Sports,3,472.84,0.05,70.93,1418.52,1347.59,0,Central,Online
101409,CUST00599,2024-10-12,Grocery,4,1352.34,0.0,0.0,5409.36,5409.36,0,West,Online
101410,CUST00081,2025-07-05,Sports,2,3893.11,0.15,1167.93,7786.22,6618.29,0,West,Online
101411,CUST00470,2025-04-17,Apparel,1,2442.81,0.0,0.0,2442.81,2442.81,0,West,Marketplace
101412,CUST01038,2024-06-22,Home & Kitchen,3,3129.1,0.1,938.73,9387.3,8448.57,0,South,Mobile App
101413,CUST00245,2025-08-27,Beauty,5,4834.31,0.0,0.0,24171.55,24171.55,0,West,Online
101414,CUST00710,2024-05-19,Electronics,3,2891.25,0.0,0.0,8673.75,8673.75,0,West,Marketplace
101415,CUST01153,2024-12-10,Sports,4,4060.02,0.0,0.0,16240.08,16240.08,0,North,Marketplace
101416,CUST00770,2024-03-24,Home & Kitchen,4,299.25,0.1,119.7,1197.0,1077.3,0,Central,Marketplace
101417,CUST01021,2024-09-13,Sports,4,1125.06,0.0,0.0,4500.24,4500.24,0,West,Online
101418,CUST00894,2025-09-06,Apparel,3,1551.04,0.0,0.0,4653.12,4653.12,0,South,Retail Store
101419,CUST00571,2024-09-10,Electronics,4,3561.53,0.05,712.31,14246.12,13533.81,0,Central,Marketplace
101420,CUST00902,2025-03-18,Home & Kitchen,3,406.18,0.0,0.0,1218.54,1218.54,0,North,Retail Store
101421,CUST00557,2024-07-03,Electronics,4,1588.79,0.1,635.52,6355.16,5719.64,0,Central,Retail Store
101422,CUST00062,2024-10-30,Home & Kitchen,5,1537.94,0.1,768.97,7689.7,6920.73,0,South,Marketplace
101423,CUST01076,2025-10-14,Beauty,5,1603.65,0.1,801.82,8018.25,7216.43,0,North,Mobile App
101424,CUST00616,2025-03-04,Electronics,5,1521.57,0.0,0.0,7607.85,-7607.85,1,West,Online
101425,CUST00567,2025-01-01,Beauty,5,3422.1,0.0,0.0,17110.5,17110.5,0,North,Marketplace
101426,CUST01058,2025-05-25,Beauty,5,3774.32,0.0,0.0,18871.6,18871.6,0,South,Marketplace
101428,CUST00367,2025-06-09,Sports,1,3662.4,0.0,0.0,3662.4,3662.4,0,East,Retail Store
101429,CUST00677,2025-06-08,Apparel,1,1803.73,0.0,0.0,1803.73,1803.73,0,East,Online
101430,CUST00303,2025-01-23,Sports,5,3095.14,0.0,0.0,15475.7,15475.7,0,East,Online
101431,CUST01018,2025-02-02,Grocery,3,4573.48,0.0,0.0,13720.44,13720.44,0,North,Retail Store
101432,CUST00441,2024-07-16,Home & Kitchen,4,2670.86,0.0,0.0,10683.44,10683.44,0,East,Marketplace
101433,CUST00846,2025-11-09,Grocery,3,627.93,0.0,0.0,1883.79,1883.79,0,West,Marketplace
101434,CUST01192,2025-05-01,Electronics,3,961.27,0.05,144.19,2883.81,2739.62,0,West,Marketplace
101435,CUST01158,2025-11-07,Sports,5,1800.29,0.15,1350.22,9001.45,7651.23,0,North,Marketplace
101436,CUST01002,2024-10-23,Apparel,1,3447.12,0.0,0.0,3447.12,3447.12,0,South,Online
101437,CUST00276,2025-05-30,Apparel,3,975.1,0.1,292.53,2925.3,2632.77,0,South,Online
101438,CUST00415,2025-02-15,Electronics,5,1241.55,0.1,620.78,6207.75,5586.97,0,North,Online
101439,CUST00074,2024-06-07,Home & Kitchen,2,1962.99,0.0,0.0,3925.98,3925.98,0,Central,Retail Store
101440,CUST00066,2024-11-27,Home & Kitchen,2,1915.3,0.1,383.06,3830.6,3447.54,0,West,Online
101441,CUST00717,2025-06-28,Beauty,4,0.0,0.0,0.0,0.0,0.0,0,Central,Online
101442,CUST00505,2025-09-10,Grocery,3,374.32,0.15,168.44,1122.96,954.52,0,South,Marketplace
101443,CUST01021,2024-09-02,Beauty,5,1705.98,0.0,0.0,8529.9,-8529.9,1,West,Online
101444,CUST00799,2024-06-28,Sports,2,696.55,0.0,0.0,1393.1,1393.1,0,South,Marketplace
101445,CUST00010,2025-01-27,Beauty,4,4742.86,0.0,0.0,18971.44,18971.44,0,East,Mobile App
101447,CUST00566,2024-03-05,Sports,5,4276.58,0.0,0.0,21382.9,21382.9,0,Central,Marketplace
101448,CUST00620,2024-08-07,Apparel,3,2940.3,0.0,0.0,8820.9,8820.9,0,Central,Marketplace
101449,CUST00238,2024-03-31,Grocery,4,4797.36,0.1,1918.94,19189.44,17270.5,0,South,Retail Store
101450,CUST01178,2024-08-04,Beauty,5,1103.78,0.0,0.0,5518.9,5518.9,0,West,Retail Store
101451,CUST00927,2025-02-27,Home & Kitchen,3,2084.28,0.0,0.0,6252.84,6252.84,0,East,Online
101452,CUST00933,2024-11-06,Home & Kitchen,2,1947.21,0.1,389.44,3894.42,3504.98,0,North,Online
101453,CUST00689,2024-06-25,Apparel,1,4047.84,0.0,0.0,4047.84,-4047.84,1,West,Online
101454,CUST01066,2024-03-27,Electronics,2,375.85,0.0,0.0,751.7,751.7,0,South,Mobile App
101455,CUST00139,2024-09-18,Home & Kitchen,4,3058.26,0.0,0.0,12233.04,12233.04,0,East,Online
101457,CUST00126,2024-12-16,Grocery,1,316.47,0.1,31.65,316.47,284.82,0,North,Marketplace
101458,CUST00989,2024-07-18,Electronics,4,4011.36,0.0,0.0,16045.44,16045.44,0,West,Mobile App
101459,CUST00054,2025-02-28,Home & Kitchen,2,1369.36,0.0,0.0,2738.72,2738.72,0,South,Retail Store
101461,CUST00407,2025-10-03,Grocery,1,260.32,0.0,0.0,260.32,260.32,0,North,Marketplace
101462,CUST00588,2024-06-15,Grocery,2,481.89,0.0,0.0,963.78,963.78,0,West,Online
101463,CUST00893,2025-01-20,Grocery,1,2742.41,0.0,0.0,2742.41,2742.41,0,West,Marketplace
101464,CUST00947,2025-02-25,Sports,2,4804.23,0.0,0.0,9608.46,9608.46,0,West,Mobile App
101465,CUST01173,2025-06-14,Apparel,1,1660.63,0.0,0.0,1660.63,1660.63,0,South,Online
101466,CUST00662,2025-01-27,Home & Kitchen,2,3261.53,0.15,978.46,6523.06,5544.6,0,West,Online
101467,CUST00858,2024-05-22,Electronics,5,0.0,0.0,0.0,0.0,0.0,0,Central,Online
101468,CUST00433,2025-05-05,Apparel,3,3120.37,0.0,0.0,9361.11,-9361.11,1,East,Online
101469,CUST00383,2025-06-09,Sports,1,3532.08,0.0,0.0,3532.08,-3532.08,1,South,Marketplace
101470,CUST00062,2024-09-27,Beauty,4,1236.09,0.0,0.0,4944.36,4944.36,0,South,Marketplace
101471,CUST01046,2025-07-16,Apparel,2,1649.28,0.25,824.64,3298.56,2473.92,0,Central,Marketplace
101472,CUST00645,2025-11-25,Sports,5,2515.59,0.0,0.0,12577.95,12577.95,0,West,Marketplace
101473,CUST01129,2025-01-15,Electronics,2,3361.72,0.0,0.0,6723.44,-6723.44,1,Central,Marketplace
101474,CUST00242,2025-05-23,Beauty,2,4462.53,0.25,2231.26,8925.06,6693.8,0,North,Retail Store
101475,CUST00582,2024-08-24,Home & Kitchen,3,1509.96,0.0,0.0,4529.88,4529.88,0,South,Marketplace
101476,CUST00616,2025-10-21,Electronics,5,2326.56,0.0,0.0,11632.8,11632.8,0,West,Online
101477,CUST00646,2024-07-23,Electronics,4,1439.25,0.0,0.0,5757.0,5757.0,0,South,Mobile App
101478,CUST00853,2024-11-14,Beauty,4,1394.26,0.0,0.0,5577.04,5577.04,0,East,Marketplace
101479,CUST00770,2024-06-10,Apparel,3,817.25,0.15,367.76,2451.75,2083.99,0,Central,Marketplace
101480,CUST00479,2025-01-31,Home & Kitchen,3,1784.14,0.0,0.0,5352.42,5352.42,0,Central,Mobile App
101481,CUST00048,2025-07-13,Home & Kitchen,1,1292.94,0.0,0.0,1292.94,1292.94,0,West,Online
101482,CUST00195,2025-06-12,Beauty,1,2741.72,0.0,0.0,2741.72,2741.72,0,South,Online
101483,CUST00218,2025-03-12,Grocery,5,1729.29,0.0,0.0,8646.45,8646.45,0,East,Online
101484,CUST00160,2024-06-01,Electronics,5,3682.62,0.05,920.66,18413.1,17492.44,0,North,Online
101485,CUST00857,2024-11-09,Apparel,5,255.63,0.0,0.0,1278.15,1278.15,0,South,Retail Store
101487,CUST00612,2024-02-12,Apparel,2,3567.46,0.0,0.0,7134.92,7134.92,0,South,Online
101488,CUST01196,2024-06-19,Electronics,2,3191.08,0.0,0.0,6382.16,6382.16,0,East,Online
101489,CUST00150,2025-02-01,Beauty,5,688.43,0.05,172.11,3442.15,3270.04,0,West,Marketplace
101490,CUST01129,2025-03-17,Grocery,2,3191.59,0.0,0.0,6383.18,6383.18,0,Central,Marketplace
101491,CUST00976,2025-01-28,Apparel,4,3602.76,0.0,0.0,14411.04,14411.04,0,Central,Online
101492,CUST00481,2025-07-11,Beauty,2,598.55,0.0,0.0,1197.1,1197.1,0,North,Mobile App
101493,CUST01187,2025-08-12,Sports,3,1434.59,0.0,0.0,4303.77,4303.77,0,North,Retail Store
101494,CUST00046,2024-04-08,Beauty,1,2969.37,0.0,0.0,2969.37,2969.37,0,North,Online
101495,CUST00594,2024-08-23,Home & Kitchen,4,4154.57,0.1,1661.83,16618.28,14956.45,0,West,Online
101496,CUST00203,2025-01-14,Grocery,5,3787.29,0.0,0.0,18936.45,18936.45,0,East,Retail Store
101497,CUST00147,2025-02-15,Apparel,3,3471.47,0.0,0.0,10414.41,10414.41,0,North,Online
101498,CUST00900,2024-11-04,Beauty,3,4617.04,0.1,1385.11,13851.12,12466.01,0,West,Online
101499,CUST00345,2025-12-19,Beauty,3,4320.41,0.0,0.0,12961.23,12961.23,0,West,Online
101500,CUST00784,2025-10-13,Beauty,2,4670.96,0.0,0.0,9341.92,9341.92,0,Central,Marketplace
101502,CUST00890,2025-03-21,Grocery,4,1344.35,0.1,537.74,5377.4,4839.66,0,North,Online
101503,CUST00738,2024-04-02,Grocery,5,3401.24,0.0,0.0,17006.2,17006.2,0,East,Online
101504,CUST01142,2024-12-09,Beauty,3,711.2,0.0,0.0,2133.6,-2133.6,1,Central,Online
101505,CUST00194,2025-04-05,Home & Kitchen,5,2405.69,0.0,0.0,12028.45,12028.45,0,South,Online
101506,CUST00898,2025-07-09,Sports,3,4384.48,0.0,0.0,13153.44,13153.44,0,West,Marketplace
101507,CUST00044,2025-03-12,Electronics,3,4844.0,0.1,1453.2,14532.0,13078.8,0,North,Marketplace
101508,CUST00336,2025-03-10,Grocery,2,3314.31,0.0,0.0,6628.62,6628.62,0,West,Online
101509,CUST00916,2025-11-03,Grocery,4,391.99,0.05,78.4,1567.96,1489.56,0,North,Mobile App
101510,CUST00346,2025-05-05,Beauty,5,1391.96,0.05,347.99,6959.8,6611.81,0,South,Online
101511,CUST01149,2025-01-21,Apparel,3,1372.73,0.0,0.0,4118.19,4118.19,0,North,Retail Store
101512,CUST00191,2024-06-30,Sports,5,3271.58,0.0,0.0,16357.9,16357.9,0,South,Online
101513,CUST00677,2025-05-12,Electronics,3,3556.73,0.0,0.0,10670.19,10670.19,0,East,Online
101514,CUST00836,2024-05-24,Apparel,3,437.7,0.0,0.0,1313.1,1313.1,0,Central,Marketplace
101515,CUST00411,2024-12-05,Apparel,5,2264.57,0.15,1698.43,11322.85,9624.42,0,South,Marketplace
101516,CUST00011,2025-07-02,Electronics,2,4767.79,0.0,0.0,9535.58,9535.58,0,West,Retail Store
101517,CUST00824,2024-06-03,Apparel,1,2386.41,0.0,0.0,2386.41,2386.41,0,West,Online
101518,CUST01040,2024-09-24,Electronics,2,4407.04,0.0,0.0,8814.08,8814.08,0,North,Marketplace
101519,CUST00712,2025-08-18,Electronics,2,4532.75,0.0,0.0,9065.5,9065.5,0,West,Mobile App
101520,CUST00078,2025-08-30,Home & Kitchen,3,3064.98,0.0,0.0,9194.94,9194.94,0,East,Marketplace
101521,CUST00844,2024-12-09,Home & Kitchen,4,3053.75,0.0,0.0,12215.0,12215.0,0,North,Marketplace
101523,CUST00028,2025-05-12,Grocery,2,3831.84,0.0,0.0,7663.68,7663.68,0,South,Online
101524,CUST00228,2024-12-15,Electronics,4,4919.31,0.0,0.0,19677.24,19677.24,0,Central,Online
101525,CUST00066,2025-02-06,Apparel,2,1314.21,0.1,262.84,2628.42,2365.58,0,West,Online
101526,CUST00922,2025-03-29,Home & Kitchen,2,3351.93,0.0,0.0,6703.86,6703.86,0,Central,Online
101527,CUST00971,2024-12-03,Apparel,3,4665.63,0.0,0.0,13996.89,13996.89,0,North,Online
101528,CUST01003,2025-08-30,Electronics,1,3744.81,0.0,0.0,3744.81,-3744.81,1,South,Marketplace
101529,CUST00956,2024-10-15,Grocery,4,2428.94,0.0,0.0,9715.76,9715.76,0,East,Online
101530,CUST00192,2024-12-29,Apparel,1,1330.95,0.0,0.0,1330.95,-1330.95,1,South,Retail Store
101531,CUST00904,2024-11-21,Apparel,5,2480.89,0.0,0.0,12404.45,-12404.45,1,East,Online
101532,CUST00788,2025-05-17,Grocery,3,1047.46,0.0,0.0,3142.38,3142.38,0,North,Retail Store
101533,CUST00831,2024-11-21,Home & Kitchen,4,2738.41,0.0,0.0,10953.64,10953.64,0,Central,Marketplace
101534,CUST00130,2024-08-19,Sports,4,1727.03,0.1,690.81,6908.12,6217.31,0,East,Marketplace
101535,CUST01037,2024-06-04,Electronics,4,1076.54,0.1,430.62,4306.16,3875.54,0,North,Online
101536,CUST01087,2024-08-24,Apparel,3,1312.48,0.0,0.0,3937.44,3937.44,0,West,Marketplace
101537,CUST00065,2025-04-23,Beauty,4,4304.18,0.05,860.84,17216.72,16355.88,0,North,Online
101538,CUST00723,2025-08-12,Home & Kitchen,1,3847.79,0.0,0.0,3847.79,3847.79,0,East,Online
101539,CUST00181,2025-11-17,Beauty,5,3090.31,0.15,2317.73,15451.55,13133.82,0,West,Online
101540,CUST01147,2024-06-23,Sports,3,4353.32,0.0,0.0,13059.96,13059.96,0,East,Mobile App
101541,CUST00828,2025-04-27,Home & Kitchen,3,0.0,0.0,0.0,0.0,0.0,0,North,Online
101542,CUST00935,2025-07-06,Electronics,1,4698.16,0.0,0.0,4698.16,4698.16,0,East,Online
101543,CUST00012,2024-03-31,Grocery,5,4527.9,0.0,0.0,22639.5,22639.5,0,North,Online
101544,CUST00937,2025-06-21,Home & Kitchen,3,3566.69,0.0,0.0,10700.07,10700.07,0,West,Retail Store
101545,CUST01098,2025-02-15,Grocery,5,738.6,0.0,0.0,3693.0,3693.0,0,East,Marketplace
101546,CUST00175,2024-08-20,Apparel,5,3518.04,0.0,0.0,17590.2,17590.2,0,North,Retail Store
101547,CUST00113,2025-12-20,Apparel,1,2744.55,0.0,0.0,2744.55,-2744.55,1,West,Online
101548,CUST00683,2024-05-01,Apparel,3,1687.19,0.1,506.16,5061.57,4555.41,0,East,Retail Store
101549,CUST00223,2025-07-30,Sports,3,4980.04,0.0,0.0,14940.12,14940.12,0,South,Marketplace
101550,CUST01097,2024-12-30,Electronics,1,963.68,0.0,0.0,963.68,-963.68,1,West,Online
101551,CUST00218,2025-02-03,Grocery,4,1846.47,0.0,0.0,7385.88,7385.88,0,East,Online
101552,CUST01000,2025-10-07,Sports,3,1950.31,0.0,0.0,5850.93,5850.93,0,West,Retail Store
101553,CUST00801,2024-10-29,Sports,3,670.13,0.0,0.0,2010.39,2010.39,0,North,Marketplace
101554,CUST00988,2024-05-28,Home & Kitchen,2,3772.98,0.0,0.0,7545.96,7545.96,0,South,Online
101556,CUST00429,2025-02-27,Grocery,3,2517.89,0.15,1133.05,7553.67,6420.62,0,Central,Marketplace
101557,CUST00131,2025-04-11,Apparel,3,2452.18,0.1,735.65,7356.54,6620.89,0,West,Retail Store
101558,CUST00629,2025-11-29,Grocery,4,3318.28,0.1,1327.31,13273.12,11945.81,0,West,Online
101559,CUST00634,2024-06-10,Beauty,3,2068.02,0.0,0.0,6204.06,6204.06,0,Central,Online
101560,CUST00432,2025-03-30,Apparel,5,3373.76,0.1,1686.88,16868.8,15181.92,0,Central,Online
101561,CUST00061,2024-07-26,Beauty,1,4983.15,0.1,498.32,4983.15,4484.83,0,West,Online
101562,CUST00208,2025-08-13,Grocery,4,2460.05,0.0,0.0,9840.2,9840.2,0,West,Online
101563,CUST00078,2025-06-14,Apparel,4,2443.93,0.0,0.0,9775.72,9775.72,0,East,Marketplace
101564,CUST00147,2024-10-05,Sports,2,4748.12,0.4,3798.5,9496.24,5697.74,0,North,Online
101565,CUST00796,2025-03-10,Grocery,4,4795.04,0.0,0.0,19180.16,19180.16,0,South,Retail Store
101566,CUST00482,2024-12-05,Electronics,2,3287.08,0.1,657.42,6574.16,5916.74,0,West,Online
101567,CUST00004,2024-06-02,Grocery,2,1892.09,0.05,189.21,3784.18,3594.97,0,East,Online
101568,CUST01083,2025-10-17,Electronics,2,2503.23,0.0,0.0,5006.46,5006.46,0,West,Online
101569,CUST00155,2024-10-07,Home & Kitchen,4,2379.63,0.0,0.0,9518.52,9518.52,0,Central,Retail Store
101570,CUST00285,2025-03-08,Electronics,4,3488.97,0.15,2093.38,13955.88,11862.5,0,Central,Online
101571,CUST00330,2024-09-07,Electronics,4,645.13,0.0,0.0,2580.52,2580.52,0,West,Online
101572,CUST00859,2024-11-03,Apparel,5,3623.76,0.0,0.0,18118.8,18118.8,0,Central,Mobile App
101573,CUST00785,2024-04-21,Sports,3,4963.02,0.1,1488.91,14889.06,13400.15,0,West,Retail Store
101574,CUST00220,2024-06-18,Apparel,3,2631.71,0.0,0.0,7895.13,7895.13,0,West,Retail Store
101575,CUST00097,2025-08-21,Beauty,1,4656.05,0.0,0.0,4656.05,4656.05,0,Central,Marketplace
101576,CUST01001,2025-06-25,Home & Kitchen,2,3007.4,0.0,0.0,6014.8,6014.8,0,West,Mobile App
101577,CUST01010,2024-08-09,Apparel,2,567.33,0.0,0.0,1134.66,1134.66,0,Central,Online
101578,CUST01061,2025-08-01,Sports,2,4141.73,0.25,2070.86,8283.46,6212.6,0,Central,Online
101579,CUST00523,2024-07-21,Grocery,3,1847.42,0.0,0.0,5542.26,-5542.26,1,Central,Marketplace
101580,CUST01055,2025-04-18,Grocery,1,2569.54,0.0,0.0,2569.54,2569.54,0,East,Online
101581,CUST00188,2025-10-02,Electronics,2,1831.46,0.0,0.0,3662.92,-3662.92,1,North,Retail Store
101582,CUST00743,2024-04-11,Grocery,3,388.41,0.1,116.52,1165.23,1048.71,0,West,Online
101583,CUST01113,2024-09-04,Electronics,4,3645.36,0.0,0.0,14581.44,14581.44,0,South,Marketplace
101584,CUST00550,2025-04-01,Electronics,2,4349.31,0.25,2174.66,8698.62,6523.96,0,South,Online
101585,CUST00244,2025-12-18,Beauty,4,939.79,0.0,0.0,3759.16,3759.16,0,East,Online
101586,CUST00221,2025-02-01,Electronics,2,3648.13,0.1,729.63,7296.26,6566.63,0,South,Marketplace
101587,CUST00641,2024-09-16,Beauty,1,2359.02,0.05,117.95,2359.02,2241.07,0,South,Retail Store
101588,CUST00903,2024-08-25,Apparel,4,999.72,0.0,0.0,3998.88,3998.88,0,Central,Online
101589,CUST00759,2025-09-19,Apparel,4,0.0,0.1,0.0,0.0,0.0,0,West,Online
101591,CUST00478,2025-03-28,Grocery,3,822.51,0.15,370.13,2467.53,2097.4,0,East,Marketplace
101592,CUST00796,2025-03-11,Grocery,2,487.67,0.0,0.0,975.34,-975.34,1,South,Retail Store
101593,CUST00125,2025-09-13,Apparel,4,3882.82,0.0,0.0,15531.28,15531.28,0,North,Online
101594,CUST00534,2024-04-30,Electronics,3,744.86,0.1,223.46,2234.58,2011.12,0,North,Online
101595,CUST00856,2025-05-21,Grocery,4,3005.77,0.0,0.0,12023.08,12023.08,0,East,Retail Store
101596,CUST01144,2024-05-19,Home & Kitchen,4,3833.07,0.0,0.0,15332.28,15332.28,0,South,Online
101597,CUST00522,2025-08-21,Sports,3,3475.38,0.15,1563.92,10426.14,8862.22,0,East,Online
101598,CUST01132,2024-12-20,Home & Kitchen,2,1743.55,0.4,1394.84,3487.1,2092.26,0,Central,Online
101599,CUST00789,2024-07-12,Grocery,3,1990.47,0.0,0.0,5971.41,5971.41,0,West,Online
101600,CUST00424,2024-09-26,Grocery,1,2622.93,0.0,0.0,2622.93,2622.93,0,Central,Retail Store
101601,CUST00500,2025-01-06,Apparel,1,1011.18,0.0,0.0,1011.18,1011.18,0,South,Marketplace
101602,CUST00484,2025-09-07,Sports,1,2645.99,0.0,0.0,2645.99,-2645.99,1,East,Online
101603,CUST00357,2025-04-05,Sports,2,515.23,0.0,0.0,1030.46,1030.46,0,East,Online
101605,CUST01152,2025-07-09,Electronics,3,388.28,0.05,58.24,1164.84,1106.6,0,South,Retail Store
101606,CUST00898,2025-10-04,Electronics,5,1104.72,0.1,552.36,5523.6,4971.24,0,West,Marketplace
101608,CUST00198,2024-08-02,Electronics,5,2499.37,0.0,0.0,12496.85,12496.85,0,West,Retail Store
101609,CUST00504,2025-04-17,Grocery,3,1957.17,0.1,587.15,5871.51,5284.36,0,West,Online
101610,CUST00492,2024-08-15,Sports,4,3293.12,0.0,0.0,13172.48,13172.48,0,Central,Retail Store
101611,CUST00956,2024-10-19,Electronics,4,1717.87,0.0,0.0,6871.48,6871.48,0,East,Online
101612,CUST00290,2025-04-23,Electronics,4,1682.07,0.05,336.41,6728.28,-6391.87,1,South,Marketplace
101613,CUST00018,2025-09-15,Electronics,3,3370.12,0.0,0.0,10110.36,10110.36,0,Central,Online
101614,CUST01172,2024-05-20,Home & Kitchen,3,1440.01,0.0,0.0,4320.03,4320.03,0,West,Online
101615,CUST00753,2024-11-18,Apparel,5,4133.43,0.1,2066.72,20667.15,18600.43,0,Central,Mobile App
101616,CUST00907,2024-05-04,Electronics,4,844.16,0.0,0.0,3376.64,3376.64,0,West,Online
101617,CUST00448,2025-01-02,Sports,2,1621.47,0.0,0.0,3242.94,3242.94,0,East,Marketplace
101618,CUST00514,2024-03-09,Beauty,4,603.87,0.0,0.0,2415.48,2415.48,0,South,Online
101619,CUST01028,2025-04-18,Apparel,1,1868.38,0.0,0.0,1868.38,1868.38,0,West,Online
101620,CUST00233,2024-03-19,Electronics,5,3956.68,0.15,2967.51,19783.4,16815.89,0,Central,Online
101621,CUST01127,2025-10-29,Sports,1,2925.2,0.0,0.0,2925.2,2925.2,0,East,Online
101622,CUST01046,2025-12-22,Home & Kitchen,1,1063.22,0.0,0.0,1063.22,-1063.22,1,Central,Marketplace
101623,CUST00630,2025-06-06,Sports,4,371.46,0.15,222.88,1485.84,1262.96,0,East,Marketplace
101624,CUST00879,2024-04-07,Home & Kitchen,2,2690.11,0.0,0.0,5380.22,5380.22,0,West,Retail Store
101625,CUST00335,2025-08-26,Grocery,4,3393.93,0.0,0.0,13575.72,13575.72,0,Central,Mobile App
101626,CUST01167,2024-08-14,Beauty,3,3846.14,0.0,0.0,11538.42,11538.42,0,South,Online
101627,CUST00592,2025-05-08,Home & Kitchen,5,4094.7,0.25,5118.38,20473.5,15355.12,0,East,Online
101628,CUST00676,2024-06-25,Electronics,3,2176.57,0.25,1632.43,6529.71,4897.28,0,Central,Retail Store
101629,CUST01154,2024-09-17,Electronics,2,4934.89,0.0,0.0,9869.78,9869.78,0,South,Marketplace
101630,CUST00370,2024-07-27,Beauty,4,1532.91,0.4,2452.66,6131.64,3678.98,0,North,Mobile App
101631,CUST00568,2024-04-16,Sports,3,512.66,0.0,0.0,1537.98,1537.98,0,North,Online
101632,CUST01169,2024-01-26,Grocery,2,3497.48,0.15,1049.24,6994.96,5945.72,0,East,Marketplace
101633,CUST00631,2025-08-13,Grocery,1,2822.6,0.0,0.0,2822.6,2822.6,0,Central,Marketplace
101634,CUST00885,2024-03-24,Home & Kitchen,1,436.17,0.0,0.0,436.17,436.17,0,South,Online
101635,CUST00229,2025-06-07,Apparel,2,4707.52,0.0,0.0,9415.04,9415.04,0,East,Online
101636,CUST00752,2024-06-29,Home & Kitchen,2,2466.38,0.0,0.0,4932.76,4932.76,0,West,Mobile App
101637,CUST01176,2025-04-29,Apparel,3,3411.07,0.0,0.0,10233.21,10233.21,0,Central,Retail Store
101638,CUST00543,2024-06-27,Grocery,2,648.78,0.0,0.0,1297.56,1297.56,0,South,Online
101639,CUST00510,2025-08-16,Sports,4,2875.28,0.1,1150.11,11501.12,10351.01,0,Central,Retail Store
101640,CUST00931,2024-04-04,Electronics,5,3570.65,0.0,0.0,17853.25,-17853.25,1,Central,Online
101641,CUST01027,2024-06-05,Home & Kitchen,3,2654.15,0.1,796.24,7962.45,7166.21,0,North,Online
101642,CUST01042,2024-07-12,Grocery,5,2486.05,0.0,0.0,12430.25,12430.25,0,Central,Mobile App
101643,CUST00476,2025-03-09,Beauty,4,4136.34,0.0,0.0,16545.36,16545.36,0,Central,Online
101644,CUST00645,2024-06-17,Beauty,5,4024.29,0.0,0.0,20121.45,20121.45,0,West,Marketplace
101645,CUST00425,2024-08-14,Electronics,3,2132.0,0.0,0.0,6396.0,6396.0,0,West,Mobile App
101646,CUST00274,2025-02-01,Grocery,2,649.1,0.0,0.0,1298.2,-1298.2,1,South,Retail Store
101647,CUST00147,2025-01-30,Grocery,1,2257.59,0.0,0.0,2257.59,2257.59,0,North,Online
101648,CUST00452,2025-12-24,Electronics,1,2506.06,0.0,0.0,2506.06,2506.06,0,East,Marketplace
101649,CUST00937,2025-11-22,Electronics,5,4386.57,0.0,0.0,21932.85,-21932.85,1,West,Retail Store
101650,CUST00975,2025-11-14,Electronics,2,2233.98,0.05,223.4,4467.96,4244.56,0,East,Online
101651,CUST00594,2024-07-09,Sports,5,391.18,0.0,0.0,1955.9,1955.9,0,West,Online
101652,CUST00368,2024-10-29,Grocery,2,2589.15,0.25,1294.58,5178.3,3883.72,0,East,Retail Store
101653,CUST00139,2024-10-08,Home & Kitchen,1,3210.68,0.0,0.0,3210.68,3210.68,0,East,Online
101654,CUST00454,2025-07-06,Apparel,5,4222.21,0.25,5277.76,21111.05,15833.29,0,South,Online
101655,CUST00743,2024-05-31,Beauty,4,2535.03,0.0,0.0,10140.12,10140.12,0,West,Online
101656,CUST00800,2025-04-19,Beauty,3,1100.55,0.4,1320.66,3301.65,1980.99,0,East,Online
101657,CUST00713,2024-03-13,Sports,5,0.0,0.0,0.0,0.0,0.0,0,Central,Mobile App
101658,CUST00905,2025-06-13,Beauty,4,3533.41,0.05,706.68,14133.64,13426.96,0,South,Marketplace
101659,CUST00045,2025-02-27,Sports,3,4085.95,0.0,0.0,12257.85,12257.85,0,North,Marketplace
101660,CUST00152,2024-05-29,Sports,5,3626.44,0.0,0.0,18132.2,18132.2,0,North,Retail Store
101661,CUST00767,2024-09-26,Home & Kitchen,5,3553.28,0.0,0.0,17766.4,17766.4,0,South,Online
101662,CUST00566,2024-03-14,Home & Kitchen,3,4848.37,0.15,2181.77,14545.11,12363.34,0,Central,Marketplace
101664,CUST01143,2025-03-22,Grocery,1,1689.73,0.0,0.0,1689.73,1689.73,0,Central,Online
101665,CUST00660,2025-03-18,Sports,1,3453.64,0.0,0.0,3453.64,3453.64,0,East,Online
101666,CUST00745,2024-07-24,Electronics,2,1561.82,0.15,468.55,3123.64,2655.09,0,West,Mobile App
101667,CUST00010,2024-12-18,Beauty,1,3752.5,0.0,0.0,3752.5,3752.5,0,East,Mobile App
101668,CUST00753,2025-01-04,Electronics,3,876.71,0.0,0.0,2630.13,2630.13,0,Central,Mobile App
101669,CUST00552,2025-08-16,Sports,2,3881.85,0.0,0.0,7763.7,7763.7,0,North,Marketplace
101670,CUST00332,2024-10-26,Apparel,3,2767.95,0.0,0.0,8303.85,8303.85,0,North,Marketplace
101671,CUST00640,2024-05-04,Electronics,3,4068.83,0.0,0.0,12206.49,12206.49,0,West,Marketplace
101672,CUST01116,2024-12-05,Apparel,1,1860.92,0.0,0.0,1860.92,1860.92,0,North,Marketplace
101673,CUST01109,2024-11-21,Beauty,1,3851.82,0.25,962.96,3851.82,2888.86,0,South,Online
101674,CUST00787,2024-07-22,Grocery,2,3178.79,0.0,0.0,6357.58,6357.58,0,East,Online
101675,CUST00674,2024-10-12,Grocery,1,4806.72,0.0,0.0,4806.72,4806.72,0,South,Online
101676,CUST00899,2025-03-25,Sports,5,2459.86,0.0,0.0,12299.3,-12299.3,1,Central,Marketplace
101677,CUST01014,2024-04-25,Home & Kitchen,2,3903.54,0.15,1171.06,7807.08,6636.02,0,West,Online
101678,CUST00876,2024-03-04,Apparel,5,4004.72,0.0,0.0,20023.6,20023.6,0,South,Marketplace
101679,CUST00697,2025-01-15,Home & Kitchen,2,1228.83,0.0,0.0,2457.66,2457.66,0,West,Online
101680,CUST00898,2024-06-01,Sports,4,2923.95,0.0,0.0,11695.8,11695.8,0,West,Marketplace
101681,CUST00201,2024-04-11,Apparel,5,3256.31,0.05,814.08,16281.55,15467.47,0,Central,Online
101682,CUST00526,2025-11-18,Electronics,1,297.32,0.05,14.87,297.32,282.45,0,North,Online
101683,CUST00074,2024-10-19,Home & Kitchen,1,771.33,0.0,0.0,771.33,771.33,0,Central,Retail Store
101684,CUST00444,2025-05-10,Home & Kitchen,1,3444.41,0.05,172.22,3444.41,3272.19,0,North,Marketplace
101685,CUST00717,2024-12-26,Beauty,1,2310.13,0.05,115.51,2310.13,2194.62,0,Central,Online
101686,CUST01109,2024-12-08,Electronics,5,745.1,0.0,0.0,3725.5,3725.5,0,South,Online
101687,CUST00709,2025-02-17,Home & Kitchen,5,3081.31,0.0,0.0,15406.55,15406.55,0,South,Online
101688,CUST00481,2025-09-10,Home & Kitchen,5,2367.54,0.15,1775.66,11837.7,10062.04,0,North,Mobile App
101689,CUST00906,2024-04-25,Apparel,4,496.38,0.0,0.0,1985.52,1985.52,0,North,Online
101690,CUST00546,2024-07-04,Apparel,1,2057.7,0.0,0.0,2057.7,2057.7,0,East,Mobile App
101691,CUST00417,2024-05-27,Beauty,4,4822.98,0.05,964.6,19291.92,18327.32,0,North,Online
101692,CUST00586,2025-05-14,Grocery,2,0.0,0.15,0.0,0.0,0.0,0,Central,Online
101693,CUST00183,2024-05-31,Electronics,1,3318.56,0.0,0.0,3318.56,3318.56,0,South,Marketplace
101694,CUST01109,2025-03-11,Home & Kitchen,3,4844.71,0.25,3633.53,14534.13,-10900.6,1,South,Online
101695,CUST00678,2024-10-08,Home & Kitchen,2,1928.89,0.0,0.0,3857.78,3857.78,0,South,Retail Store
101696,CUST00203,2024-06-26,Apparel,5,766.68,0.0,0.0,3833.4,3833.4,0,East,Retail Store
101697,CUST00746,2024-01-24,Apparel,2,788.22,0.0,0.0,1576.44,1576.44,0,North,Mobile App
101698,CUST00064,2025-06-20,Sports,5,1294.26,0.0,0.0,6471.3,-6471.3,1,East,Online
101699,CUST00135,2024-12-27,Grocery,4,569.2,0.0,0.0,2276.8,2276.8,0,Central,Retail Store
101700,CUST00823,2024-11-08,Electronics,5,3527.7,0.0,0.0,17638.5,17638.5,0,Central,Mobile App
101701,CUST00302,2025-01-17,Beauty,5,2232.17,0.0,0.0,11160.85,11160.85,0,North,Online
101702,CUST00245,2025-08-11,Electronics,5,4878.43,0.0,0.0,24392.15,24392.15,0,West,Online
101703,CUST00187,2024-07-09,Sports,4,1797.9,0.05,359.58,7191.6,6832.02,0,Central,Retail Store
101704,CUST01190,2025-08-26,Grocery,3,3672.25,0.05,550.84,11016.75,10465.91,0,North,Retail Store
101705,CUST00887,2024-12-08,Home & Kitchen,4,4377.37,0.25,4377.37,17509.48,-13132.11,1,South,Online
101706,CUST00451,2025-10-07,Sports,2,4246.38,0.0,0.0,8492.76,8492.76,0,East,Marketplace
101707,CUST00502,2025-11-20,Home & Kitchen,3,4411.37,0.0,0.0,13234.11,13234.11,0,North,Retail Store
101708,CUST00553,2025-03-12,Electronics,1,3131.92,0.0,0.0,3131.92,3131.92,0,East,Retail Store
101709,CUST00151,2025-03-19,Apparel,5,1444.5,0.0,0.0,7222.5,7222.5,0,West,Online
101710,CUST00341,2024-09-21,Electronics,4,3399.29,0.1,1359.72,13597.16,12237.44,0,West,Marketplace
101711,CUST01177,2025-10-17,Grocery,1,4121.05,0.25,1030.26,4121.05,3090.79,0,West,Retail Store
101712,CUST00030,2025-09-06,Apparel,4,3088.71,0.4,4941.94,12354.84,7412.9,0,East,Marketplace
101713,CUST01017,2025-03-09,Apparel,4,1601.04,0.0,0.0,6404.16,6404.16,0,West,Online
101714,CUST00991,2025-04-20,Grocery,3,262.71,0.0,0.0,788.13,788.13,0,North,Marketplace
101715,CUST00616,2025-03-26,Electronics,3,4402.2,0.0,0.0,13206.6,13206.6,0,West,Online
101716,CUST00338,2025-02-15,Home & Kitchen,4,3626.07,0.0,0.0,14504.28,14504.28,0,North,Online
101717,CUST00240,2025-09-29,Grocery,3,3662.74,0.15,1648.23,10988.22,-9339.99,1,East,Online
101718,CUST00218,2025-03-30,Apparel,1,2346.63,0.0,0.0,2346.63,2346.63,0,East,Online
101719,CUST00438,2025-04-24,Grocery,2,3912.55,0.0,0.0,7825.1,7825.1,0,West,Online
101720,CUST00637,2024-07-21,Grocery,1,2430.4,0.15,364.56,2430.4,2065.84,0,North,Online
101721,CUST00573,2025-06-09,Sports,1,3323.59,0.15,498.54,3323.59,2825.05,0,East,Marketplace
101722,CUST00035,2024-09-29,Electronics,2,800.42,0.25,400.21,1600.84,1200.63,0,South,Marketplace
101723,CUST00887,2024-12-09,Home & Kitchen,3,890.55,0.15,400.75,2671.65,2270.9,0,South,Online
101724,CUST00394,2024-12-03,Apparel,1,3188.43,0.25,797.11,3188.43,2391.32,0,South,Retail Store
101725,CUST01105,2024-12-25,Beauty,5,4431.39,0.1,2215.7,22156.95,19941.25,0,West,Retail Store
101726,CUST00764,2024-08-30,Beauty,2,4958.86,0.1,991.77,9917.72,-8925.95,1,Central,Online
101727,CUST00251,2024-08-22,Home & Kitchen,4,1680.31,0.05,336.06,6721.24,6385.18,0,North,Online
101728,CUST00466,2025-07-25,Sports,1,2773.89,0.0,0.0,2773.89,2773.89,0,Central,Retail Store
101729,CUST00731,2025-05-01,Electronics,5,2841.81,0.0,0.0,14209.05,14209.05,0,South,Online
101730,CUST00960,2025-10-05,Beauty,4,1033.99,0.0,0.0,4135.96,4135.96,0,North,Online
101731,CUST00534,2024-05-02,Electronics,3,3733.95,0.05,560.09,11201.85,10641.76,0,North,Online
101732,CUST00529,2024-11-27,Grocery,1,0.0,0.0,0.0,0.0,0.0,0,South,Online
101733,CUST00230,2025-05-08,Electronics,1,247.76,0.0,0.0,247.76,247.76,0,South,Mobile App
101734,CUST00633,2025-08-17,Grocery,5,3851.56,0.1,1925.78,19257.8,17332.02,0,East,Retail Store
101735,CUST00043,2024-11-13,Beauty,1,4291.65,0.0,0.0,4291.65,4291.65,0,East,Retail Store
101736,CUST00916,2025-04-23,Apparel,2,3480.55,0.25,1740.28,6961.1,5220.82,0,North,Mobile App
101737,CUST01128,2024-06-20,Apparel,2,2722.38,0.0,0.0,5444.76,5444.76,0,North,Marketplace
101738,CUST00579,2025-02-25,Grocery,2,2759.12,0.0,0.0,5518.24,5518.24,0,West,Online
101739,CUST00331,2025-03-31,Apparel,1,4452.84,0.0,0.0,4452.84,4452.84,0,West,Online
101740,CUST00771,2025-04-11,Electronics,1,2107.45,0.0,0.0,2107.45,2107.45,0,South,Online
101741,CUST00363,2024-06-13,Home & Kitchen,4,810.07,0.0,0.0,3240.28,3240.28,0,South,Online
101742,CUST00385,2024-05-07,Sports,1,1165.42,0.0,0.0,1165.42,1165.42,0,North,Marketplace
101744,CUST00995,2024-06-16,Grocery,4,2370.94,0.0,0.0,9483.76,-9483.76,1,West,Marketplace
101746,CUST00479,2025-05-08,Beauty,3,4100.63,0.0,0.0,12301.89,12301.89,0,Central,Mobile App
101747,CUST00049,2025-03-16,Beauty,2,1305.87,0.05,130.59,2611.74,-2481.15,1,Central,Marketplace
101748,CUST01098,2025-07-01,Beauty,1,1567.68,0.15,235.15,1567.68,1332.53,0,East,Marketplace
101749,CUST00491,2024-06-28,Beauty,5,1115.82,0.0,0.0,5579.1,5579.1,0,West,Marketplace
101750,CUST00264,2024-12-10,Grocery,2,3456.1,0.0,0.0,6912.2,6912.2,0,South,Marketplace
101751,CUST00355,2024-10-23,Home & Kitchen,1,1433.71,0.0,0.0,1433.71,1433.71,0,Central,Online
101752,CUST00164,2024-08-14,Electronics,4,4475.32,0.0,0.0,17901.28,17901.28,0,East,Marketplace
101753,CUST01075,2024-11-23,Grocery,3,3921.24,0.0,0.0,11763.72,11763.72,0,West,Retail Store
101754,CUST00994,2025-02-11,Home & Kitchen,5,2834.75,0.0,0.0,14173.75,14173.75,0,North,Marketplace
101755,CUST00445,2024-10-19,Home & Kitchen,4,967.43,0.15,580.46,3869.72,3289.26,0,North,Marketplace
101756,CUST00006,2024-03-12,Home & Kitchen,4,1188.62,0.0,0.0,4754.48,4754.48,0,East,Retail Store
101757,CUST00189,2025-08-03,Beauty,5,1009.32,0.0,0.0,5046.6,5046.6,0,Central,Online
101758,CUST00384,2025-05-12,Sports,3,716.03,0.0,0.0,2148.09,2148.09,0,Central,Retail Store
101759,CUST00016,2024-11-29,Sports,1,3055.43,0.0,0.0,3055.43,3055.43,0,Central,Marketplace
101760,CUST00765,2025-06-20,Home & Kitchen,3,4798.2,0.0,0.0,14394.6,14394.6,0,Central,Retail Store
101761,CUST00876,2024-12-23,Beauty,5,3159.0,0.0,0.0,15795.0,15795.0,0,South,Marketplace
101762,CUST00517,2024-08-04,Electronics,4,866.19,0.0,0.0,3464.76,3464.76,0,West,Online
101763,CUST00395,2024-10-19,Apparel,2,3984.6,0.05,398.46,7969.2,7570.74,0,North,Mobile App
101764,CUST01169,2024-04-11,Grocery,5,1171.88,0.0,0.0,5859.4,5859.4,0,East,Marketplace
101765,CUST00298,2024-12-22,Grocery,2,362.28,0.0,0.0,724.56,724.56,0,Central,Marketplace
101766,CUST00092,2024-02-06,Electronics,4,1219.15,0.0,0.0,4876.6,-4876.6,1,West,Online
101767,CUST00908,2024-09-21,Electronics,5,2997.33,0.15,2248.0,14986.65,12738.65,0,North,Online
101768,CUST00846,2025-07-31,Grocery,4,2927.66,0.0,0.0,11710.64,11710.64,0,West,Marketplace
101769,CUST00933,2025-06-09,Beauty,4,3506.57,0.0,0.0,14026.28,14026.28,0,North,Online
101770,CUST00880,2025-05-29,Grocery,5,0.0,0.4,0.0,0.0,0.0,0,East,Online
101772,CUST01090,2024-11-23,Home & Kitchen,5,2247.96,0.0,0.0,11239.8,-11239.8,1,South,Online
101773,CUST00629,2025-07-24,Home & Kitchen,3,428.75,0.05,64.31,1286.25,1221.94,0,West,Online
101774,CUST00399,2025-08-25,Grocery,1,3567.12,0.05,178.36,3567.12,3388.76,0,East,Online
101775,CUST00319,2025-11-01,Sports,4,513.93,0.0,0.0,2055.72,2055.72,0,Central,Retail Store
101776,CUST00457,2024-11-28,Electronics,4,3003.55,0.0,0.0,12014.2,12014.2,0,Central,Online
101777,CUST00317,2024-09-11,Electronics,2,1134.11,0.0,0.0,2268.22,2268.22,0,East,Online
101778,CUST00747,2024-08-19,Electronics,5,4824.99,0.25,6031.24,24124.95,18093.71,0,West,Online
101779,CUST00676,2024-04-04,Electronics,5,3219.53,0.0,0.0,16097.65,16097.65,0,Central,Retail Store
101780,CUST00574,2024-11-08,Apparel,5,4558.75,0.0,0.0,22793.75,22793.75,0,South,Retail Store
101781,CUST00279,2025-05-11,Electronics,4,1663.19,0.0,0.0,6652.76,6652.76,0,South,Marketplace
101782,CUST01038,2024-09-05,Grocery,3,4999.45,0.0,0.0,14998.35,14998.35,0,South,Mobile App
101784,CUST00299,2024-06-24,Home & Kitchen,4,697.3,0.0,0.0,2789.2,2789.2,0,North,Marketplace
101785,CUST00315,2024-04-18,Electronics,2,4082.79,0.0,0.0,8165.58,8165.58,0,East,Retail Store
101786,CUST00710,2024-07-19,Sports,5,4233.49,0.0,0.0,21167.45,21167.45,0,West,Marketplace
101787,CUST00909,2024-12-07,Beauty,2,2380.57,0.0,0.0,4761.14,4761.14,0,South,Marketplace
101789,CUST00154,2025-06-06,Home & Kitchen,5,1784.18,0.0,0.0,8920.9,8920.9,0,West,Marketplace
101790,CUST01048,2024-05-22,Sports,2,2230.98,0.0,0.0,4461.96,4461.96,0,North,Retail Store
101791,CUST01154,2024-08-30,Sports,2,4651.26,0.0,0.0,9302.52,9302.52,0,South,Marketplace
101792,CUST00811,2024-08-13,Sports,2,1432.5,0.0,0.0,2865.0,2865.0,0,North,Marketplace
101793,CUST01149,2024-10-10,Home & Kitchen,2,3514.13,0.0,0.0,7028.26,7028.26,0,North,Retail Store
101794,CUST00997,2025-12-01,Beauty,1,3839.84,0.0,0.0,3839.84,3839.84,0,East,Online
101795,CUST01188,2024-08-08,Apparel,4,3468.93,0.0,0.0,13875.72,13875.72,0,East,Online
101796,CUST00743,2024-03-10,Electronics,2,4389.27,0.1,877.85,8778.54,7900.69,0,West,Online
101797,CUST00091,2025-06-24,Home & Kitchen,4,633.1,0.0,0.0,2532.4,2532.4,0,Central,Online
101798,CUST01161,2025-09-10,Grocery,5,4861.63,0.1,2430.82,24308.15,21877.33,0,South,Online
101799,CUST00859,2024-12-17,Home & Kitchen,4,2269.31,0.0,0.0,9077.24,9077.24,0,Central,Mobile App
101800,CUST00904,2025-04-22,Beauty,2,4948.26,0.15,1484.48,9896.52,8412.04,0,East,Online
101801,CUST00986,2025-02-04,Electronics,5,825.45,0.0,0.0,4127.25,4127.25,0,Central,Mobile App
101802,CUST00122,2024-06-07,Apparel,4,762.05,0.0,0.0,3048.2,3048.2,0,South,Online
101803,CUST00588,2025-06-22,Beauty,3,1528.83,0.1,458.65,4586.49,4127.84,0,West,Online
101804,CUST00933,2025-06-27,Electronics,4,1325.56,0.0,0.0,5302.24,-5302.24,1,North,Online
101806,CUST00327,2025-06-05,Electronics,1,2316.85,0.15,347.53,2316.85,1969.32,0,West,Online
101807,CUST00360,2025-03-10,Sports,4,3355.98,0.25,3355.98,13423.92,10067.94,0,North,Online
101808,CUST00364,2025-06-19,Apparel,2,3351.18,0.0,0.0,6702.36,6702.36,0,West,Retail Store
101809,CUST01039,2025-06-20,Home & Kitchen,4,3218.96,0.0,0.0,12875.84,12875.84,0,Central,Marketplace
101810,CUST01169,2024-01-05,Sports,1,3469.96,0.05,173.5,3469.96,3296.46,0,East,Marketplace
101811,CUST01078,2024-10-07,Home & Kitchen,5,831.91,0.25,1039.89,4159.55,3119.66,0,West,Marketplace
101812,CUST00717,2025-02-05,Electronics,4,4018.3,0.0,0.0,16073.2,16073.2,0,Central,Online
101813,CUST01024,2025-02-09,Apparel,1,357.45,0.0,0.0,357.45,357.45,0,West,Online
101814,CUST00827,2024-12-26,Electronics,5,4320.17,0.0,0.0,21600.85,21600.85,0,East,Marketplace
101815,CUST00991,2025-05-15,Electronics,5,2528.33,0.05,632.08,12641.65,-12009.57,1,North,Marketplace
101816,CUST00274,2024-10-18,Grocery,2,1497.32,0.0,0.0,2994.64,2994.64,0,South,Retail Store
101817,CUST00348,2025-03-18,Electronics,3,0.0,0.0,0.0,0.0,0.0,0,North,Retail Store
101818,CUST00039,2024-10-15,Sports,5,712.22,0.0,0.0,3561.1,3561.1,0,Central,Online
101819,CUST00986,2025-07-09,Apparel,2,3219.81,0.15,965.94,6439.62,5473.68,0,Central,Mobile App
101820,CUST00647,2025-12-08,Home & Kitchen,2,1905.67,0.0,0.0,3811.34,3811.34,0,Central,Retail Store
101821,CUST00033,2025-04-15,Sports,3,644.83,0.0,0.0,1934.49,1934.49,0,East,Online
101822,CUST00812,2024-11-07,Sports,1,434.09,0.15,65.11,434.09,368.98,0,North,Online
101823,CUST00438,2024-09-24,Beauty,3,4165.25,0.0,0.0,12495.75,12495.75,0,West,Online
101824,CUST00057,2024-04-29,Electronics,3,712.43,0.0,0.0,2137.29,2137.29,0,Central,Online
101826,CUST00749,2025-02-08,Grocery,2,3723.06,0.0,0.0,7446.12,7446.12,0,North,Online
101827,CUST00269,2025-01-30,Beauty,1,1261.71,0.15,189.26,1261.71,1072.45,0,South,Online
101828,CUST01085,2024-08-28,Home & Kitchen,5,1500.57,0.15,1125.43,7502.85,6377.42,0,West,Online
101829,CUST00821,2024-11-04,Electronics,4,1598.53,0.0,0.0,6394.12,6394.12,0,South,Online
101830,CUST00125,2025-09-01,Grocery,4,1236.61,0.0,0.0,4946.44,4946.44,0,North,Online
101831,CUST00913,2025-06-21,Electronics,3,3696.52,0.0,0.0,11089.56,11089.56,0,West,Retail Store
101832,CUST00511,2025-05-19,Electronics,4,4122.43,0.05,824.49,16489.72,15665.23,0,North,Online
101833,CUST00605,2025-05-23,Apparel,1,4166.16,0.0,0.0,4166.16,4166.16,0,East,Retail Store
101834,CUST00498,2025-07-27,Apparel,5,2159.06,0.0,0.0,10795.3,10795.3,0,South,Online
101835,CUST00338,2024-09-25,Electronics,3,4199.56,0.15,1889.8,12598.68,10708.88,0,North,Online
101836,CUST01001,2025-01-13,Apparel,5,4289.51,0.25,5361.89,21447.55,-16085.66,1,West,Mobile App
101837,CUST00657,2024-05-07,Sports,5,2324.42,0.25,2905.52,11622.1,-8716.58,1,North,Online
101838,CUST00288,2024-08-19,Electronics,5,3750.0,0.0,0.0,18750.0,18750.0,0,South,Online
101839,CUST00862,2025-08-09,Sports,3,4319.35,0.0,0.0,12958.05,12958.05,0,North,Marketplace
101840,CUST00584,2025-09-14,Apparel,2,4156.99,0.0,0.0,8313.98,8313.98,0,Central,Marketplace
101841,CUST00712,2025-07-22,Electronics,2,2340.43,0.05,234.04,4680.86,4446.82,0,West,Mobile App
101842,CUST00930,2024-09-10,Electronics,4,1057.4,0.1,422.96,4229.6,3806.64,0,East,Online
101843,CUST00509,2024-10-11,Home & Kitchen,5,2298.93,0.0,0.0,11494.65,-11494.65,1,South,Online
101844,CUST00406,2024-06-27,Grocery,4,4260.3,0.1,1704.12,17041.2,15337.08,0,Central,Retail Store
101845,CUST01092,2025-01-11,Electronics,5,1963.33,0.0,0.0,9816.65,9816.65,0,North,Online
101846,CUST01200,2025-06-17,Grocery,3,2994.71,0.4,3593.65,8984.13,5390.48,0,Central,Online
101847,CUST00638,2024-10-29,Beauty,5,1848.38,0.0,0.0,9241.9,9241.9,0,North,Online
101848,CUST01028,2025-05-09,Home & Kitchen,2,4464.62,0.0,0.0,8929.24,8929.24,0,West,Online
101849,CUST01156,2025-12-06,Home & Kitchen,3,1400.49,0.05,210.07,4201.47,3991.4,0,Central,Retail Store
101850,CUST00539,2024-10-14,Sports,2,4171.53,0.25,2085.76,8343.06,6257.3,0,South,Online
101851,CUST00988,2024-02-12,Beauty,5,2510.13,0.0,0.0,12550.65,12550.65,0,South,Online
101852,CUST01038,2024-10-13,Electronics,3,1958.65,0.0,0.0,5875.95,-5875.95,1,South,Mobile App
101853,CUST00285,2025-05-03,Apparel,4,2343.95,0.0,0.0,9375.8,9375.8,0,Central,Online
101854,CUST00799,2024-04-24,Sports,3,1029.7,0.0,0.0,3089.1,3089.1,0,South,Marketplace
101855,CUST00801,2024-12-06,Apparel,2,2359.75,0.0,0.0,4719.5,4719.5,0,North,Marketplace
101856,CUST01120,2024-09-11,Apparel,2,3774.39,0.4,3019.51,7548.78,4529.27,0,South,Online
101857,CUST00839,2025-04-08,Home & Kitchen,5,2169.37,0.05,542.34,10846.85,10304.51,0,East,Online
101858,CUST00552,2025-08-27,Electronics,5,2991.17,0.0,0.0,14955.85,14955.85,0,North,Marketplace
101859,CUST00897,2025-03-22,Beauty,2,750.8,0.0,0.0,1501.6,1501.6,0,West,Retail Store
101860,CUST00064,2025-07-16,Beauty,5,2276.22,0.1,1138.11,11381.1,10242.99,0,East,Online
101861,CUST00819,2025-06-13,Electronics,5,4806.48,0.0,0.0,24032.4,24032.4,0,South,Online
101862,CUST00152,2024-05-28,Home & Kitchen,1,1920.02,0.0,0.0,1920.02,1920.02,0,North,Retail Store
101863,CUST00520,2025-07-25,Sports,3,3927.74,0.0,0.0,11783.22,11783.22,0,Central,Marketplace
101864,CUST00354,2024-11-28,Home & Kitchen,1,1379.75,0.0,0.0,1379.75,1379.75,0,East,Online
101865,CUST00880,2024-05-12,Sports,5,2822.38,0.0,0.0,14111.9,14111.9,0,East,Online
101866,CUST00179,2025-02-15,Grocery,5,2613.09,0.4,5226.18,13065.45,7839.27,0,South,Retail Store
101867,CUST00760,2025-07-08,Sports,1,3130.86,0.0,0.0,3130.86,3130.86,0,Central,Marketplace
101868,CUST00729,2025-04-13,Grocery,3,1126.08,0.15,506.74,3378.24,2871.5,0,East,Online
101869,CUST00698,2025-03-06,Apparel,4,2299.98,0.0,0.0,9199.92,9199.92,0,North,Mobile App
101870,CUST00213,2025-04-06,Electronics,4,2226.01,0.05,445.2,8904.04,-8458.84,1,East,Online
101871,CUST00254,2024-08-04,Grocery,1,2841.47,0.0,0.0,2841.47,2841.47,0,Central,Mobile App
101872,CUST00678,2024-06-27,Grocery,3,2288.03,0.0,0.0,6864.09,6864.09,0,South,Retail Store
101873,CUST00502,2025-09-25,Grocery,5,1118.4,0.0,0.0,5592.0,5592.0,0,North,Retail Store
101874,CUST01172,2024-07-10,Electronics,5,1833.88,0.1,916.94,9169.4,8252.46,0,West,Online
101875,CUST01192,2024-07-04,Sports,2,521.07,0.0,0.0,1042.14,1042.14,0,West,Marketplace
101876,CUST00534,2024-03-25,Beauty,5,3351.65,0.0,0.0,16758.25,16758.25,0,North,Online
101877,CUST00541,2024-08-23,Apparel,1,370.43,0.05,18.52,370.43,351.91,0,West,Marketplace
101878,CUST00625,2025-03-22,Home & Kitchen,1,4957.89,0.05,247.89,4957.89,4710.0,0,North,Online
101879,CUST00567,2025-01-31,Home & Kitchen,2,1241.31,0.0,0.0,2482.62,2482.62,0,North,Marketplace
101880,CUST00771,2025-08-05,Beauty,5,2417.28,0.0,0.0,12086.4,12086.4,0,South,Online
101881,CUST00831,2024-06-14,Grocery,2,2398.21,0.0,0.0,4796.42,4796.42,0,Central,Marketplace
101882,CUST01015,2025-02-14,Apparel,2,466.66,0.0,0.0,933.32,933.32,0,East,Online
101883,CUST00596,2025-01-28,Apparel,2,4386.81,0.15,1316.04,8773.62,7457.58,0,North,Online
101884,CUST00533,2024-11-21,Apparel,2,4640.22,0.0,0.0,9280.44,9280.44,0,South,Mobile App
101885,CUST00179,2025-03-19,Apparel,2,1998.58,0.0,0.0,3997.16,-3997.16,1,South,Retail Store
101886,CUST00055,2024-03-01,Grocery,1,3476.37,0.15,521.46,3476.37,-2954.91,1,West,Marketplace
101887,CUST00206,2024-05-02,Grocery,2,2100.55,0.0,0.0,4201.1,4201.1,0,North,Online
101888,CUST01154,2024-10-20,Beauty,5,483.18,0.0,0.0,2415.9,-2415.9,1,South,Marketplace
101889,CUST00868,2025-02-11,Sports,5,2724.97,0.05,681.24,13624.85,12943.61,0,North,Online
101890,CUST00209,2025-03-12,Apparel,3,4345.87,0.0,0.0,13037.61,13037.61,0,South,Online
101891,CUST00112,2025-05-13,Home & Kitchen,1,3876.88,0.0,0.0,3876.88,3876.88,0,East,Online
101892,CUST00170,2024-08-15,Electronics,1,3887.0,0.25,971.75,3887.0,2915.25,0,East,Marketplace
101893,CUST00001,2024-07-04,Grocery,2,404.07,0.0,0.0,808.14,808.14,0,Central,Mobile App
101894,CUST00488,2024-07-25,Electronics,1,2493.94,0.0,0.0,2493.94,2493.94,0,East,Online
101895,CUST01146,2024-12-16,Sports,1,4709.22,0.0,0.0,4709.22,4709.22,0,South,Online
101896,CUST00270,2025-07-24,Sports,4,429.43,0.0,0.0,1717.72,1717.72,0,Central,Online
101897,CUST00846,2025-02-21,Beauty,2,3047.74,0.0,0.0,6095.48,6095.48,0,West,Marketplace
101898,CUST00006,2024-02-07,Apparel,3,2556.06,0.0,0.0,7668.18,7668.18,0,East,Retail Store
101899,CUST01046,2025-07-02,Home & Kitchen,1,4280.65,0.0,0.0,4280.65,4280.65,0,Central,Marketplace
101900,CUST00530,2025-04-06,Electronics,5,0.0,0.0,0.0,0.0,0.0,0,South,Marketplace
101901,CUST00605,2025-06-16,Apparel,2,3625.26,0.0,0.0,7250.52,7250.52,0,East,Retail Store
101902,CUST01149,2025-05-21,Home & Kitchen,1,2565.51,0.0,0.0,2565.51,2565.51,0,North,Retail Store
101903,CUST01131,2024-06-28,Apparel,2,4464.38,0.0,0.0,8928.76,8928.76,0,North,Online
101904,CUST00552,2025-05-08,Grocery,1,3289.9,0.0,0.0,3289.9,3289.9,0,North,Marketplace
101905,CUST00276,2025-08-10,Sports,3,3334.77,0.0,0.0,10004.31,10004.31,0,South,Online
101906,CUST01064,2025-08-07,Apparel,5,3838.25,0.0,0.0,19191.25,19191.25,0,North,Online
101907,CUST00248,2025-08-02,Apparel,1,3428.53,0.0,0.0,3428.53,3428.53,0,East,Online
101908,CUST00987,2024-03-14,Sports,2,1652.63,0.0,0.0,3305.26,3305.26,0,Central,Online
101909,CUST00774,2024-06-06,Electronics,5,3739.24,0.05,934.81,18696.2,17761.39,0,North,Online
101910,CUST00564,2025-10-14,Apparel,1,3753.55,0.0,0.0,3753.55,3753.55,0,North,Marketplace
101911,CUST00952,2025-05-15,Electronics,2,1533.89,0.0,0.0,3067.78,3067.78,0,North,Online
101913,CUST00949,2025-07-04,Sports,3,1137.77,0.0,0.0,3413.31,3413.31,0,South,Retail Store
101914,CUST01020,2025-08-01,Home & Kitchen,4,989.31,0.0,0.0,3957.24,3957.24,0,South,Retail Store
101915,CUST00175,2025-12-18,Sports,2,4458.21,0.0,0.0,8916.42,8916.42,0,North,Retail Store
101916,CUST00168,2025-03-02,Grocery,4,1760.2,0.0,0.0,7040.8,7040.8,0,West,Online
101917,CUST00910,2024-06-26,Home & Kitchen,2,4421.87,0.1,884.37,8843.74,7959.37,0,Central,Marketplace
101918,CUST00827,2025-06-29,Electronics,4,3854.23,0.25,3854.23,15416.92,11562.69,0,East,Marketplace
101919,CUST00141,2025-04-08,Electronics,1,4420.35,0.15,663.05,4420.35,3757.3,0,West,Online
101920,CUST00799,2024-04-17,Beauty,3,2135.16,0.0,0.0,6405.48,6405.48,0,South,Marketplace
101921,CUST00624,2024-07-21,Sports,3,1525.28,0.0,0.0,4575.84,4575.84,0,South,Online
101923,CUST00141,2025-02-09,Sports,5,3511.23,0.0,0.0,17556.15,17556.15,0,West,Online
101924,CUST00448,2024-09-20,Apparel,2,0.0,0.25,0.0,0.0,0.0,0,East,Marketplace
101925,CUST00188,2025-03-09,Apparel,1,1948.32,0.0,0.0,1948.32,1948.32,0,North,Retail Store
101926,CUST00287,2025-05-28,Beauty,3,4872.97,0.0,0.0,14618.91,-14618.91,1,East,Marketplace
101927,CUST01015,2025-03-24,Apparel,2,3726.58,0.0,0.0,7453.16,7453.16,0,East,Online
101928,CUST00745,2024-11-01,Beauty,5,1137.48,0.0,0.0,5687.4,5687.4,0,West,Mobile App
101929,CUST00352,2025-07-05,Electronics,4,2550.2,0.0,0.0,10200.8,10200.8,0,Central,Marketplace
101930,CUST00470,2025-05-09,Sports,2,1481.41,0.1,296.28,2962.82,2666.54,0,West,Marketplace
101931,CUST00176,2024-12-19,Sports,2,2437.39,0.0,0.0,4874.78,4874.78,0,West,Retail Store
101932,CUST00428,2024-08-25,Home & Kitchen,1,2180.59,0.0,0.0,2180.59,2180.59,0,South,Marketplace
101933,CUST00263,2024-10-29,Electronics,2,2338.96,0.0,0.0,4677.92,4677.92,0,West,Marketplace
101934,CUST00961,2025-07-27,Grocery,4,1162.84,0.0,0.0,4651.36,4651.36,0,West,Retail Store
101935,CUST00086,2025-06-13,Beauty,4,2805.19,0.1,1122.08,11220.76,10098.68,0,East,Online
101936,CUST00353,2024-05-30,Grocery,1,4811.18,0.0,0.0,4811.18,4811.18,0,North,Marketplace
101937,CUST00753,2024-11-28,Grocery,4,1521.27,0.15,912.76,6085.08,5172.32,0,Central,Mobile App
101938,CUST00867,2025-10-04,Sports,2,370.0,0.0,0.0,740.0,740.0,0,East,Marketplace
101939,CUST00696,2025-07-03,Beauty,1,4829.7,0.0,0.0,4829.7,4829.7,0,North,Mobile App
101940,CUST00540,2024-12-29,Grocery,2,733.02,0.25,366.51,1466.04,1099.53,0,East,Retail Store
101941,CUST00278,2024-09-13,Electronics,5,2631.92,0.0,0.0,13159.6,13159.6,0,East,Online
101942,CUST00043,2024-09-27,Grocery,4,1869.24,0.1,747.7,7476.96,6729.26,0,East,Retail Store
101943,CUST00120,2025-04-04,Apparel,1,4169.07,0.1,416.91,4169.07,3752.16,0,South,Marketplace
101944,CUST00549,2025-04-24,Apparel,3,4619.13,0.0,0.0,13857.39,13857.39,0,North,Marketplace
101945,CUST00917,2024-12-20,Grocery,2,3849.62,0.0,0.0,7699.24,7699.24,0,West,Online
101946,CUST00895,2025-03-12,Apparel,5,4680.08,0.1,2340.04,23400.4,21060.36,0,North,Mobile App
101947,CUST00323,2024-05-03,Apparel,4,4517.56,0.0,0.0,18070.24,18070.24,0,North,Online
101948,CUST00081,2025-05-17,Home & Kitchen,4,878.2,0.0,0.0,3512.8,3512.8,0,West,Online
101949,CUST00822,2024-01-11,Home & Kitchen,4,2154.36,0.1,861.74,8617.44,7755.7,0,West,Marketplace
101950,CUST00805,2025-10-19,Electronics,2,2065.13,0.0,0.0,4130.26,4130.26,0,South,Marketplace
101951,CUST01173,2025-04-09,Beauty,2,1112.76,0.15,333.83,2225.52,1891.69,0,South,Online
101952,CUST00875,2025-08-10,Sports,3,2214.33,0.0,0.0,6642.99,6642.99,0,South,Marketplace
101953,CUST01020,2025-07-14,Apparel,3,2824.29,0.0,0.0,8472.87,8472.87,0,South,Retail Store
101954,CUST00937,2025-06-01,Sports,5,220.74,0.0,0.0,1103.7,1103.7,0,West,Retail Store
101955,CUST01038,2024-09-28,Grocery,4,878.69,0.15,527.21,3514.76,2987.55,0,South,Mobile App
101956,CUST00360,2025-02-23,Beauty,1,3268.79,0.0,0.0,3268.79,3268.79,0,North,Online
101958,CUST00056,2025-02-03,Grocery,5,1688.38,0.0,0.0,8441.9,8441.9,0,West,Retail Store
101959,CUST00042,2024-05-23,Apparel,1,451.32,0.0,0.0,451.32,451.32,0,Central,Retail Store
101960,CUST00645,2024-04-29,Sports,5,869.14,0.1,434.57,4345.7,3911.13,0,West,Marketplace
101961,CUST00622,2025-02-25,Grocery,2,2876.84,0.0,0.0,5753.68,5753.68,0,Central,Online
101962,CUST00868,2025-09-03,Grocery,4,1705.06,0.0,0.0,6820.24,6820.24,0,North,Online
101963,CUST00461,2025-05-22,Electronics,1,4258.25,0.0,0.0,4258.25,4258.25,0,Central,Online
101965,CUST00404,2025-02-18,Grocery,1,0.0,0.0,0.0,0.0,0.0,0,East,Retail Store
101966,CUST00431,2024-08-12,Beauty,1,1795.49,0.25,448.87,1795.49,1346.62,0,East,Online
101967,CUST00923,2025-03-16,Beauty,3,2662.96,0.0,0.0,7988.88,7988.88,0,Central,Online
101968,CUST00100,2025-11-14,Home & Kitchen,2,2512.03,0.05,251.2,5024.06,4772.86,0,West,Online
101969,CUST00692,2025-06-12,Electronics,1,1489.98,0.0,0.0,1489.98,-1489.98,1,North,Mobile App
101970,CUST00610,2024-11-03,Beauty,2,3798.64,0.15,1139.59,7597.28,6457.69,0,South,Retail Store
101971,CUST00611,2024-06-19,Home & Kitchen,2,4521.1,0.0,0.0,9042.2,9042.2,0,West,Mobile App
101972,CUST00134,2024-10-15,Apparel,3,4675.76,0.0,0.0,14027.28,14027.28,0,Central,Online
101973,CUST00939,2024-12-19,Apparel,4,3777.12,0.15,2266.27,15108.48,12842.21,0,Central,Retail Store
101974,CUST00033,2025-01-12,Home & Kitchen,1,280.76,0.0,0.0,280.76,280.76,0,East,Online
101975,CUST00789,2024-09-17,Grocery,3,2086.79,0.0,0.0,6260.37,6260.37,0,West,Online
101976,CUST00179,2025-02-20,Apparel,5,4575.46,0.0,0.0,22877.3,22877.3,0,South,Retail Store
101977,CUST00541,2024-08-31,Electronics,2,2809.66,0.25,1404.83,5619.32,4214.49,0,West,Marketplace
101978,CUST00004,2024-05-26,Beauty,3,3316.39,0.05,497.46,9949.17,9451.71,0,East,Online
101979,CUST01146,2024-10-17,Apparel,3,3074.21,0.15,1383.39,9222.63,7839.24,0,South,Online
101980,CUST00544,2025-04-26,Sports,2,532.85,0.0,0.0,1065.7,1065.7,0,North,Marketplace
101981,CUST00708,2025-08-01,Home & Kitchen,3,3118.85,0.0,0.0,9356.55,9356.55,0,Central,Mobile App
101982,CUST00449,2025-03-29,Grocery,1,767.39,0.0,0.0,767.39,767.39,0,West,Marketplace
101983,CUST00724,2024-07-29,Grocery,3,3902.74,0.0,0.0,11708.22,11708.22,0,South,Retail Store
101984,CUST00245,2025-12-15,Electronics,3,2240.57,0.0,0.0,6721.71,6721.71,0,West,Online
101985,CUST00273,2025-05-27,Grocery,3,1721.76,0.15,774.79,5165.28,4390.49,0,South,Retail Store
101986,CUST00954,2025-04-26,Grocery,2,4973.81,0.0,0.0,9947.62,9947.62,0,Central,Marketplace
101987,CUST00373,2025-03-21,Apparel,5,2364.33,0.0,0.0,11821.65,11821.65,0,North,Retail Store
101988,CUST01200,2025-08-11,Grocery,4,4277.06,0.0,0.0,17108.24,17108.24,0,Central,Online
101989,CUST01191,2024-09-12,Sports,2,902.44,0.0,0.0,1804.88,1804.88,0,South,Online
101990,CUST00774,2024-06-20,Beauty,1,2547.35,0.0,0.0,2547.35,2547.35,0,North,Online
101991,CUST01038,2024-05-20,Electronics,4,2834.8,0.0,0.0,11339.2,11339.2,0,South,Mobile App
101992,CUST01062,2024-09-14,Sports,5,4469.2,0.0,0.0,22346.0,22346.0,0,Central,Marketplace
101993,CUST01073,2025-05-24,Home & Kitchen,5,1446.66,0.0,0.0,7233.3,7233.3,0,North,Retail Store
101995,CUST00465,2024-12-24,Home & Kitchen,1,0.0,0.0,0.0,0.0,0.0,0,West,Mobile App
101996,CUST01024,2025-03-07,Home & Kitchen,3,2146.6,0.0,0.0,6439.8,6439.8,0,West,Online
101997,CUST00515,2024-08-04,Apparel,3,3778.89,0.0,0.0,11336.67,11336.67,0,West,Retail Store
101998,CUST00395,2025-09-03,Apparel,4,4219.55,0.0,0.0,16878.2,-16878.2,1,North,Mobile App
101999,CUST01179,2024-12-09,Sports,4,3517.17,0.0,0.0,14068.68,14068.68,0,East,Marketplace
102000,CUST00361,2025-04-16,Electronics,1,4099.47,0.1,409.95,4099.47,3689.52,0,East,Mobile App
102001,CUST00059,2025-07-28,Home & Kitchen,4,797.74,0.0,0.0,3190.96,3190.96,0,West,Marketplace
102002,CUST00253,2025-05-23,Electronics,5,482.69,0.0,0.0,2413.45,2413.45,0,North,Online
102003,CUST00808,2024-08-24,Beauty,3,1904.2,0.05,285.63,5712.6,5426.97,0,Central,Online
102004,CUST00316,2024-05-14,Beauty,3,1524.21,0.1,457.26,4572.63,4115.37,0,South,Online
102005,CUST01143,2024-12-09,Apparel,4,3805.52,0.0,0.0,15222.08,15222.08,0,Central,Online
102006,CUST00251,2025-02-13,Beauty,5,617.06,0.0,0.0,3085.3,3085.3,0,North,Online
102008,CUST00195,2025-05-08,Home & Kitchen,3,4718.22,0.0,0.0,14154.66,14154.66,0,South,Online
102009,CUST00445,2024-12-07,Home & Kitchen,1,3063.05,0.15,459.46,3063.05,2603.59,0,North,Marketplace
102010,CUST00535,2024-05-12,Grocery,5,1373.37,0.0,0.0,6866.85,6866.85,0,South,Mobile App
102011,CUST00945,2024-06-08,Grocery,1,1733.88,0.0,0.0,1733.88,1733.88,0,East,Online
102012,CUST00683,2024-03-07,Home & Kitchen,4,3215.29,0.0,0.0,12861.16,12861.16,0,East,Retail Store
102013,CUST00347,2025-03-12,Sports,3,3895.34,0.1,1168.6,11686.02,-10517.42,1,South,Online
102014,CUST01000,2025-03-24,Sports,1,4239.62,0.0,0.0,4239.62,-4239.62,1,West,Retail Store
102015,CUST00944,2024-07-07,Home & Kitchen,4,3608.91,0.0,0.0,14435.64,14435.64,0,Central,Online
102016,CUST01169,2024-06-25,Beauty,4,3860.95,0.0,0.0,15443.8,15443.8,0,East,Marketplace
102017,CUST00182,2025-01-20,Home & Kitchen,4,2948.32,0.0,0.0,11793.28,11793.28,0,North,Retail Store
102018,CUST00516,2025-02-03,Grocery,3,2973.61,0.0,0.0,8920.83,8920.83,0,West,Online
102019,CUST00212,2024-10-18,Apparel,1,1644.51,0.05,82.23,1644.51,1562.28,0,East,Retail Store
102020,CUST01083,2025-05-15,Home & Kitchen,2,2833.57,0.0,0.0,5667.14,5667.14,0,West,Online
102021,CUST00034,2025-05-25,Apparel,2,2665.81,0.0,0.0,5331.62,-5331.62,1,Central,Mobile App
102022,CUST00383,2025-09-16,Grocery,2,1105.85,0.0,0.0,2211.7,2211.7,0,South,Marketplace
102023,CUST00294,2024-06-27,Beauty,1,4651.13,0.0,0.0,4651.13,4651.13,0,Central,Online
102024,CUST01185,2024-09-22,Apparel,4,4560.59,0.15,2736.35,18242.36,15506.01,0,North,Marketplace
102025,CUST00459,2024-05-16,Grocery,4,299.63,0.1,119.85,1198.52,1078.67,0,South,Online
102026,CUST00736,2024-08-08,Home & Kitchen,5,854.99,0.0,0.0,4274.95,4274.95,0,Central,Marketplace
102027,CUST00490,2024-10-16,Beauty,3,4096.4,0.0,0.0,12289.2,12289.2,0,Central,Online
102028,CUST00462,2025-04-04,Apparel,4,3589.68,0.0,0.0,14358.72,14358.72,0,Central,Marketplace
102029,CUST00460,2024-08-14,Electronics,3,3875.18,0.1,1162.55,11625.54,-10462.99,1,West,Online
102030,CUST00855,2025-02-20,Apparel,2,708.92,0.0,0.0,1417.84,1417.84,0,East,Online
102031,CUST00384,2025-07-13,Electronics,4,1229.82,0.1,491.93,4919.28,4427.35,0,Central,Retail Store
102032,CUST01083,2025-03-16,Beauty,2,4902.83,0.0,0.0,9805.66,9805.66,0,West,Online
102033,CUST00560,2025-05-24,Beauty,2,1505.79,0.0,0.0,3011.58,3011.58,0,East,Online
102034,CUST00984,2024-05-20,Electronics,3,3138.47,0.0,0.0,9415.41,9415.41,0,South,Retail Store
102035,CUST00589,2025-01-27,Home & Kitchen,3,2902.25,0.05,435.34,8706.75,8271.41,0,East,Retail Store
102036,CUST00385,2024-06-16,Apparel,1,4510.51,0.1,451.05,4510.51,4059.46,0,North,Marketplace
102037,CUST00251,2025-01-15,Apparel,2,498.1,0.0,0.0,996.2,996.2,0,North,Online
102038,CUST01034,2024-04-11,Sports,2,217.15,0.0,0.0,434.3,434.3,0,East,Marketplace
102039,CUST00436,2024-07-06,Electronics,4,694.02,0.0,0.0,2776.08,2776.08,0,Central,Online
102040,CUST00360,2024-12-12,Electronics,4,3813.94,0.1,1525.58,15255.76,13730.18,0,North,Online
102041,CUST00214,2025-09-01,Beauty,5,4354.25,0.0,0.0,21771.25,21771.25,0,West,Mobile App
102042,CUST00716,2024-06-09,Beauty,4,4673.13,0.25,4673.13,18692.52,14019.39,0,West,Marketplace
102043,CUST01009,2024-06-16,Apparel,2,727.47,0.0,0.0,1454.94,1454.94,0,East,Online
102044,CUST01022,2025-05-29,Sports,2,1372.42,0.0,0.0,2744.84,2744.84,0,North,Marketplace
102045,CUST00343,2024-09-24,Sports,1,1600.85,0.15,240.13,1600.85,1360.72,0,East,Online
102046,CUST00118,2025-06-13,Electronics,4,1237.6,0.15,742.56,4950.4,4207.84,0,East,Online
102047,CUST00747,2024-08-06,Beauty,2,1184.99,0.0,0.0,2369.98,2369.98,0,West,Online
102048,CUST00441,2024-10-09,Grocery,5,2527.89,0.0,0.0,12639.45,12639.45,0,East,Marketplace
102049,CUST00720,2024-02-08,Electronics,3,3767.76,0.0,0.0,11303.28,11303.28,0,Central,Online
102050,CUST00027,2024-12-20,Electronics,1,4223.85,0.0,0.0,4223.85,4223.85,0,Central,Retail Store
102051,CUST00445,2024-10-09,Apparel,4,1376.22,0.05,275.24,5504.88,5229.64,0,North,Marketplace
102052,CUST00822,2024-01-18,Apparel,1,3095.87,0.0,0.0,3095.87,3095.87,0,West,Marketplace
102053,CUST01036,2024-01-30,Beauty,4,292.45,0.0,0.0,1169.8,1169.8,0,East,Marketplace
102054,CUST00242,2025-05-10,Sports,3,4361.27,0.1,1308.38,13083.81,11775.43,0,North,Retail Store
102055,CUST00161,2025-03-28,Beauty,3,2974.28,0.15,1338.43,8922.84,7584.41,0,Central,Mobile App
102056,CUST00027,2024-11-17,Electronics,3,4842.13,0.0,0.0,14526.39,14526.39,0,Central,Retail Store
102057,CUST01117,2024-12-02,Sports,4,4434.51,0.15,2660.71,17738.04,15077.33,0,Central,Marketplace
102058,CUST00181,2025-08-14,Grocery,4,1301.12,0.0,0.0,5204.48,5204.48,0,West,Online
102059,CUST00927,2024-05-06,Electronics,3,2281.25,0.0,0.0,6843.75,6843.75,0,East,Online
102060,CUST00360,2025-08-14,Grocery,5,606.31,0.0,0.0,3031.55,-3031.55,1,North,Online
102061,CUST00529,2025-01-16,Electronics,5,3881.58,0.25,4851.98,19407.9,14555.92,0,South,Online
102062,CUST00247,2024-12-16,Home & Kitchen,3,3223.07,0.05,483.46,9669.21,9185.75,0,East,Online
102063,CUST00805,2025-06-08,Beauty,3,4997.04,0.15,2248.67,14991.12,12742.45,0,South,Marketplace
102064,CUST00621,2024-07-24,Electronics,1,3375.73,0.0,0.0,3375.73,3375.73,0,Central,Retail Store
102065,CUST00246,2024-07-14,Electronics,5,2468.0,0.1,1234.0,12340.0,11106.0,0,South,Retail Store
102066,CUST00125,2025-12-06,Beauty,4,0.0,0.0,0.0,0.0,0.0,0,North,Online
102067,CUST00879,2024-08-14,Grocery,1,2368.56,0.0,0.0,2368.56,2368.56,0,West,Retail Store
102068,CUST00466,2024-07-14,Beauty,5,3083.54,0.1,1541.77,15417.7,13875.93,0,Central,Retail Store
102069,CUST00743,2024-02-11,Sports,1,1502.56,0.0,0.0,1502.56,1502.56,0,West,Online
102070,CUST00499,2024-03-16,Sports,3,1026.05,0.1,307.82,3078.15,2770.33,0,West,Marketplace
102071,CUST00459,2024-05-28,Beauty,3,4846.61,0.0,0.0,14539.83,14539.83,0,South,Online
102073,CUST00771,2025-12-12,Electronics,5,1114.94,0.0,0.0,5574.7,5574.7,0,South,Online
102074,CUST00308,2024-01-14,Beauty,1,957.78,0.0,0.0,957.78,957.78,0,East,Retail Store
102076,CUST00740,2024-07-11,Home & Kitchen,2,1264.72,0.0,0.0,2529.44,2529.44,0,East,Retail Store
102077,CUST00293,2025-04-25,Grocery,4,3193.71,0.0,0.0,12774.84,12774.84,0,Central,Online
102078,CUST00166,2024-05-17,Beauty,1,2152.49,0.0,0.0,2152.49,2152.49,0,North,Retail Store
102079,CUST01025,2025-07-25,Electronics,5,0.0,0.0,0.0,0.0,0.0,0,East,Marketplace
102080,CUST00239,2024-10-01,Electronics,3,3703.3,0.0,0.0,11109.9,11109.9,0,South,Online
102081,CUST00892,2024-04-26,Beauty,2,4530.51,0.1,906.1,9061.02,8154.92,0,East,Marketplace
102082,CUST00515,2024-06-29,Electronics,2,2036.3,0.05,203.63,4072.6,3868.97,0,West,Retail Store
102083,CUST00660,2025-02-02,Apparel,4,632.71,0.0,0.0,2530.84,2530.84,0,East,Online
102084,CUST01152,2024-12-19,Apparel,1,1224.26,0.0,0.0,1224.26,1224.26,0,South,Retail Store
102085,CUST00988,2024-11-19,Apparel,2,1643.37,0.0,0.0,3286.74,3286.74,0,South,Online
102086,CUST00483,2025-06-02,Beauty,2,3211.59,0.25,1605.8,6423.18,4817.38,0,East,Retail Store
102087,CUST01102,2025-10-17,Grocery,4,2080.56,0.25,2080.56,8322.24,6241.68,0,East,Mobile App
102088,CUST01069,2025-10-09,Sports,3,4359.87,0.05,653.98,13079.61,-12425.63,1,South,Online
102089,CUST00559,2024-04-01,Sports,5,3975.42,0.0,0.0,19877.1,19877.1,0,Central,Retail Store
102090,CUST00453,2025-04-03,Sports,3,4531.84,0.0,0.0,13595.52,13595.52,0,South,Retail Store
102091,CUST00707,2025-11-21,Grocery,5,0.0,0.0,0.0,0.0,0.0,0,South,Retail Store
102092,CUST00554,2024-02-11,Grocery,4,2962.38,0.0,0.0,11849.52,11849.52,0,West,Online
102093,CUST00416,2024-06-13,Beauty,2,2789.46,0.0,0.0,5578.92,5578.92,0,Central,Marketplace
102094,CUST01014,2024-03-23,Home & Kitchen,3,1056.88,0.0,0.0,3170.64,3170.64,0,West,Online
102095,CUST00798,2025-04-28,Home & Kitchen,5,881.24,0.0,0.0,4406.2,4406.2,0,West,Marketplace
102096,CUST01082,2025-08-17,Beauty,5,1995.78,0.0,0.0,9978.9,9978.9,0,North,Online
102097,CUST00131,2025-02-18,Grocery,1,4492.97,0.0,0.0,4492.97,4492.97,0,West,Retail Store
102098,CUST00040,2025-02-05,Beauty,1,3731.42,0.0,0.0,3731.42,3731.42,0,West,Online
102099,CUST00486,2025-05-23,Apparel,4,4190.38,0.05,838.08,16761.52,15923.44,0,Central,Mobile App
102100,CUST00519,2024-07-24,Sports,1,4164.5,0.0,0.0,4164.5,4164.5,0,West,Online
102101,CUST00952,2025-09-25,Sports,3,2599.0,0.0,0.0,7797.0,7797.0,0,North,Online
102102,CUST00035,2024-06-09,Beauty,3,773.46,0.0,0.0,2320.38,2320.38,0,South,Marketplace
102103,CUST00587,2025-02-07,Electronics,5,3841.76,0.1,1920.88,19208.8,17287.92,0,North,Online
102104,CUST01139,2025-04-13,Home & Kitchen,5,219.46,0.0,0.0,1097.3,1097.3,0,North,Online
102105,CUST00894,2025-06-10,Home & Kitchen,5,772.76,0.15,579.57,3863.8,3284.23,0,South,Retail Store
102106,CUST00029,2024-08-26,Sports,3,1350.73,0.0,0.0,4052.19,4052.19,0,North,Marketplace
102107,CUST00946,2025-09-19,Apparel,4,3473.97,0.0,0.0,13895.88,13895.88,0,North,Online
102108,CUST00427,2024-07-02,Electronics,5,3966.34,0.15,2974.76,19831.7,16856.94,0,South,Retail Store
102109,CUST00365,2025-02-20,Apparel,3,984.16,0.0,0.0,2952.48,2952.48,0,Central,Online
102110,CUST01159,2024-04-08,Beauty,3,1252.48,0.0,0.0,3757.44,3757.44,0,South,Retail Store
102111,CUST00153,2024-05-05,Apparel,1,1446.96,0.05,72.35,1446.96,1374.61,0,North,Mobile App
102112,CUST00824,2024-10-28,Electronics,1,3386.73,0.0,0.0,3386.73,3386.73,0,West,Online
102113,CUST00936,2025-09-29,Electronics,2,366.11,0.1,73.22,732.22,659.0,0,Central,Mobile App
102114,CUST00779,2025-09-24,Electronics,2,3425.21,0.0,0.0,6850.42,6850.42,0,Central,Online
102115,CUST01060,2025-07-05,Apparel,2,622.92,0.05,62.29,1245.84,1183.55,0,Central,Retail Store
102116,CUST00812,2025-06-02,Grocery,2,892.33,0.0,0.0,1784.66,1784.66,0,North,Online
102117,CUST00471,2024-11-24,Electronics,4,1348.71,0.0,0.0,5394.84,5394.84,0,East,Marketplace
102118,CUST00052,2024-07-31,Electronics,3,3999.3,0.05,599.9,11997.9,11398.0,0,South,Marketplace
102119,CUST00247,2024-03-22,Sports,5,4799.32,0.0,0.0,23996.6,23996.6,0,East,Online
102120,CUST01049,2024-03-03,Grocery,5,3577.04,0.0,0.0,17885.2,17885.2,0,Central,Online
102121,CUST00412,2025-04-12,Electronics,1,2395.37,0.0,0.0,2395.37,2395.37,0,North,Retail Store
102122,CUST00095,2024-05-19,Home & Kitchen,4,4759.32,0.05,951.86,19037.28,18085.42,0,Central,Mobile App
102123,CUST00170,2024-09-02,Home & Kitchen,4,2713.51,0.05,542.7,10854.04,10311.34,0,East,Marketplace
102124,CUST00254,2024-03-22,Electronics,1,3935.32,0.0,0.0,3935.32,3935.32,0,Central,Mobile App
102125,CUST00410,2024-04-10,Beauty,1,2115.74,0.0,0.0,2115.74,2115.74,0,South,Marketplace
102126,CUST00078,2025-11-13,Apparel,3,3595.89,0.05,539.38,10787.67,10248.29,0,East,Marketplace
102127,CUST01073,2025-02-20,Sports,1,4959.77,0.0,0.0,4959.77,4959.77,0,North,Retail Store
102128,CUST00699,2025-04-08,Apparel,1,1256.96,0.0,0.0,1256.96,1256.96,0,Central,Mobile App
102129,CUST00274,2025-06-23,Electronics,4,3883.97,0.0,0.0,15535.88,15535.88,0,South,Retail Store
102130,CUST00494,2024-10-24,Beauty,2,4756.62,0.0,0.0,9513.24,9513.24,0,East,Retail Store
102131,CUST00683,2024-02-23,Apparel,4,1865.73,0.0,0.0,7462.92,-7462.92,1,East,Retail Store
102132,CUST01133,2025-06-20,Apparel,4,2400.96,0.4,3841.54,9603.84,5762.3,0,North,Online
102134,CUST00862,2025-04-11,Grocery,1,372.51,0.05,18.63,372.51,353.88,0,North,Marketplace
102135,CUST01092,2025-04-24,Sports,5,3604.35,0.0,0.0,18021.75,18021.75,0,North,Online
102136,CUST00710,2024-05-16,Sports,1,4874.94,0.25,1218.73,4874.94,3656.21,0,West,Marketplace
102138,CUST00156,2025-06-17,Sports,1,4872.59,0.0,0.0,4872.59,4872.59,0,Central,Online
102139,CUST00464,2024-10-21,Grocery,2,2766.82,0.0,0.0,5533.64,5533.64,0,North,Online
102140,CUST00800,2025-08-31,Apparel,3,1829.35,0.0,0.0,5488.05,5488.05,0,East,Online
102141,CUST00097,2025-06-04,Grocery,2,4709.53,0.0,0.0,9419.06,9419.06,0,Central,Marketplace
102142,CUST00152,2024-06-15,Beauty,3,651.28,0.0,0.0,1953.84,1953.84,0,North,Retail Store
102143,CUST00088,2025-03-12,Beauty,4,1753.69,0.0,0.0,7014.76,7014.76,0,South,Marketplace
102144,CUST00362,2025-09-14,Beauty,2,4043.64,0.0,0.0,8087.28,8087.28,0,West,Retail Store
102145,CUST01169,2024-06-10,Home & Kitchen,3,858.56,0.1,257.57,2575.68,2318.11,0,East,Marketplace
102146,CUST01014,2024-04-14,Sports,2,3838.8,0.0,0.0,7677.6,7677.6,0,West,Online
102147,CUST00500,2024-10-26,Electronics,1,1935.83,0.0,0.0,1935.83,1935.83,0,South,Marketplace
102148,CUST00956,2024-12-15,Home & Kitchen,4,529.44,0.0,0.0,2117.76,2117.76,0,East,Online
102149,CUST01193,2025-09-11,Home & Kitchen,3,1448.02,0.15,651.61,4344.06,3692.45,0,East,Marketplace
102150,CUST00111,2024-08-01,Grocery,3,4541.89,0.0,0.0,13625.67,13625.67,0,Central,Online
102151,CUST00919,2025-02-28,Grocery,4,3104.33,0.0,0.0,12417.32,12417.32,0,Central,Online
102152,CUST00085,2025-02-17,Beauty,5,4552.22,0.0,0.0,22761.1,22761.1,0,East,Marketplace
102153,CUST00862,2025-07-19,Sports,1,2742.2,0.0,0.0,2742.2,2742.2,0,North,Marketplace
102154,CUST00133,2024-11-18,Grocery,3,1602.64,0.0,0.0,4807.92,4807.92,0,North,Online
102155,CUST00727,2025-07-23,Beauty,3,4333.86,0.0,0.0,13001.58,13001.58,0,East,Online
102156,CUST00887,2024-11-25,Electronics,3,3910.75,0.0,0.0,11732.25,11732.25,0,South,Online
102157,CUST00873,2024-11-18,Grocery,3,878.77,0.1,263.63,2636.31,2372.68,0,North,Mobile App
102158,CUST00790,2025-05-01,Sports,4,4608.02,0.0,0.0,18432.08,18432.08,0,East,Online
102159,CUST01063,2024-12-16,Home & Kitchen,5,4402.17,0.1,2201.08,22010.85,19809.77,0,West,Online
102160,CUST01032,2024-05-17,Sports,1,340.14,0.0,0.0,340.14,-340.14,1,West,Online
102161,CUST00780,2024-06-01,Beauty,5,2039.22,0.05,509.81,10196.1,9686.29,0,Central,Marketplace
102162,CUST01096,2025-11-07,Home & Kitchen,2,2108.56,0.4,1686.85,4217.12,2530.27,0,Central,Online
102163,CUST00305,2025-07-03,Electronics,1,4997.88,0.0,0.0,4997.88,4997.88,0,North,Online
102164,CUST00406,2025-05-07,Home & Kitchen,5,2324.53,0.0,0.0,11622.65,11622.65,0,Central,Retail Store
102165,CUST00024,2025-06-13,Sports,1,4725.7,0.25,1181.42,4725.7,3544.28,0,West,Marketplace
102166,CUST00219,2024-12-06,Apparel,5,3698.0,0.0,0.0,18490.0,18490.0,0,North,Online
102168,CUST00405,2024-03-13,Sports,3,4038.35,0.05,605.75,12115.05,11509.3,0,Central,Retail Store
102169,CUST00601,2024-07-04,Beauty,1,4331.77,0.0,0.0,4331.77,4331.77,0,West,Retail Store
102170,CUST00119,2024-12-17,Electronics,3,345.63,0.0,0.0,1036.89,1036.89,0,North,Mobile App
102171,CUST00670,2024-08-08,Grocery,5,0.0,0.15,0.0,0.0,0.0,0,West,Online
102172,CUST00017,2024-12-22,Grocery,1,3900.37,0.0,0.0,3900.37,3900.37,0,East,Mobile App
102173,CUST00534,2024-04-27,Beauty,5,4549.93,0.0,0.0,22749.65,-22749.65,1,North,Online
102174,CUST00418,2024-06-28,Home & Kitchen,4,3732.74,0.05,746.55,14930.96,14184.41,0,Central,Marketplace
102175,CUST00236,2025-07-14,Electronics,4,3862.88,0.0,0.0,15451.52,15451.52,0,East,Marketplace
102176,CUST00664,2024-01-24,Home & Kitchen,5,755.03,0.15,566.27,3775.15,3208.88,0,West,Mobile App
102177,CUST00677,2025-05-08,Grocery,1,1684.78,0.0,0.0,1684.78,1684.78,0,East,Online
102178,CUST01025,2025-06-07,Home & Kitchen,5,918.06,0.0,0.0,4590.3,-4590.3,1,East,Marketplace
102180,CUST00211,2024-10-13,Home & Kitchen,3,922.3,0.15,415.04,2766.9,2351.86,0,West,Retail Store
102181,CUST00875,2025-01-01,Grocery,4,1146.55,0.0,0.0,4586.2,4586.2,0,South,Marketplace
102182,CUST01178,2024-08-08,Home & Kitchen,3,3759.37,0.0,0.0,11278.11,11278.11,0,West,Retail Store
102183,CUST00483,2025-09-24,Grocery,1,2807.46,0.0,0.0,2807.46,-2807.46,1,East,Retail Store
102184,CUST00967,2024-11-02,Sports,1,1205.51,0.0,0.0,1205.51,1205.51,0,North,Online
102185,CUST00918,2025-03-12,Apparel,5,3489.09,0.0,0.0,17445.45,17445.45,0,Central,Marketplace
102186,CUST00375,2025-08-10,Grocery,1,634.21,0.15,95.13,634.21,539.08,0,South,Online
102187,CUST00042,2024-01-29,Apparel,1,0.0,0.05,0.0,0.0,0.0,0,Central,Retail Store
102188,CUST00776,2024-10-31,Sports,4,3856.55,0.1,1542.62,15426.2,13883.58,0,Central,Retail Store
102189,CUST01056,2024-06-29,Sports,5,2614.29,0.0,0.0,13071.45,13071.45,0,South,Marketplace
102190,CUST00365,2025-02-21,Sports,2,2946.05,0.25,1473.02,5892.1,4419.08,0,Central,Online
102191,CUST00437,2025-09-03,Beauty,5,4051.22,0.0,0.0,20256.1,20256.1,0,North,Mobile App
102192,CUST00982,2024-04-13,Grocery,5,3965.83,0.0,0.0,19829.15,19829.15,0,South,Online
102193,CUST01142,2024-11-27,Sports,3,4175.74,0.0,0.0,12527.22,-12527.22,1,Central,Online
102194,CUST00447,2024-02-26,Electronics,2,654.24,0.25,327.12,1308.48,981.36,0,North,Online
102195,CUST00951,2025-03-24,Grocery,2,674.3,0.0,0.0,1348.6,1348.6,0,East,Mobile App
102196,CUST00307,2024-12-01,Home & Kitchen,5,3026.24,0.0,0.0,15131.2,15131.2,0,South,Online
102197,CUST00237,2025-05-22,Apparel,2,1781.7,0.25,890.85,3563.4,2672.55,0,West,Online
102198,CUST00667,2024-10-15,Home & Kitchen,3,0.0,0.4,0.0,0.0,0.0,0,East,Marketplace
102199,CUST01112,2025-03-03,Home & Kitchen,3,1866.5,0.0,0.0,5599.5,5599.5,0,Central,Online
102200,CUST00319,2025-11-17,Electronics,1,1098.33,0.1,109.83,1098.33,988.5,0,Central,Retail Store
102201,CUST01040,2024-10-17,Beauty,4,321.37,0.1,128.55,1285.48,1156.93,0,North,Marketplace
102202,CUST00216,2024-09-15,Apparel,1,4992.6,0.0,0.0,4992.6,4992.6,0,South,Online
102203,CUST00007,2024-05-21,Apparel,5,2124.95,0.0,0.0,10624.75,10624.75,0,Central,Retail Store
102204,CUST00339,2024-08-30,Electronics,5,1653.09,0.0,0.0,8265.45,8265.45,0,North,Marketplace
102205,CUST00959,2025-05-24,Electronics,1,4051.5,0.15,607.72,4051.5,3443.78,0,Central,Online
102206,CUST00280,2025-01-04,Home & Kitchen,1,401.53,0.05,20.08,401.53,381.45,0,Central,Marketplace
102207,CUST00578,2025-12-07,Home & Kitchen,5,1014.76,0.1,507.38,5073.8,4566.42,0,East,Marketplace
102208,CUST00241,2024-10-13,Grocery,2,4182.38,0.0,0.0,8364.76,8364.76,0,Central,Online
102209,CUST00090,2024-12-15,Electronics,3,1976.49,0.0,0.0,5929.47,5929.47,0,South,Online
102210,CUST00889,2025-04-06,Electronics,2,1567.88,0.05,156.79,3135.76,2978.97,0,South,Mobile App
102211,CUST00593,2024-10-12,Grocery,3,275.63,0.0,0.0,826.89,826.89,0,North,Online
102212,CUST00896,2025-06-22,Home & Kitchen,3,942.67,0.0,0.0,2828.01,-2828.01,1,South,Online
102213,CUST00232,2024-06-28,Beauty,1,2152.84,0.0,0.0,2152.84,2152.84,0,West,Retail Store
102214,CUST01199,2024-10-15,Sports,5,2214.29,0.0,0.0,11071.45,11071.45,0,East,Online
102215,CUST00008,2025-06-20,Beauty,4,2416.8,0.0,0.0,9667.2,9667.2,0,Central,Marketplace
102216,CUST00820,2024-12-10,Grocery,2,3819.56,0.0,0.0,7639.12,7639.12,0,South,Online
102217,CUST00917,2024-09-27,Electronics,5,1544.44,0.0,0.0,7722.2,7722.2,0,West,Online
102218,CUST00265,2024-10-04,Apparel,2,4253.2,0.1,850.64,8506.4,7655.76,0,North,Online
102219,CUST01138,2024-04-04,Home & Kitchen,2,4689.1,0.0,0.0,9378.2,9378.2,0,South,Online
102221,CUST00581,2025-01-11,Grocery,5,4813.73,0.05,1203.43,24068.65,22865.22,0,West,Online
102222,CUST00491,2024-08-01,Sports,4,4681.91,0.0,0.0,18727.64,18727.64,0,West,Marketplace
102223,CUST00988,2024-03-16,Electronics,4,3854.57,0.0,0.0,15418.28,15418.28,0,South,Online
102224,CUST00243,2025-07-07,Electronics,2,1309.57,0.0,0.0,2619.14,2619.14,0,East,Marketplace
102225,CUST00059,2025-02-15,Apparel,1,1219.28,0.05,60.96,1219.28,-1158.32,1,West,Marketplace
102226,CUST00885,2024-03-11,Home & Kitchen,1,3206.25,0.25,801.56,3206.25,2404.69,0,South,Online
102227,CUST00842,2025-08-27,Sports,3,4196.06,0.15,1888.23,12588.18,10699.95,0,East,Online
102228,CUST00953,2024-05-28,Grocery,5,3295.5,0.15,2471.62,16477.5,14005.88,0,South,Online
102229,CUST00835,2025-01-27,Apparel,4,1573.3,0.0,0.0,6293.2,6293.2,0,North,Mobile App
102232,CUST00596,2025-05-10,Beauty,3,3871.67,0.0,0.0,11615.01,11615.01,0,North,Online
102233,CUST00788,2025-03-08,Electronics,2,4728.2,0.0,0.0,9456.4,9456.4,0,North,Retail Store
102234,CUST00487,2024-05-14,Electronics,2,4102.38,0.1,820.48,8204.76,7384.28,0,Central,Retail Store
102235,CUST00236,2025-10-30,Electronics,2,782.38,0.0,0.0,1564.76,1564.76,0,East,Marketplace
102236,CUST01197,2024-06-19,Sports,2,1286.35,0.0,0.0,2572.7,2572.7,0,South,Marketplace
102238,CUST01115,2025-06-12,Sports,2,4394.64,0.0,0.0,8789.28,8789.28,0,West,Marketplace
102239,CUST01029,2025-05-18,Home & Kitchen,1,1656.07,0.0,0.0,1656.07,1656.07,0,Central,Online
102240,CUST00786,2025-10-02,Home & Kitchen,4,2967.29,0.0,0.0,11869.16,11869.16,0,North,Retail Store
102242,CUST00569,2024-03-23,Home & Kitchen,1,3367.51,0.0,0.0,3367.51,-3367.51,1,South,Marketplace
102243,CUST00920,2024-01-19,Sports,4,875.02,0.0,0.0,3500.08,3500.08,0,South,Retail Store
102244,CUST00960,2025-10-21,Sports,4,861.18,0.1,344.47,3444.72,3100.25,0,North,Online
102245,CUST00763,2025-01-12,Sports,2,3066.2,0.0,0.0,6132.4,6132.4,0,West,Mobile App
102246,CUST00488,2024-04-27,Apparel,4,3766.66,0.0,0.0,15066.64,15066.64,0,East,Online
102247,CUST00718,2025-05-02,Electronics,3,1777.87,0.0,0.0,5333.61,5333.61,0,West,Retail Store
102248,CUST00904,2025-11-30,Home & Kitchen,4,4616.41,0.0,0.0,18465.64,18465.64,0,East,Online
102249,CUST00713,2024-07-23,Electronics,3,4458.02,0.0,0.0,13374.06,-13374.06,1,Central,Mobile App
102250,CUST00444,2025-03-05,Sports,5,3357.2,0.1,1678.6,16786.0,15107.4,0,North,Marketplace
102251,CUST00001,2024-04-23,Apparel,3,4912.06,0.15,2210.43,14736.18,12525.75,0,Central,Mobile App
102252,CUST00399,2024-11-27,Beauty,1,4065.86,0.0,0.0,4065.86,4065.86,0,East,Online
102253,CUST00960,2025-07-27,Beauty,5,1242.73,0.0,0.0,6213.65,6213.65,0,North,Online
102254,CUST01007,2024-03-09,Grocery,5,0.0,0.05,0.0,0.0,0.0,0,East,Online
102255,CUST00688,2024-07-06,Beauty,4,457.82,0.0,0.0,1831.28,-1831.28,1,South,Online
102256,CUST00318,2025-01-21,Beauty,2,1804.63,0.0,0.0,3609.26,3609.26,0,South,Mobile App
102257,CUST00837,2024-07-31,Home & Kitchen,1,3910.56,0.05,195.53,3910.56,3715.03,0,Central,Mobile App
102258,CUST00438,2024-09-15,Sports,1,323.34,0.0,0.0,323.34,323.34,0,West,Online
102259,CUST01061,2025-06-11,Beauty,5,529.94,0.0,0.0,2649.7,2649.7,0,Central,Online
102260,CUST00432,2025-03-18,Sports,2,4753.35,0.0,0.0,9506.7,9506.7,0,Central,Online
102261,CUST00522,2025-06-03,Home & Kitchen,5,0.0,0.0,0.0,0.0,-0.0,1,East,Online
102262,CUST00854,2025-01-04,Apparel,5,3726.35,0.0,0.0,18631.75,-18631.75,1,West,Marketplace
102263,CUST01129,2025-03-08,Home & Kitchen,3,4169.77,0.15,1876.4,12509.31,10632.91,0,Central,Marketplace
102264,CUST00915,2025-01-02,Home & Kitchen,5,2736.39,0.0,0.0,13681.95,13681.95,0,East,Marketplace
102265,CUST00185,2025-03-16,Home & Kitchen,1,3798.2,0.0,0.0,3798.2,3798.2,0,North,Retail Store
102266,CUST00831,2024-05-21,Grocery,5,2544.7,0.05,636.18,12723.5,12087.32,0,Central,Marketplace
102267,CUST00019,2025-04-01,Apparel,4,2043.51,0.15,1226.11,8174.04,6947.93,0,North,Mobile App
102268,CUST00302,2025-08-14,Grocery,3,4876.77,0.1,1463.03,14630.31,13167.28,0,North,Online
102269,CUST01181,2025-06-22,Beauty,5,4131.67,0.4,8263.34,20658.35,12395.01,0,North,Online
102270,CUST00825,2024-04-21,Home & Kitchen,2,738.62,0.15,221.59,1477.24,1255.65,0,East,Marketplace
102271,CUST00139,2024-12-15,Apparel,2,4014.53,0.0,0.0,8029.06,8029.06,0,East,Online
102272,CUST00510,2024-11-25,Apparel,2,4987.39,0.0,0.0,9974.78,9974.78,0,Central,Retail Store
102273,CUST00577,2025-01-23,Electronics,1,881.21,0.0,0.0,881.21,881.21,0,North,Marketplace
102274,CUST00090,2024-11-24,Sports,2,4204.78,0.1,840.96,8409.56,7568.6,0,South,Online
102275,CUST00098,2025-06-18,Sports,2,2453.89,0.0,0.0,4907.78,4907.78,0,Central,Marketplace
102276,CUST00170,2024-08-25,Electronics,2,1837.89,0.1,367.58,3675.78,3308.2,0,East,Marketplace
102277,CUST00845,2025-04-25,Beauty,1,1832.93,0.05,91.65,1832.93,1741.28,0,Central,Online
102279,CUST00364,2025-06-13,Beauty,4,2423.09,0.0,0.0,9692.36,9692.36,0,West,Retail Store
102280,CUST00777,2025-02-06,Grocery,5,2658.66,0.15,1994.0,13293.3,11299.3,0,South,Marketplace
102281,CUST00363,2024-07-11,Beauty,4,1037.75,0.0,0.0,4151.0,4151.0,0,South,Online
102282,CUST00553,2025-03-12,Electronics,1,1942.28,0.0,0.0,1942.28,1942.28,0,East,Retail Store
102283,CUST01200,2025-02-07,Electronics,4,2714.5,0.0,0.0,10858.0,10858.0,0,Central,Online
102284,CUST01013,2024-04-14,Grocery,4,4638.7,0.0,0.0,18554.8,18554.8,0,Central,Online
102285,CUST00557,2024-05-29,Sports,1,4674.14,0.0,0.0,4674.14,-4674.14,1,Central,Retail Store
102286,CUST00794,2025-10-08,Apparel,4,3899.05,0.05,779.81,15596.2,14816.39,0,South,Online
102287,CUST00141,2025-01-21,Home & Kitchen,4,3008.9,0.1,1203.56,12035.6,10832.04,0,West,Online
102288,CUST00543,2024-03-15,Electronics,5,1061.65,0.0,0.0,5308.25,5308.25,0,South,Online
102289,CUST00075,2024-07-06,Electronics,2,4434.77,0.0,0.0,8869.54,8869.54,0,West,Mobile App
102290,CUST00450,2025-03-28,Grocery,4,3061.31,0.0,0.0,12245.24,12245.24,0,South,Marketplace
102291,CUST00600,2024-06-29,Home & Kitchen,4,264.59,0.0,0.0,1058.36,1058.36,0,Central,Retail Store
102292,CUST00300,2024-09-09,Electronics,1,4380.01,0.0,0.0,4380.01,4380.01,0,West,Online
102293,CUST00866,2025-02-12,Grocery,3,3342.72,0.25,2507.04,10028.16,7521.12,0,South,Marketplace
102294,CUST01017,2025-07-11,Electronics,4,3733.87,0.25,3733.87,14935.48,11201.61,0,West,Online
102295,CUST00902,2025-01-07,Apparel,3,3985.92,0.0,0.0,11957.76,11957.76,0,North,Retail Store
102296,CUST00488,2024-05-08,Beauty,4,1387.21,0.0,0.0,5548.84,5548.84,0,East,Online
102297,CUST00730,2024-11-24,Electronics,3,2912.12,0.0,0.0,8736.36,8736.36,0,South,Mobile App
102298,CUST01050,2024-11-29,Apparel,2,3561.24,0.4,2848.99,7122.48,4273.49,0,North,Online
102299,CUST01021,2024-10-24,Home & Kitchen,4,2050.05,0.0,0.0,8200.2,8200.2,0,West,Online
102300,CUST00764,2025-06-24,Home & Kitchen,4,2529.31,0.0,0.0,10117.24,10117.24,0,Central,Online
102301,CUST01114,2024-02-01,Electronics,5,648.3,0.15,486.22,3241.5,2755.28,0,South,Marketplace
102302,CUST00236,2025-11-06,Electronics,2,529.82,0.0,0.0,1059.64,1059.64,0,East,Marketplace
102303,CUST00778,2025-11-24,Beauty,4,2510.54,0.0,0.0,10042.16,10042.16,0,South,Online
102304,CUST00215,2025-09-02,Electronics,3,2307.76,0.0,0.0,6923.28,6923.28,0,West,Online
102305,CUST00532,2024-11-03,Beauty,1,2960.89,0.25,740.22,2960.89,2220.67,0,Central,Online
102306,CUST00850,2024-05-09,Electronics,5,0.0,0.0,0.0,0.0,0.0,0,East,Online
102307,CUST00711,2024-11-10,Home & Kitchen,5,269.72,0.25,337.15,1348.6,1011.45,0,North,Mobile App
102308,CUST00934,2024-11-22,Home & Kitchen,3,2857.11,0.0,0.0,8571.33,8571.33,0,East,Online
102310,CUST00704,2025-02-18,Sports,5,2180.5,0.0,0.0,10902.5,10902.5,0,North,Online
102311,CUST00315,2024-07-20,Home & Kitchen,5,1469.52,0.0,0.0,7347.6,7347.6,0,East,Retail Store
102312,CUST00502,2025-08-26,Sports,5,2116.36,0.0,0.0,10581.8,10581.8,0,North,Retail Store
102313,CUST00533,2025-03-15,Grocery,3,3780.95,0.0,0.0,11342.85,11342.85,0,South,Mobile App
102314,CUST00465,2025-05-07,Home & Kitchen,2,1521.49,0.25,760.74,3042.98,2282.24,0,West,Mobile App
102315,CUST00368,2024-12-30,Beauty,4,3845.55,0.0,0.0,15382.2,15382.2,0,East,Retail Store
102316,CUST00702,2025-01-30,Home & Kitchen,4,2295.59,0.0,0.0,9182.36,9182.36,0,East,Retail Store
102317,CUST00413,2025-01-25,Grocery,4,4146.59,0.0,0.0,16586.36,16586.36,0,North,Mobile App
102318,CUST01003,2025-05-01,Electronics,2,4917.34,0.0,0.0,9834.68,9834.68,0,South,Marketplace
102319,CUST01112,2025-06-18,Electronics,2,4225.83,0.0,0.0,8451.66,-8451.66,1,Central,Online
102320,CUST00221,2025-03-28,Apparel,2,1883.59,0.0,0.0,3767.18,3767.18,0,South,Marketplace
102321,CUST00570,2024-11-15,Home & Kitchen,5,2611.14,0.0,0.0,13055.7,13055.7,0,East,Retail Store
102322,CUST00152,2024-07-17,Sports,3,3061.93,0.0,0.0,9185.79,9185.79,0,North,Retail Store
102323,CUST00389,2024-10-20,Electronics,2,2007.55,0.15,602.26,4015.1,3412.84,0,North,Marketplace
102324,CUST00782,2024-08-31,Home & Kitchen,4,838.94,0.0,0.0,3355.76,3355.76,0,South,Marketplace
102325,CUST00474,2025-10-20,Electronics,3,2688.02,0.0,0.0,8064.06,-8064.06,1,East,Online
102326,CUST00921,2024-11-09,Apparel,3,3632.43,0.0,0.0,10897.29,10897.29,0,South,Online
102327,CUST00655,2025-11-01,Beauty,2,2215.43,0.05,221.54,4430.86,4209.32,0,South,Marketplace
102328,CUST00037,2024-07-21,Electronics,3,4117.16,0.0,0.0,12351.48,12351.48,0,South,Online
102329,CUST00720,2024-01-05,Grocery,1,1276.73,0.0,0.0,1276.73,-1276.73,1,Central,Online
102330,CUST01151,2025-01-05,Sports,1,2049.05,0.15,307.36,2049.05,1741.69,0,South,Online
102331,CUST01114,2024-09-12,Sports,2,4002.26,0.0,0.0,8004.52,-8004.52,1,South,Marketplace
102332,CUST00525,2025-04-27,Home & Kitchen,3,851.91,0.0,0.0,2555.73,2555.73,0,West,Online
102333,CUST00240,2024-10-07,Sports,2,1984.96,0.1,396.99,3969.92,3572.93,0,East,Online
102334,CUST00463,2025-06-27,Beauty,4,0.0,0.1,0.0,0.0,0.0,0,South,Mobile App
102335,CUST00783,2024-09-15,Grocery,1,4161.25,0.05,208.06,4161.25,3953.19,0,Central,Online
102337,CUST00370,2024-06-26,Beauty,5,1907.33,0.0,0.0,9536.65,-9536.65,1,North,Mobile App
102338,CUST00438,2024-12-04,Apparel,2,2946.14,0.0,0.0,5892.28,5892.28,0,West,Online
102339,CUST01031,2025-01-26,Sports,5,4516.42,0.0,0.0,22582.1,22582.1,0,North,Online
102341,CUST01162,2024-07-29,Apparel,2,3350.35,0.0,0.0,6700.7,6700.7,0,East,Retail Store
102342,CUST00814,2024-09-04,Electronics,4,390.93,0.0,0.0,1563.72,1563.72,0,North,Retail Store
102343,CUST01087,2025-01-05,Home & Kitchen,4,2015.68,0.0,0.0,8062.72,8062.72,0,West,Marketplace
102344,CUST00227,2025-02-10,Home & Kitchen,1,1073.55,0.0,0.0,1073.55,1073.55,0,North,Online
102345,CUST00316,2024-08-02,Apparel,2,4294.63,0.0,0.0,8589.26,8589.26,0,South,Online
102346,CUST00503,2024-07-01,Home & Kitchen,3,1999.12,0.0,0.0,5997.36,5997.36,0,Central,Retail Store
102347,CUST00821,2024-03-25,Apparel,4,4191.07,0.05,838.21,16764.28,15926.07,0,South,Online
102348,CUST00543,2024-03-24,Apparel,1,474.76,0.0,0.0,474.76,474.76,0,South,Online
102349,CUST01088,2024-07-22,Electronics,3,2513.51,0.0,0.0,7540.53,7540.53,0,East,Marketplace
102350,CUST00866,2025-01-11,Apparel,5,2183.53,0.0,0.0,10917.65,10917.65,0,South,Marketplace
102351,CUST00714,2024-11-30,Electronics,1,2227.78,0.0,0.0,2227.78,2227.78,0,West,Retail Store
102352,CUST00567,2025-05-01,Apparel,4,4840.44,0.0,0.0,19361.76,19361.76,0,North,Marketplace
102353,CUST00215,2025-04-29,Beauty,1,3583.55,0.0,0.0,3583.55,3583.55,0,West,Online
102354,CUST00944,2025-08-19,Grocery,1,1408.55,0.0,0.0,1408.55,1408.55,0,Central,Online
102355,CUST00191,2024-08-24,Grocery,3,514.13,0.1,154.24,1542.39,1388.15,0,South,Online
102356,CUST00980,2024-06-30,Beauty,5,2712.83,0.25,3391.04,13564.15,10173.11,0,West,Marketplace
102357,CUST00981,2024-05-17,Electronics,5,4920.92,0.0,0.0,24604.6,24604.6,0,West,Retail Store
102358,CUST00975,2025-01-16,Apparel,1,1865.55,0.25,466.39,1865.55,1399.16,0,East,Online
102359,CUST00873,2024-10-30,Home & Kitchen,1,3564.09,0.0,0.0,3564.09,3564.09,0,North,Mobile App
102360,CUST01181,2025-09-04,Beauty,1,3528.36,0.0,0.0,3528.36,3528.36,0,North,Online
102361,CUST00103,2024-08-22,Grocery,5,975.93,0.25,1219.91,4879.65,3659.74,0,East,Retail Store
102362,CUST00214,2025-07-16,Beauty,2,1853.79,0.0,0.0,3707.58,3707.58,0,West,Mobile App
102363,CUST00647,2024-12-12,Electronics,2,681.63,0.0,0.0,1363.26,1363.26,0,Central,Retail Store
102364,CUST00743,2024-02-19,Sports,4,1446.66,0.0,0.0,5786.64,5786.64,0,West,Online
102365,CUST00274,2025-07-12,Home & Kitchen,2,2010.13,0.0,0.0,4020.26,4020.26,0,South,Retail Store
102366,CUST00447,2024-02-01,Sports,3,2444.96,0.0,0.0,7334.88,7334.88,0,North,Online
102367,CUST00270,2025-03-19,Electronics,4,0.0,0.0,0.0,0.0,0.0,0,Central,Online
102368,CUST00003,2025-01-09,Apparel,5,3857.18,0.0,0.0,19285.9,19285.9,0,South,Retail Store
102369,CUST00331,2025-06-26,Beauty,4,2373.19,0.05,474.64,9492.76,9018.12,0,West,Online
102370,CUST00588,2024-05-12,Sports,5,3770.63,0.0,0.0,18853.15,18853.15,0,West,Online
102371,CUST00691,2024-05-21,Sports,2,3990.86,0.0,0.0,7981.72,7981.72,0,South,Marketplace
102372,CUST00359,2024-02-28,Apparel,1,4052.61,0.0,0.0,4052.61,4052.61,0,North,Online
102373,CUST00752,2024-06-18,Home & Kitchen,3,3263.76,0.1,979.13,9791.28,8812.15,0,West,Mobile App
102374,CUST00490,2024-06-16,Electronics,2,2908.02,0.0,0.0,5816.04,5816.04,0,Central,Online
102375,CUST01072,2025-08-28,Beauty,2,488.95,0.0,0.0,977.9,977.9,0,East,Online
102376,CUST00921,2025-03-09,Electronics,3,1828.49,0.0,0.0,5485.47,5485.47,0,South,Online
102377,CUST00717,2025-07-04,Sports,1,1025.79,0.0,0.0,1025.79,1025.79,0,Central,Online
102378,CUST00424,2025-01-18,Sports,4,603.95,0.0,0.0,2415.8,2415.8,0,Central,Retail Store
102379,CUST00862,2025-02-13,Grocery,2,541.26,0.0,0.0,1082.52,1082.52,0,North,Marketplace
102381,CUST00914,2024-04-21,Sports,4,4806.37,0.0,0.0,19225.48,19225.48,0,East,Retail Store
102382,CUST00695,2025-04-09,Grocery,1,214.83,0.05,10.74,214.83,204.09,0,Central,Online
102383,CUST00614,2024-07-20,Electronics,1,2948.5,0.0,0.0,2948.5,2948.5,0,East,Marketplace
102385,CUST00413,2025-02-21,Home & Kitchen,3,3378.13,0.0,0.0,10134.39,10134.39,0,North,Mobile App
102386,CUST01125,2025-02-24,Electronics,1,4474.75,0.1,447.48,4474.75,4027.27,0,North,Online
102387,CUST00568,2024-05-30,Apparel,5,318.59,0.1,159.3,1592.95,-1433.65,1,North,Online
102388,CUST00238,2024-04-06,Beauty,4,4686.18,0.0,0.0,18744.72,18744.72,0,South,Retail Store
102389,CUST00416,2024-11-19,Apparel,2,3932.63,0.0,0.0,7865.26,7865.26,0,Central,Marketplace
102390,CUST00281,2025-01-28,Home & Kitchen,3,3583.44,0.05,537.52,10750.32,10212.8,0,West,Marketplace
102391,CUST00847,2025-01-30,Grocery,5,1087.18,0.25,1358.98,5435.9,4076.92,0,Central,Retail Store
102392,CUST00934,2024-10-19,Sports,5,295.36,0.0,0.0,1476.8,1476.8,0,East,Online
102393,CUST00453,2025-04-01,Electronics,4,569.86,0.0,0.0,2279.44,2279.44,0,South,Retail Store
102394,CUST01159,2024-07-13,Home & Kitchen,2,2027.85,0.05,202.78,4055.7,3852.92,0,South,Retail Store
102395,CUST01186,2025-04-29,Apparel,4,913.37,0.0,0.0,3653.48,3653.48,0,South,Marketplace
102396,CUST00458,2025-07-25,Electronics,2,213.34,0.25,106.67,426.68,320.01,0,South,Online
102397,CUST00103,2024-08-15,Sports,4,1729.16,0.05,345.83,6916.64,6570.81,0,East,Retail Store
102399,CUST00701,2025-01-12,Apparel,3,2037.04,0.0,0.0,6111.12,6111.12,0,East,Mobile App
102400,CUST01106,2025-02-13,Sports,3,1471.89,0.05,220.78,4415.67,4194.89,0,South,Mobile App
102401,CUST01009,2024-06-15,Sports,4,4415.46,0.0,0.0,17661.84,17661.84,0,East,Online
102402,CUST00967,2024-06-22,Sports,1,4710.4,0.0,0.0,4710.4,4710.4,0,North,Online
102403,CUST00984,2024-09-26,Beauty,2,4377.0,0.0,0.0,8754.0,8754.0,0,South,Retail Store
102404,CUST00353,2024-04-21,Grocery,5,4476.63,0.0,0.0,22383.15,22383.15,0,North,Marketplace
102405,CUST01080,2025-10-31,Apparel,1,3296.96,0.0,0.0,3296.96,3296.96,0,North,Marketplace
102406,CUST00916,2025-06-14,Electronics,2,2479.42,0.0,0.0,4958.84,4958.84,0,North,Mobile App
102407,CUST00470,2025-03-27,Sports,3,2429.66,0.0,0.0,7288.98,7288.98,0,West,Marketplace
102408,CUST00385,2024-06-06,Apparel,3,0.0,0.0,0.0,0.0,0.0,0,North,Marketplace
102409,CUST00901,2025-08-05,Sports,3,4273.82,0.1,1282.15,12821.46,11539.31,0,East,Marketplace
102410,CUST00112,2025-05-01,Grocery,1,1379.16,0.0,0.0,1379.16,1379.16,0,East,Online
102411,CUST00446,2025-08-20,Sports,3,864.93,0.05,129.74,2594.79,2465.05,0,North,Marketplace
102412,CUST00834,2025-02-17,Apparel,5,1365.14,0.0,0.0,6825.7,-6825.7,1,West,Online
102413,CUST00938,2024-06-24,Electronics,4,2768.55,0.0,0.0,11074.2,11074.2,0,North,Marketplace
102414,CUST00490,2024-08-24,Beauty,3,2448.25,0.0,0.0,7344.75,7344.75,0,Central,Online
102415,CUST00836,2024-08-14,Electronics,5,3624.66,0.0,0.0,18123.3,18123.3,0,Central,Marketplace
102416,CUST00492,2024-11-03,Beauty,3,239.19,0.0,0.0,717.57,717.57,0,Central,Retail Store
102417,CUST00351,2024-08-11,Sports,1,1816.66,0.15,272.5,1816.66,1544.16,0,South,Retail Store
102418,CUST01062,2024-07-17,Grocery,2,3618.42,0.0,0.0,7236.84,7236.84,0,Central,Marketplace
102419,CUST00735,2024-10-13,Apparel,1,0.0,0.25,0.0,0.0,0.0,0,South,Marketplace
102420,CUST01158,2025-06-27,Beauty,5,4393.76,0.0,0.0,21968.8,21968.8,0,North,Marketplace
102421,CUST00521,2024-07-01,Electronics,1,945.73,0.05,47.29,945.73,898.44,0,South,Online
102422,CUST00447,2024-06-10,Beauty,2,934.64,0.0,0.0,1869.28,1869.28,0,North,Online
102423,CUST00866,2025-02-05,Apparel,2,3173.12,0.0,0.0,6346.24,-6346.24,1,South,Marketplace
102424,CUST00033,2025-10-10,Beauty,4,0.0,0.0,0.0,0.0,0.0,0,East,Online
102425,CUST01002,2025-08-17,Grocery,5,1508.89,0.0,0.0,7544.45,7544.45,0,South,Online
102426,CUST01197,2024-03-27,Apparel,3,1974.93,0.0,0.0,5924.79,5924.79,0,South,Marketplace
102427,CUST00852,2025-07-06,Sports,2,2238.44,0.0,0.0,4476.88,4476.88,0,East,Online
102428,CUST00427,2024-02-11,Sports,1,4802.64,0.0,0.0,4802.64,4802.64,0,South,Retail Store
102429,CUST00887,2024-11-29,Electronics,1,1018.6,0.0,0.0,1018.6,-1018.6,1,South,Online
102430,CUST00079,2025-04-28,Electronics,1,3581.19,0.15,537.18,3581.19,3044.01,0,West,Online
102431,CUST00385,2024-04-11,Beauty,5,3292.23,0.0,0.0,16461.15,16461.15,0,North,Marketplace
102432,CUST01072,2025-07-29,Home & Kitchen,5,2941.0,0.15,2205.75,14705.0,12499.25,0,East,Online
102433,CUST01019,2024-07-29,Electronics,5,940.03,0.15,705.02,4700.15,3995.13,0,North,Retail Store
102434,CUST00911,2025-05-16,Beauty,1,775.76,0.0,0.0,775.76,775.76,0,Central,Marketplace
102435,CUST00352,2025-08-28,Sports,3,0.0,0.0,0.0,0.0,0.0,0,Central,Marketplace
102436,CUST00418,2024-09-18,Home & Kitchen,2,1365.19,0.0,0.0,2730.38,2730.38,0,Central,Marketplace
102437,CUST00548,2025-06-24,Grocery,1,2369.63,0.0,0.0,2369.63,2369.63,0,South,Mobile App
102438,CUST00257,2024-07-01,Apparel,5,2405.68,0.0,0.0,12028.4,12028.4,0,West,Online
102439,CUST00356,2025-04-10,Beauty,3,3106.97,0.15,1398.14,9320.91,7922.77,0,Central,Online
102440,CUST00057,2024-06-28,Beauty,5,1476.12,0.05,369.03,7380.6,7011.57,0,Central,Online
102441,CUST01165,2025-04-24,Grocery,5,492.12,0.0,0.0,2460.6,2460.6,0,West,Online
102442,CUST00179,2025-05-16,Apparel,3,1491.33,0.0,0.0,4473.99,4473.99,0,South,Retail Store
102443,CUST00120,2024-09-03,Home & Kitchen,5,420.29,0.0,0.0,2101.45,2101.45,0,South,Marketplace
102444,CUST00792,2024-01-23,Sports,4,4781.39,0.0,0.0,19125.56,19125.56,0,West,Online
102445,CUST00400,2025-03-29,Apparel,4,4416.24,0.0,0.0,17664.96,17664.96,0,North,Online
102446,CUST00782,2024-09-06,Electronics,3,3018.11,0.15,1358.15,9054.33,7696.18,0,South,Marketplace
102447,CUST01036,2024-03-20,Grocery,1,3723.45,0.1,372.34,3723.45,3351.11,0,East,Marketplace
102448,CUST00266,2025-01-01,Apparel,1,3028.01,0.0,0.0,3028.01,3028.01,0,East,Mobile App
102449,CUST00283,2025-05-12,Electronics,1,2409.78,0.0,0.0,2409.78,2409.78,0,Central,Online
102450,CUST00210,2024-05-13,Sports,2,2159.01,0.0,0.0,4318.02,4318.02,0,West,Marketplace
102451,CUST00747,2024-07-10,Electronics,5,2362.16,0.0,0.0,11810.8,11810.8,0,West,Online
102452,CUST00717,2024-12-29,Beauty,1,3381.83,0.0,0.0,3381.83,3381.83,0,Central,Online
102453,CUST00577,2024-11-02,Apparel,1,0.0,0.0,0.0,0.0,0.0,0,North,Marketplace
102454,CUST00870,2024-11-25,Sports,4,3490.23,0.05,698.05,13960.92,13262.87,0,West,Online
102455,CUST00028,2025-07-27,Sports,3,4638.29,0.4,5565.95,13914.87,8348.92,0,South,Online
102456,CUST00906,2024-05-29,Apparel,4,2627.61,0.25,2627.61,10510.44,7882.83,0,North,Online
102457,CUST00193,2024-01-19,Sports,4,4918.02,0.0,0.0,19672.08,19672.08,0,South,Online
102458,CUST00863,2024-11-13,Sports,1,2466.5,0.0,0.0,2466.5,2466.5,0,North,Retail Store
102459,CUST00306,2025-03-23,Home & Kitchen,5,4498.75,0.1,2249.38,22493.75,20244.37,0,West,Online
102460,CUST00348,2024-11-19,Grocery,1,1217.2,0.0,0.0,1217.2,1217.2,0,North,Retail Store
102461,CUST00519,2024-10-08,Electronics,5,1442.04,0.0,0.0,7210.2,7210.2,0,West,Online
102462,CUST00986,2025-03-02,Beauty,2,816.82,0.15,245.05,1633.64,1388.59,0,Central,Mobile App
102463,CUST00140,2024-11-10,Home & Kitchen,5,2704.05,0.25,3380.06,13520.25,10140.19,0,Central,Marketplace
102464,CUST01054,2025-04-20,Apparel,3,4412.04,0.0,0.0,13236.12,13236.12,0,Central,Online
102465,CUST00091,2024-03-27,Apparel,5,1476.44,0.0,0.0,7382.2,-7382.2,1,Central,Online
102466,CUST01131,2024-11-13,Sports,2,2340.03,0.0,0.0,4680.06,4680.06,0,North,Online
102467,CUST00117,2024-05-07,Electronics,4,3524.74,0.0,0.0,14098.96,14098.96,0,East,Marketplace
102468,CUST00240,2025-01-10,Apparel,5,4081.04,0.0,0.0,20405.2,-20405.2,1,East,Online
102469,CUST00522,2025-09-27,Electronics,5,2833.12,0.15,2124.84,14165.6,-12040.76,1,East,Online
102470,CUST00898,2024-06-03,Electronics,1,3214.49,0.0,0.0,3214.49,3214.49,0,West,Marketplace
102471,CUST00054,2025-08-03,Apparel,4,1729.9,0.0,0.0,6919.6,6919.6,0,South,Retail Store
102472,CUST00029,2024-03-30,Electronics,5,1968.16,0.0,0.0,9840.8,9840.8,0,North,Marketplace
102473,CUST00392,2024-09-25,Electronics,3,2265.15,0.0,0.0,6795.45,6795.45,0,South,Mobile App
102474,CUST00183,2024-06-30,Home & Kitchen,4,3865.93,0.0,0.0,15463.72,15463.72,0,South,Marketplace
102475,CUST01000,2024-11-24,Beauty,5,959.83,0.1,479.92,4799.15,4319.23,0,West,Retail Store
102476,CUST00219,2024-07-02,Electronics,2,435.26,0.0,0.0,870.52,870.52,0,North,Online
102477,CUST00959,2024-04-17,Beauty,4,3794.47,0.0,0.0,15177.88,15177.88,0,Central,Online
102478,CUST00302,2025-05-09,Home & Kitchen,5,3411.25,0.05,852.81,17056.25,16203.44,0,North,Online
102479,CUST01069,2025-09-29,Beauty,2,205.22,0.25,102.61,410.44,307.83,0,South,Online
102480,CUST00889,2024-10-06,Home & Kitchen,2,2516.31,0.0,0.0,5032.62,5032.62,0,South,Mobile App
102481,CUST00583,2025-02-12,Electronics,3,3811.51,0.1,1143.45,11434.53,10291.08,0,South,Online
102482,CUST00800,2025-02-21,Grocery,5,3137.94,0.05,784.49,15689.7,14905.21,0,East,Online
102483,CUST00360,2024-12-15,Apparel,4,1881.5,0.0,0.0,7526.0,7526.0,0,North,Online
102484,CUST01053,2024-11-15,Apparel,5,302.57,0.15,226.93,1512.85,1285.92,0,East,Retail Store
102485,CUST00325,2024-08-24,Home & Kitchen,3,1527.78,0.0,0.0,4583.34,4583.34,0,West,Mobile App
102486,CUST00908,2024-11-08,Grocery,3,329.46,0.0,0.0,988.38,988.38,0,North,Online
102487,CUST01037,2024-05-07,Grocery,5,4327.0,0.1,2163.5,21635.0,19471.5,0,North,Online
102488,CUST00675,2024-12-07,Home & Kitchen,2,4525.15,0.0,0.0,9050.3,-9050.3,1,South,Mobile App
102489,CUST01115,2025-11-24,Grocery,3,3902.72,0.0,0.0,11708.16,11708.16,0,West,Marketplace
102490,CUST00413,2025-01-21,Electronics,4,481.79,0.0,0.0,1927.16,1927.16,0,North,Mobile App
102491,CUST00578,2025-06-03,Sports,2,0.0,0.0,0.0,0.0,0.0,0,East,Marketplace
102492,CUST00107,2024-11-14,Electronics,3,4177.88,0.25,3133.41,12533.64,9400.23,0,West,Marketplace
102493,CUST00923,2024-12-30,Home & Kitchen,4,2651.54,0.15,1590.92,10606.16,-9015.24,1,Central,Online
102494,CUST00501,2024-12-27,Beauty,3,4922.87,0.0,0.0,14768.61,14768.61,0,South,Marketplace
102495,CUST00029,2024-05-21,Apparel,3,1858.73,0.15,836.43,5576.19,4739.76,0,North,Marketplace
102496,CUST01081,2025-03-28,Home & Kitchen,2,4003.47,0.0,0.0,8006.94,8006.94,0,West,Online
102497,CUST00607,2025-08-24,Electronics,3,2614.68,0.0,0.0,7844.04,7844.04,0,Central,Online
102498,CUST00585,2024-10-16,Sports,5,3479.53,0.0,0.0,17397.65,-17397.65,1,West,Online
102499,CUST00638,2024-12-20,Home & Kitchen,3,502.18,0.15,225.98,1506.54,1280.56,0,North,Online
102500,CUST00126,2025-01-07,Home & Kitchen,3,4434.81,0.1,1330.44,13304.43,11973.99,0,North,Marketplace
102501,CUST00297,2024-04-10,Grocery,4,3861.43,0.25,3861.43,15445.72,11584.29,0,West,Retail Store
102502,CUST01097,2025-09-12,Beauty,3,1721.18,0.25,1290.88,5163.54,3872.66,0,West,Online
102503,CUST01019,2024-08-16,Beauty,4,3164.01,0.0,0.0,12656.04,12656.04,0,North,Retail Store
102504,CUST00373,2025-02-06,Apparel,2,2113.67,0.25,1056.84,4227.34,3170.5,0,North,Retail Store
102505,CUST00884,2025-07-30,Grocery,3,0.0,0.0,0.0,0.0,0.0,0,West,Online
102506,CUST00106,2025-02-27,Grocery,5,950.42,0.0,0.0,4752.1,4752.1,0,North,Retail Store
102507,CUST00147,2025-02-25,Grocery,2,4443.75,0.0,0.0,8887.5,8887.5,0,North,Online
102508,CUST00882,2024-07-08,Grocery,1,1745.83,0.0,0.0,1745.83,1745.83,0,Central,Marketplace
102509,CUST00257,2024-08-09,Sports,4,1096.37,0.25,1096.37,4385.48,3289.11,0,West,Online
102510,CUST00535,2024-06-14,Beauty,1,3548.87,0.0,0.0,3548.87,3548.87,0,South,Mobile App
102511,CUST00061,2025-01-11,Beauty,4,2244.88,0.05,448.98,8979.52,8530.54,0,West,Online
102512,CUST00693,2024-04-05,Home & Kitchen,1,1111.11,0.25,277.78,1111.11,-833.33,1,South,Marketplace
102513,CUST00436,2024-07-28,Home & Kitchen,4,813.27,0.15,487.96,3253.08,2765.12,0,Central,Online
102514,CUST00946,2025-03-15,Electronics,1,2285.77,0.0,0.0,2285.77,2285.77,0,North,Online
102515,CUST00193,2024-04-18,Grocery,5,2462.39,0.0,0.0,12311.95,12311.95,0,South,Online
102516,CUST00308,2024-07-04,Apparel,4,2375.61,0.0,0.0,9502.44,9502.44,0,East,Retail Store
102517,CUST00242,2025-06-03,Beauty,2,3897.77,0.0,0.0,7795.54,7795.54,0,North,Retail Store
102518,CUST00770,2024-04-03,Grocery,4,3777.48,0.0,0.0,15109.92,-15109.92,1,Central,Marketplace
102519,CUST00832,2024-11-02,Grocery,1,2181.12,0.0,0.0,2181.12,2181.12,0,East,Marketplace
102520,CUST00068,2025-01-13,Electronics,1,1960.64,0.1,196.06,1960.64,1764.58,0,South,Retail Store
102521,CUST00475,2025-04-14,Electronics,4,1146.77,0.0,0.0,4587.08,4587.08,0,East,Online
102522,CUST00756,2025-03-21,Sports,1,4148.02,0.05,207.4,4148.02,3940.62,0,West,Marketplace
102523,CUST00355,2024-12-14,Electronics,5,3223.84,0.0,0.0,16119.2,16119.2,0,Central,Online
102524,CUST00103,2025-01-08,Grocery,1,0.0,0.0,0.0,0.0,0.0,0,East,Retail Store
102525,CUST00346,2025-10-02,Home & Kitchen,3,4532.26,0.05,679.84,13596.78,12916.94,0,South,Online
102526,CUST01066,2025-01-20,Home & Kitchen,1,4205.11,0.1,420.51,4205.11,3784.6,0,South,Mobile App
102527,CUST00435,2024-02-03,Grocery,3,1036.66,0.0,0.0,3109.98,3109.98,0,North,Online
102528,CUST00637,2024-10-03,Beauty,4,2061.56,0.0,0.0,8246.24,8246.24,0,North,Online
102529,CUST00647,2025-03-24,Apparel,4,4209.75,0.15,2525.85,16839.0,14313.15,0,Central,Retail Store
102530,CUST00913,2025-02-08,Apparel,1,3499.2,0.1,349.92,3499.2,3149.28,0,West,Retail Store
102531,CUST00358,2025-06-12,Beauty,2,0.0,0.0,0.0,0.0,0.0,0,Central,Online
102532,CUST01014,2024-09-27,Home & Kitchen,1,1500.73,0.0,0.0,1500.73,1500.73,0,West,Online
102533,CUST00310,2024-09-03,Sports,3,4502.21,0.0,0.0,13506.63,13506.63,0,Central,Online
102534,CUST00613,2024-06-10,Grocery,1,3844.71,0.05,192.24,3844.71,3652.47,0,North,Online
102535,CUST00494,2024-08-24,Sports,5,3331.75,0.0,0.0,16658.75,16658.75,0,East,Retail Store
102536,CUST00029,2024-06-01,Apparel,1,810.93,0.0,0.0,810.93,-810.93,1,North,Marketplace
102537,CUST00554,2024-03-23,Beauty,2,1780.39,0.0,0.0,3560.78,3560.78,0,West,Online
102538,CUST01186,2025-10-15,Home & Kitchen,3,4276.12,0.4,5131.34,12828.36,7697.02,0,South,Marketplace
102539,CUST01124,2024-12-31,Sports,4,3579.23,0.1,1431.69,14316.92,12885.23,0,Central,Online
102540,CUST00179,2025-02-19,Sports,3,4588.21,0.0,0.0,13764.63,13764.63,0,South,Retail Store
102541,CUST00418,2025-01-26,Home & Kitchen,4,3553.59,0.05,710.72,14214.36,13503.64,0,Central,Marketplace
102542,CUST00406,2025-01-28,Sports,4,3490.36,0.1,1396.14,13961.44,12565.3,0,Central,Retail Store
102543,CUST00034,2025-06-27,Apparel,1,4852.28,0.0,0.0,4852.28,4852.28,0,Central,Mobile App
102545,CUST01094,2025-08-10,Electronics,5,0.0,0.0,0.0,0.0,0.0,0,West,Retail Store
102546,CUST01001,2025-04-16,Grocery,4,1146.36,0.05,229.27,4585.44,4356.17,0,West,Mobile App
102547,CUST00287,2025-10-21,Grocery,3,4565.32,0.0,0.0,13695.96,-13695.96,1,East,Marketplace
102548,CUST00421,2025-10-06,Sports,1,2764.72,0.15,414.71,2764.72,2350.01,0,East,Marketplace
102549,CUST00979,2025-12-25,Grocery,3,2765.58,0.0,0.0,8296.74,8296.74,0,Central,Marketplace
102550,CUST00217,2025-01-22,Electronics,3,3056.01,0.1,916.8,9168.03,8251.23,0,South,Retail Store
102551,CUST01199,2025-01-02,Home & Kitchen,2,1276.56,0.0,0.0,2553.12,2553.12,0,East,Online
102552,CUST00496,2025-10-12,Apparel,1,4088.6,0.0,0.0,4088.6,4088.6,0,West,Online
102553,CUST01013,2024-04-10,Home & Kitchen,2,3857.91,0.0,0.0,7715.82,-7715.82,1,Central,Online
102554,CUST00230,2025-05-14,Sports,1,2523.88,0.0,0.0,2523.88,2523.88,0,South,Mobile App
102555,CUST00331,2025-08-18,Beauty,4,829.5,0.0,0.0,3318.0,3318.0,0,West,Online
102556,CUST00069,2024-03-30,Beauty,1,1427.77,0.0,0.0,1427.77,1427.77,0,North,Marketplace
102557,CUST00650,2024-04-03,Sports,3,859.57,0.0,0.0,2578.71,2578.71,0,South,Online
102558,CUST00457,2025-08-26,Beauty,4,821.54,0.25,821.54,3286.16,2464.62,0,Central,Online
102559,CUST00219,2024-06-17,Grocery,5,359.56,0.0,0.0,1797.8,1797.8,0,North,Online
102560,CUST00991,2025-02-01,Electronics,4,4730.08,0.05,946.02,18920.32,17974.3,0,North,Marketplace
102561,CUST00622,2024-09-18,Grocery,4,1360.52,0.0,0.0,5442.08,5442.08,0,Central,Online
102562,CUST01119,2025-04-27,Apparel,3,1150.04,0.0,0.0,3450.12,3450.12,0,Central,Retail Store
102563,CUST01142,2025-05-01,Home & Kitchen,2,441.48,0.05,44.15,882.96,838.81,0,Central,Online
102564,CUST00225,2024-07-06,Electronics,5,824.91,0.0,0.0,4124.55,4124.55,0,West,Online
102565,CUST00710,2024-07-31,Apparel,2,792.76,0.15,237.83,1585.52,1347.69,0,West,Marketplace
102566,CUST00849,2024-07-06,Electronics,3,1033.28,0.0,0.0,3099.84,3099.84,0,West,Online
102567,CUST00669,2024-01-17,Home & Kitchen,3,4563.57,0.0,0.0,13690.71,13690.71,0,Central,Online
102568,CUST01114,2024-06-05,Home & Kitchen,1,2058.2,0.0,0.0,2058.2,2058.2,0,South,Marketplace
102569,CUST01033,2025-12-09,Sports,5,4337.92,0.0,0.0,21689.6,21689.6,0,West,Retail Store
102570,CUST00597,2025-08-27,Home & Kitchen,2,2212.08,0.0,0.0,4424.16,4424.16,0,West,Online
102571,CUST00436,2024-07-28,Electronics,3,3627.28,0.0,0.0,10881.84,10881.84,0,Central,Online
102572,CUST00342,2025-05-07,Sports,1,264.06,0.0,0.0,264.06,264.06,0,West,Mobile App
102573,CUST00281,2024-11-15,Home & Kitchen,5,2326.6,0.0,0.0,11633.0,11633.0,0,West,Marketplace
102574,CUST00396,2024-05-14,Home & Kitchen,3,3638.52,0.0,0.0,10915.56,10915.56,0,South,Retail Store
102575,CUST00015,2024-08-18,Sports,3,2566.46,0.0,0.0,7699.38,7699.38,0,North,Online
102576,CUST00295,2024-09-15,Home & Kitchen,4,4102.89,0.0,0.0,16411.56,16411.56,0,Central,Retail Store
102577,CUST00206,2024-03-08,Sports,3,3617.98,0.15,1628.09,10853.94,9225.85,0,North,Online
102578,CUST00929,2025-05-14,Home & Kitchen,2,3518.82,0.05,351.88,7037.64,6685.76,0,Central,Marketplace
102579,CUST00436,2024-05-15,Sports,2,4618.45,0.05,461.84,9236.9,8775.06,0,Central,Online
102580,CUST00476,2025-04-12,Sports,1,2527.89,0.15,379.18,2527.89,2148.71,0,Central,Online
102582,CUST00901,2024-01-27,Beauty,4,2491.22,0.0,0.0,9964.88,9964.88,0,East,Marketplace
102583,CUST00286,2025-10-22,Beauty,5,4413.69,0.05,1103.42,22068.45,20965.03,0,North,Online
102584,CUST01151,2025-02-23,Apparel,1,1197.23,0.0,0.0,1197.23,1197.23,0,South,Online
102585,CUST00729,2025-08-29,Home & Kitchen,4,4526.95,0.25,4526.95,18107.8,13580.85,0,East,Online
102586,CUST00089,2025-06-16,Home & Kitchen,1,1610.88,0.0,0.0,1610.88,1610.88,0,South,Retail Store
102588,CUST00121,2024-12-15,Grocery,3,2671.81,0.1,801.54,8015.43,7213.89,0,West,Marketplace
102589,CUST00368,2024-10-29,Sports,4,1796.73,0.25,1796.73,7186.92,5390.19,0,East,Retail Store
102590,CUST00093,2024-09-04,Apparel,4,4566.01,0.4,7305.62,18264.04,10958.42,0,North,Online
102591,CUST00847,2025-01-02,Electronics,2,3302.66,0.0,0.0,6605.32,6605.32,0,Central,Retail Store
102592,CUST00828,2025-02-26,Apparel,3,2576.71,0.15,1159.52,7730.13,6570.61,0,North,Online
102593,CUST00414,2025-05-31,Sports,5,2583.55,0.0,0.0,12917.75,12917.75,0,North,Online
102594,CUST00939,2024-11-02,Home & Kitchen,5,952.4,0.0,0.0,4762.0,4762.0,0,Central,Retail Store
102595,CUST01093,2025-08-25,Beauty,5,2883.5,0.15,2162.62,14417.5,12254.88,0,Central,Online
102596,CUST00245,2025-10-30,Home & Kitchen,1,2292.14,0.1,229.21,2292.14,2062.93,0,West,Online
102597,CUST00238,2025-06-12,Apparel,2,244.53,0.15,73.36,489.06,415.7,0,South,Retail Store
102598,CUST00353,2024-07-16,Sports,2,4084.01,0.0,0.0,8168.02,8168.02,0,North,Marketplace
102599,CUST00939,2025-07-18,Electronics,3,1761.98,0.0,0.0,5285.94,5285.94,0,Central,Retail Store
102600,CUST00671,2025-08-05,Home & Kitchen,1,534.68,0.0,0.0,534.68,534.68,0,South,Online
102601,CUST01166,2024-04-25,Grocery,3,3513.96,0.25,2635.47,10541.88,7906.41,0,East,Marketplace
102602,CUST00099,2024-09-16,Beauty,3,4260.62,0.0,0.0,12781.86,12781.86,0,East,Marketplace
102603,CUST00309,2024-05-05,Home & Kitchen,5,3025.89,0.0,0.0,15129.45,15129.45,0,Central,Retail Store
102604,CUST01171,2024-05-08,Home & Kitchen,3,4077.24,0.0,0.0,12231.72,12231.72,0,Central,Retail Store
102605,CUST00035,2025-07-25,Electronics,2,379.36,0.15,113.81,758.72,644.91,0,South,Marketplace
102606,CUST00595,2025-04-28,Home & Kitchen,3,255.66,0.0,0.0,766.98,766.98,0,Central,Online
102607,CUST01130,2025-01-13,Beauty,3,4081.25,0.1,1224.38,12243.75,11019.37,0,West,Retail Store
102608,CUST00416,2024-11-28,Grocery,5,4192.51,0.4,8385.02,20962.55,12577.53,0,Central,Marketplace
102609,CUST00469,2024-05-05,Beauty,4,3453.97,0.0,0.0,13815.88,-13815.88,1,West,Retail Store
102610,CUST01139,2025-07-12,Grocery,4,4954.32,0.0,0.0,19817.28,19817.28,0,North,Online
102611,CUST00324,2025-09-14,Grocery,4,1130.28,0.0,0.0,4521.12,4521.12,0,Central,Retail Store
102612,CUST00843,2025-03-25,Home & Kitchen,3,1740.02,0.1,522.01,5220.06,4698.05,0,East,Retail Store
102613,CUST00921,2024-11-14,Beauty,4,820.98,0.0,0.0,3283.92,3283.92,0,South,Online
102614,CUST00263,2024-07-21,Electronics,4,4500.6,0.0,0.0,18002.4,18002.4,0,West,Marketplace
102615,CUST00844,2025-02-18,Sports,1,1829.28,0.0,0.0,1829.28,1829.28,0,North,Marketplace
102616,CUST00527,2024-09-28,Grocery,1,3666.82,0.0,0.0,3666.82,3666.82,0,South,Online
102617,CUST00824,2024-11-23,Sports,2,4889.01,0.0,0.0,9778.02,9778.02,0,West,Online
102618,CUST00873,2024-09-17,Electronics,1,2705.85,0.0,0.0,2705.85,2705.85,0,North,Mobile App
102619,CUST00974,2024-08-31,Apparel,4,900.0,0.0,0.0,3600.0,3600.0,0,East,Retail Store
102622,CUST00773,2024-03-25,Sports,2,4950.13,0.1,990.03,9900.26,8910.23,0,Central,Retail Store
102623,CUST00384,2025-11-21,Beauty,3,1347.15,0.15,606.22,4041.45,3435.23,0,Central,Retail Store
102624,CUST00336,2024-04-01,Grocery,4,2680.72,0.0,0.0,10722.88,10722.88,0,West,Online
102625,CUST00868,2024-12-24,Sports,5,4105.53,0.1,2052.77,20527.65,18474.88,0,North,Online
102626,CUST00480,2025-04-19,Apparel,4,3819.7,0.1,1527.88,15278.8,13750.92,0,West,Online
102627,CUST00491,2024-07-23,Grocery,2,2252.11,0.25,1126.06,4504.22,3378.16,0,West,Marketplace
102628,CUST00650,2024-02-16,Grocery,5,3100.85,0.0,0.0,15504.25,15504.25,0,South,Online
102629,CUST00140,2024-09-08,Sports,5,3418.89,0.0,0.0,17094.45,17094.45,0,Central,Marketplace
102630,CUST00950,2025-12-10,Apparel,3,1305.99,0.0,0.0,3917.97,3917.97,0,South,Online
102631,CUST00090,2025-03-16,Grocery,2,3762.61,0.4,3010.09,7525.22,4515.13,0,South,Online
102632,CUST00812,2024-10-22,Beauty,4,4956.26,0.1,1982.5,19825.04,17842.54,0,North,Online
102633,CUST00201,2024-10-06,Beauty,5,2374.3,0.1,1187.15,11871.5,10684.35,0,Central,Online
102635,CUST00590,2025-05-07,Home & Kitchen,5,3035.22,0.15,2276.42,15176.1,12899.68,0,North,Online
102636,CUST00184,2025-06-16,Grocery,1,4686.08,0.0,0.0,4686.08,4686.08,0,North,Mobile App
102637,CUST01043,2025-11-03,Home & Kitchen,3,3508.59,0.0,0.0,10525.77,-10525.77,1,South,Retail Store
102638,CUST01168,2024-11-26,Grocery,2,2804.88,0.05,280.49,5609.76,-5329.27,1,East,Online
102639,CUST00537,2024-03-08,Grocery,5,3378.71,0.0,0.0,16893.55,16893.55,0,Central,Marketplace
102640,CUST00172,2024-07-27,Electronics,1,235.89,0.0,0.0,235.89,235.89,0,North,Marketplace
102641,CUST00156,2025-01-18,Home & Kitchen,4,3646.34,0.25,3646.34,14585.36,10939.02,0,Central,Online
102642,CUST00033,2025-03-23,Grocery,2,1823.63,0.0,0.0,3647.26,3647.26,0,East,Online
102643,CUST00263,2025-08-14,Home & Kitchen,3,2239.17,0.0,0.0,6717.51,6717.51,0,West,Marketplace
102644,CUST00303,2024-12-29,Electronics,1,3862.1,0.0,0.0,3862.1,3862.1,0,East,Online
102645,CUST00175,2024-12-01,Sports,2,1217.61,0.0,0.0,2435.22,2435.22,0,North,Retail Store
102646,CUST00566,2024-02-15,Home & Kitchen,5,3909.16,0.0,0.0,19545.8,19545.8,0,Central,Marketplace
102647,CUST01013,2024-06-27,Home & Kitchen,5,983.97,0.0,0.0,4919.85,4919.85,0,Central,Online
102648,CUST00091,2024-03-18,Sports,3,2877.89,0.0,0.0,8633.67,8633.67,0,Central,Online
102649,CUST01188,2024-10-08,Apparel,3,3633.25,0.0,0.0,10899.75,10899.75,0,East,Online
102650,CUST00715,2025-08-29,Grocery,2,3465.74,0.0,0.0,6931.48,6931.48,0,West,Mobile App
102651,CUST00179,2025-04-17,Grocery,1,408.02,0.0,0.0,408.02,408.02,0,South,Retail Store
102652,CUST00094,2024-11-11,Apparel,5,2559.26,0.0,0.0,12796.3,12796.3,0,East,Marketplace
102653,CUST01180,2024-07-28,Beauty,3,3481.03,0.1,1044.31,10443.09,9398.78,0,Central,Online
102654,CUST00621,2024-10-17,Beauty,4,2156.86,0.0,0.0,8627.44,8627.44,0,Central,Retail Store
102655,CUST00537,2024-06-19,Beauty,3,724.54,0.1,217.36,2173.62,1956.26,0,Central,Marketplace
102656,CUST00701,2025-05-20,Apparel,3,3619.86,0.0,0.0,10859.58,10859.58,0,East,Mobile App
102657,CUST00250,2024-09-14,Electronics,2,2185.05,0.0,0.0,4370.1,4370.1,0,Central,Marketplace
102658,CUST01109,2024-10-07,Electronics,3,4668.35,0.0,0.0,14005.05,14005.05,0,South,Online
102659,CUST01135,2024-12-12,Electronics,1,4845.66,0.05,242.28,4845.66,4603.38,0,South,Marketplace
102660,CUST00404,2025-04-26,Grocery,1,4063.29,0.15,609.49,4063.29,3453.8,0,East,Retail Store
102661,CUST00811,2025-10-12,Beauty,3,434.99,0.1,130.5,1304.97,1174.47,0,North,Marketplace
102662,CUST00796,2025-07-02,Apparel,2,1448.07,0.05,144.81,2896.14,2751.33,0,South,Retail Store
102663,CUST00445,2025-02-19,Grocery,4,450.12,0.0,0.0,1800.48,-1800.48,1,North,Marketplace
102664,CUST00475,2025-09-08,Home & Kitchen,2,1306.06,0.05,130.61,2612.12,2481.51,0,East,Online
102665,CUST00078,2025-09-27,Grocery,2,842.98,0.0,0.0,1685.96,-1685.96,1,East,Marketplace
102666,CUST00919,2025-11-14,Grocery,4,2368.02,0.0,0.0,9472.08,9472.08,0,Central,Online
102667,CUST00757,2025-05-05,Home & Kitchen,5,657.53,0.1,328.77,3287.65,2958.88,0,South,Online
102668,CUST00398,2025-09-18,Electronics,4,860.74,0.0,0.0,3442.96,3442.96,0,West,Retail Store
102669,CUST00228,2024-07-14,Grocery,5,2255.29,0.0,0.0,11276.45,11276.45,0,Central,Online
102670,CUST00250,2024-09-18,Electronics,1,630.2,0.05,31.51,630.2,598.69,0,Central,Marketplace
102671,CUST00570,2024-10-05,Home & Kitchen,1,571.92,0.1,57.19,571.92,514.73,0,East,Retail Store
102672,CUST00047,2025-02-08,Electronics,4,3320.42,0.05,664.08,13281.68,12617.6,0,South,Marketplace
102673,CUST00466,2024-08-23,Beauty,5,4138.57,0.0,0.0,20692.85,20692.85,0,Central,Retail Store
102674,CUST00770,2024-12-30,Electronics,1,630.54,0.0,0.0,630.54,630.54,0,Central,Marketplace
102675,CUST00814,2024-08-25,Apparel,2,1924.03,0.0,0.0,3848.06,3848.06,0,North,Retail Store
102676,CUST01172,2024-04-28,Apparel,3,3332.67,0.4,3999.2,9998.01,5998.81,0,West,Online
102677,CUST01081,2025-07-28,Apparel,3,3561.4,0.0,0.0,10684.2,10684.2,0,West,Online
102678,CUST00857,2025-04-22,Beauty,5,1126.83,0.15,845.12,5634.15,4789.03,0,South,Retail Store
102679,CUST00463,2025-08-17,Grocery,4,4345.89,0.1,1738.36,17383.56,15645.2,0,South,Mobile App
102680,CUST00379,2024-08-15,Electronics,1,4165.06,0.0,0.0,4165.06,4165.06,0,West,Retail Store
102681,CUST01146,2024-09-13,Sports,4,4119.38,0.15,2471.63,16477.52,14005.89,0,South,Online
102682,CUST00608,2024-12-21,Beauty,4,3377.25,0.0,0.0,13509.0,13509.0,0,South,Marketplace
102683,CUST00180,2025-10-07,Sports,2,671.28,0.05,67.13,1342.56,1275.43,0,South,Online
102684,CUST01037,2025-03-29,Home & Kitchen,5,2683.12,0.25,3353.9,13415.6,10061.7,0,North,Online
102686,CUST00940,2025-05-21,Home & Kitchen,3,387.39,0.0,0.0,1162.17,-1162.17,1,South,Online
102687,CUST00691,2024-06-08,Home & Kitchen,5,4666.76,0.0,0.0,23333.8,23333.8,0,South,Marketplace
102688,CUST00825,2024-08-31,Sports,5,2725.71,0.0,0.0,13628.55,13628.55,0,East,Marketplace
102689,CUST00841,2024-03-02,Electronics,2,4361.22,0.0,0.0,8722.44,8722.44,0,Central,Marketplace
102690,CUST00296,2025-04-09,Electronics,4,4152.34,0.05,830.47,16609.36,15778.89,0,North,Online
102691,CUST00187,2024-08-06,Beauty,4,4781.5,0.0,0.0,19126.0,19126.0,0,Central,Retail Store
102692,CUST00358,2025-11-07,Sports,1,2789.42,0.0,0.0,2789.42,2789.42,0,Central,Online
102693,CUST01197,2024-04-15,Grocery,1,3056.23,0.15,458.43,3056.23,2597.8,0,South,Marketplace
102694,CUST01055,2025-01-11,Sports,1,3098.32,0.0,0.0,3098.32,3098.32,0,East,Online
102695,CUST00050,2025-08-15,Electronics,2,4271.95,0.0,0.0,8543.9,8543.9,0,East,Marketplace
102696,CUST00030,2025-10-11,Grocery,4,4670.51,0.0,0.0,18682.04,18682.04,0,East,Marketplace
102697,CUST00204,2025-02-21,Beauty,5,217.61,0.0,0.0,1088.05,-1088.05,1,North,Online
102698,CUST00593,2024-11-17,Grocery,5,1281.32,0.05,320.33,6406.6,6086.27,0,North,Online
102699,CUST00383,2025-05-30,Beauty,3,2828.34,0.0,0.0,8485.02,8485.02,0,South,Marketplace
102700,CUST00801,2024-12-16,Beauty,4,1990.07,0.1,796.03,7960.28,7164.25,0,North,Marketplace
102701,CUST00402,2024-03-19,Sports,1,1842.06,0.15,276.31,1842.06,1565.75,0,North,Marketplace
102702,CUST01043,2025-11-16,Beauty,2,4543.41,0.0,0.0,9086.82,-9086.82,1,South,Retail Store
102703,CUST01194,2024-03-26,Home & Kitchen,2,3914.82,0.05,391.48,7829.64,7438.16,0,West,Retail Store
102704,CUST00666,2025-10-13,Apparel,1,3254.34,0.05,162.72,3254.34,3091.62,0,East,Retail Store
102705,CUST00454,2025-09-12,Apparel,4,3261.89,0.1,1304.76,13047.56,-11742.8,1,South,Online
102706,CUST00526,2025-07-19,Electronics,3,254.79,0.0,0.0,764.37,764.37,0,North,Online
102707,CUST00090,2025-04-24,Electronics,1,1748.11,0.15,262.22,1748.11,1485.89,0,South,Online
102708,CUST00018,2025-06-15,Grocery,5,3601.39,0.0,0.0,18006.95,18006.95,0,Central,Online
102709,CUST00795,2024-12-21,Home & Kitchen,3,2305.51,0.0,0.0,6916.53,6916.53,0,West,Mobile App
102710,CUST00263,2025-03-05,Grocery,5,1938.38,0.25,2422.98,9691.9,7268.92,0,West,Marketplace
102711,CUST00842,2025-05-30,Electronics,5,0.0,0.0,0.0,0.0,0.0,0,East,Online
102712,CUST00090,2025-01-11,Apparel,4,2544.36,0.0,0.0,10177.44,10177.44,0,South,Online
102713,CUST00799,2025-01-30,Beauty,3,258.51,0.0,0.0,775.53,775.53,0,South,Marketplace
102714,CUST01161,2025-07-26,Grocery,3,4021.21,0.0,0.0,12063.63,12063.63,0,South,Online
102715,CUST00624,2024-08-16,Sports,2,4534.61,0.1,906.92,9069.22,8162.3,0,South,Online
102716,CUST01035,2024-08-09,Sports,1,921.86,0.0,0.0,921.86,921.86,0,West,Retail Store
102717,CUST00772,2025-01-04,Sports,4,1098.85,0.0,0.0,4395.4,4395.4,0,South,Mobile App
102718,CUST00529,2024-09-24,Apparel,2,4560.98,0.0,0.0,9121.96,9121.96,0,South,Online
102719,CUST00915,2024-05-17,Electronics,1,4692.42,0.15,703.86,4692.42,-3988.56,1,East,Marketplace
102720,CUST00951,2025-03-23,Sports,3,1188.36,0.0,0.0,3565.08,-3565.08,1,East,Mobile App
102721,CUST00523,2024-08-11,Home & Kitchen,2,3496.42,0.25,1748.21,6992.84,5244.63,0,Central,Marketplace
102722,CUST00543,2024-03-12,Apparel,4,579.06,0.0,0.0,2316.24,2316.24,0,South,Online
102723,CUST00370,2024-10-19,Electronics,3,3066.19,0.0,0.0,9198.57,9198.57,0,North,Mobile App
102724,CUST00349,2024-09-20,Electronics,1,970.85,0.0,0.0,970.85,970.85,0,Central,Online
102725,CUST00901,2024-02-24,Electronics,5,3009.1,0.0,0.0,15045.5,-15045.5,1,East,Marketplace
102726,CUST00934,2025-10-04,Sports,3,4317.49,0.0,0.0,12952.47,12952.47,0,East,Online
102727,CUST01101,2025-07-06,Beauty,5,3560.49,0.05,890.12,17802.45,16912.33,0,South,Mobile App
102728,CUST00610,2024-11-28,Apparel,4,2587.01,0.0,0.0,10348.04,10348.04,0,South,Retail Store
102729,CUST00237,2024-10-14,Apparel,3,0.0,0.0,0.0,0.0,-0.0,1,West,Online
102730,CUST00629,2025-02-19,Home & Kitchen,3,3845.99,0.0,0.0,11537.97,11537.97,0,West,Online
102731,CUST00923,2025-05-12,Sports,1,2249.14,0.1,224.91,2249.14,2024.23,0,Central,Online
102732,CUST00059,2025-07-14,Beauty,2,946.48,0.05,94.65,1892.96,1798.31,0,West,Marketplace
102733,CUST00541,2024-07-03,Home & Kitchen,3,3153.19,0.0,0.0,9459.57,9459.57,0,West,Marketplace
102734,CUST00331,2025-04-10,Home & Kitchen,5,2613.01,0.1,1306.51,13065.05,11758.54,0,West,Online
102735,CUST00031,2025-09-07,Grocery,2,2164.89,0.0,0.0,4329.78,4329.78,0,South,Retail Store
102736,CUST00770,2024-05-19,Sports,5,1895.3,0.0,0.0,9476.5,9476.5,0,Central,Marketplace
102737,CUST00626,2024-01-25,Grocery,1,770.52,0.0,0.0,770.52,770.52,0,West,Retail Store
102738,CUST00367,2025-10-13,Apparel,3,1014.63,0.0,0.0,3043.89,3043.89,0,East,Retail Store
102739,CUST00144,2024-05-13,Electronics,2,4001.53,0.1,800.31,8003.06,7202.75,0,South,Marketplace
102740,CUST00833,2025-09-07,Grocery,4,3125.88,0.0,0.0,12503.52,12503.52,0,Central,Online
102741,CUST00029,2024-06-17,Electronics,3,4223.38,0.15,1900.52,12670.14,10769.62,0,North,Marketplace
102742,CUST00384,2025-09-06,Apparel,5,1369.17,0.15,1026.88,6845.85,5818.97,0,Central,Retail Store
102743,CUST01091,2024-10-08,Home & Kitchen,5,1681.52,0.05,420.38,8407.6,7987.22,0,South,Online
102744,CUST01096,2025-08-16,Beauty,3,795.3,0.05,119.3,2385.9,2266.6,0,Central,Online
102745,CUST00438,2024-09-15,Home & Kitchen,2,3896.96,0.0,0.0,7793.92,-7793.92,1,West,Online
102746,CUST00653,2024-06-14,Sports,1,4281.16,0.0,0.0,4281.16,4281.16,0,North,Online
102748,CUST00129,2024-08-26,Home & Kitchen,4,3450.34,0.0,0.0,13801.36,13801.36,0,West,Online
102749,CUST00962,2025-03-08,Sports,5,697.33,0.0,0.0,3486.65,3486.65,0,West,Online
102750,CUST00538,2024-11-06,Electronics,1,1923.17,0.0,0.0,1923.17,1923.17,0,West,Retail Store
102751,CUST00537,2025-03-04,Grocery,2,1228.86,0.0,0.0,2457.72,2457.72,0,Central,Marketplace
102752,CUST01017,2024-11-25,Sports,2,4206.88,0.0,0.0,8413.76,8413.76,0,West,Online
102753,CUST00433,2025-05-25,Sports,3,313.42,0.0,0.0,940.26,940.26,0,East,Online
102754,CUST00419,2025-07-06,Beauty,1,1494.78,0.0,0.0,1494.78,1494.78,0,Central,Marketplace
102755,CUST00982,2024-05-21,Home & Kitchen,4,3828.25,0.4,6125.2,15313.0,9187.8,0,South,Online
102756,CUST00828,2025-04-20,Beauty,3,1423.15,0.0,0.0,4269.45,4269.45,0,North,Online
102757,CUST00429,2025-08-31,Beauty,1,526.45,0.0,0.0,526.45,526.45,0,Central,Marketplace
102758,CUST00724,2024-07-24,Sports,5,4636.54,0.0,0.0,23182.7,23182.7,0,South,Retail Store
102759,CUST00128,2024-10-06,Home & Kitchen,1,3117.65,0.05,155.88,3117.65,2961.77,0,South,Marketplace
102760,CUST00608,2024-04-01,Electronics,3,4163.52,0.0,0.0,12490.56,12490.56,0,South,Marketplace
102761,CUST00153,2024-11-10,Sports,4,825.9,0.05,165.18,3303.6,3138.42,0,North,Mobile App
102762,CUST00597,2025-07-03,Grocery,5,3901.18,0.0,0.0,19505.9,19505.9,0,West,Online
102763,CUST00327,2025-10-04,Home & Kitchen,2,3832.83,0.0,0.0,7665.66,7665.66,0,West,Online
102764,CUST00215,2025-06-22,Beauty,5,948.97,0.0,0.0,4744.85,-4744.85,1,West,Online
102765,CUST00225,2025-01-20,Apparel,5,4355.1,0.0,0.0,21775.5,21775.5,0,West,Online
102766,CUST01049,2024-03-20,Electronics,5,2907.26,0.0,0.0,14536.3,14536.3,0,Central,Online
102767,CUST01030,2024-05-07,Grocery,5,3413.46,0.15,2560.09,17067.3,14507.21,0,North,Online
102768,CUST01196,2024-06-29,Grocery,5,1391.54,0.0,0.0,6957.7,6957.7,0,East,Online
102769,CUST01107,2025-07-17,Grocery,5,2598.55,0.0,0.0,12992.75,12992.75,0,North,Marketplace
102770,CUST00758,2024-09-28,Electronics,4,509.68,0.25,509.68,2038.72,1529.04,0,Central,Retail Store
102771,CUST00237,2024-11-16,Electronics,3,1498.8,0.0,0.0,4496.4,4496.4,0,West,Online
102772,CUST01073,2025-03-07,Apparel,3,3483.59,0.15,1567.62,10450.77,8883.15,0,North,Retail Store
102773,CUST00899,2025-05-27,Beauty,2,4288.43,0.0,0.0,8576.86,8576.86,0,Central,Marketplace
102774,CUST01081,2025-07-30,Electronics,1,941.08,0.0,0.0,941.08,941.08,0,West,Online
102775,CUST00539,2024-10-20,Sports,4,2716.84,0.0,0.0,10867.36,10867.36,0,South,Online
102776,CUST00662,2024-11-22,Grocery,2,4260.26,0.0,0.0,8520.52,8520.52,0,West,Online
102777,CUST01165,2025-09-20,Electronics,4,2332.61,0.0,0.0,9330.44,9330.44,0,West,Online
102778,CUST00947,2024-11-09,Grocery,2,1490.63,0.0,0.0,2981.26,2981.26,0,West,Mobile App
102779,CUST00425,2024-06-21,Sports,2,3392.35,0.0,0.0,6784.7,6784.7,0,West,Mobile App
102780,CUST00465,2024-06-23,Home & Kitchen,1,4123.49,0.0,0.0,4123.49,4123.49,0,West,Mobile App
102781,CUST01176,2025-02-28,Home & Kitchen,2,3931.06,0.05,393.11,7862.12,7469.01,0,Central,Retail Store
102782,CUST00419,2025-09-06,Sports,5,3161.19,0.0,0.0,15805.95,15805.95,0,Central,Marketplace
102783,CUST00082,2024-08-25,Sports,1,2953.36,0.0,0.0,2953.36,2953.36,0,Central,Online
102784,CUST00969,2025-09-14,Electronics,2,3776.22,0.0,0.0,7552.44,7552.44,0,South,Mobile App
102786,CUST00630,2025-05-30,Home & Kitchen,5,3701.88,0.05,925.47,18509.4,-17583.93,1,East,Marketplace
102787,CUST00559,2024-10-27,Sports,5,4424.11,0.0,0.0,22120.55,22120.55,0,Central,Retail Store
102788,CUST00417,2024-04-12,Sports,5,1132.19,0.0,0.0,5660.95,-5660.95,1,North,Online
102789,CUST00921,2024-11-17,Home & Kitchen,1,955.04,0.0,0.0,955.04,955.04,0,South,Online
102790,CUST00397,2025-03-13,Beauty,4,822.62,0.0,0.0,3290.48,3290.48,0,North,Marketplace
102791,CUST00640,2024-09-30,Apparel,4,3779.29,0.25,3779.29,15117.16,11337.87,0,West,Marketplace
102792,CUST00507,2024-10-26,Grocery,1,2459.33,0.0,0.0,2459.33,2459.33,0,East,Retail Store
102793,CUST00472,2024-11-15,Grocery,4,2753.22,0.0,0.0,11012.88,11012.88,0,South,Online
102794,CUST00127,2025-10-17,Electronics,4,1548.91,0.0,0.0,6195.64,6195.64,0,West,Online
102795,CUST00819,2024-11-21,Beauty,3,2675.23,0.0,0.0,8025.69,8025.69,0,South,Online
102796,CUST01131,2024-07-18,Home & Kitchen,2,3703.59,0.0,0.0,7407.18,7407.18,0,North,Online
102797,CUST01107,2025-08-23,Apparel,1,1205.69,0.0,0.0,1205.69,1205.69,0,North,Marketplace
102798,CUST00671,2025-07-11,Sports,2,3836.22,0.0,0.0,7672.44,7672.44,0,South,Online
102799,CUST00505,2025-12-14,Beauty,5,3467.87,0.0,0.0,17339.35,17339.35,0,South,Marketplace
102800,CUST00131,2025-03-04,Beauty,3,4867.82,0.0,0.0,14603.46,14603.46,0,West,Retail Store
102801,CUST00525,2025-04-16,Grocery,3,526.4,0.0,0.0,1579.2,1579.2,0,West,Online
102802,CUST00157,2025-01-22,Apparel,4,3277.73,0.1,1311.09,13110.92,11799.83,0,South,Marketplace
102803,CUST00789,2024-11-22,Sports,2,4409.83,0.0,0.0,8819.66,8819.66,0,West,Online
102804,CUST00514,2024-03-07,Electronics,1,2021.09,0.05,101.05,2021.09,1920.04,0,South,Online
102805,CUST00041,2025-10-18,Electronics,1,1172.71,0.05,58.64,1172.71,1114.07,0,South,Online
102806,CUST01041,2024-07-26,Apparel,5,1185.55,0.0,0.0,5927.75,5927.75,0,West,Marketplace
102807,CUST00100,2025-07-04,Home & Kitchen,1,289.25,0.0,0.0,289.25,289.25,0,West,Online
102808,CUST00640,2024-08-08,Electronics,2,2058.16,0.0,0.0,4116.32,4116.32,0,West,Marketplace
102809,CUST00232,2024-01-27,Beauty,2,1916.93,0.0,0.0,3833.86,3833.86,0,West,Retail Store
102810,CUST00289,2024-04-22,Sports,3,1704.36,0.1,511.31,5113.08,4601.77,0,West,Marketplace
102811,CUST01060,2025-09-11,Apparel,1,218.15,0.05,10.91,218.15,207.24,0,Central,Retail Store
102812,CUST01080,2025-04-26,Sports,2,569.8,0.0,0.0,1139.6,1139.6,0,North,Marketplace
102813,CUST00063,2024-10-04,Electronics,4,3320.69,0.15,1992.41,13282.76,11290.35,0,West,Marketplace
102814,CUST00193,2024-04-21,Sports,4,201.38,0.0,0.0,805.52,805.52,0,South,Online
102815,CUST00680,2024-09-24,Sports,1,2007.48,0.1,200.75,2007.48,1806.73,0,West,Online
102816,CUST00213,2024-04-28,Electronics,3,2551.5,0.0,0.0,7654.5,7654.5,0,East,Online
102817,CUST00527,2024-11-07,Home & Kitchen,2,562.87,0.1,112.57,1125.74,1013.17,0,South,Online
102818,CUST00107,2025-01-18,Home & Kitchen,2,3919.21,0.0,0.0,7838.42,7838.42,0,West,Marketplace
102819,CUST00714,2024-12-19,Apparel,5,4779.01,0.0,0.0,23895.05,23895.05,0,West,Retail Store
102820,CUST00543,2024-03-28,Grocery,2,3787.15,0.0,0.0,7574.3,7574.3,0,South,Online
102821,CUST00195,2024-10-14,Sports,2,1306.54,0.0,0.0,2613.08,2613.08,0,South,Online
102822,CUST00497,2025-03-16,Electronics,5,2287.46,0.0,0.0,11437.3,11437.3,0,East,Marketplace
102823,CUST01049,2024-02-27,Sports,2,587.9,0.0,0.0,1175.8,1175.8,0,Central,Online
102824,CUST00498,2025-04-23,Beauty,5,4164.8,0.0,0.0,20824.0,20824.0,0,South,Online
102825,CUST00484,2025-02-23,Apparel,3,227.17,0.0,0.0,681.51,681.51,0,East,Online
102826,CUST00656,2024-06-17,Home & Kitchen,5,1939.93,0.0,0.0,9699.65,9699.65,0,East,Retail Store
102827,CUST00670,2024-08-13,Grocery,4,2966.55,0.1,1186.62,11866.2,-10679.58,1,West,Online
102828,CUST00412,2025-05-16,Home & Kitchen,2,4410.34,0.0,0.0,8820.68,8820.68,0,North,Retail Store
102829,CUST00767,2024-08-09,Sports,1,4947.85,0.1,494.79,4947.85,4453.06,0,South,Online
102830,CUST00517,2024-05-26,Electronics,2,3967.99,0.0,0.0,7935.98,7935.98,0,West,Online
102831,CUST00844,2025-10-11,Beauty,1,0.0,0.05,0.0,0.0,0.0,0,North,Marketplace
102832,CUST00198,2024-08-15,Electronics,1,404.27,0.0,0.0,404.27,404.27,0,West,Retail Store
102833,CUST00840,2024-08-25,Sports,4,2680.73,0.0,0.0,10722.92,10722.92,0,North,Retail Store
102834,CUST00231,2025-01-18,Grocery,2,3547.49,0.0,0.0,7094.98,7094.98,0,East,Marketplace
102835,CUST01119,2025-08-07,Apparel,4,2778.37,0.15,1667.02,11113.48,9446.46,0,Central,Retail Store
102836,CUST00019,2025-05-23,Apparel,3,4855.29,0.0,0.0,14565.87,14565.87,0,North,Mobile App
102837,CUST01089,2025-01-03,Home & Kitchen,1,2177.4,0.0,0.0,2177.4,2177.4,0,West,Marketplace
102838,CUST00524,2024-07-20,Home & Kitchen,1,3924.28,0.1,392.43,3924.28,-3531.85,1,Central,Online
102839,CUST00826,2025-05-01,Electronics,1,1419.42,0.05,70.97,1419.42,1348.45,0,South,Marketplace
102840,CUST00903,2024-06-29,Sports,5,3018.97,0.0,0.0,15094.85,15094.85,0,Central,Online
102841,CUST01000,2024-06-05,Home & Kitchen,3,1803.01,0.15,811.35,5409.03,4597.68,0,West,Retail Store
102842,CUST00059,2025-09-21,Electronics,2,347.04,0.05,34.7,694.08,659.38,0,West,Marketplace
102843,CUST01062,2024-04-07,Electronics,1,1234.4,0.0,0.0,1234.4,1234.4,0,Central,Marketplace
102844,CUST01087,2024-09-20,Grocery,3,1244.54,0.0,0.0,3733.62,3733.62,0,West,Marketplace
102845,CUST00830,2025-03-18,Grocery,2,4532.87,0.4,3626.3,9065.74,-5439.44,1,West,Online
102846,CUST01174,2025-01-12,Beauty,3,4248.96,0.25,3186.72,12746.88,9560.16,0,West,Marketplace
102847,CUST00544,2024-09-07,Home & Kitchen,3,3253.18,0.0,0.0,9759.54,9759.54,0,North,Marketplace
102848,CUST00409,2024-10-09,Sports,4,1081.76,0.15,649.06,4327.04,3677.98,0,West,Online
102849,CUST00854,2024-05-27,Electronics,1,1544.94,0.0,0.0,1544.94,1544.94,0,West,Marketplace
102850,CUST00707,2024-12-21,Sports,2,511.28,0.0,0.0,1022.56,1022.56,0,South,Retail Store
102851,CUST00250,2024-07-05,Beauty,5,3879.35,0.15,2909.51,19396.75,16487.24,0,Central,Marketplace
102852,CUST00212,2024-12-13,Grocery,4,1794.42,0.15,1076.65,7177.68,6101.03,0,East,Retail Store
102853,CUST00660,2025-01-23,Home & Kitchen,1,2428.39,0.1,242.84,2428.39,2185.55,0,East,Online
102854,CUST00470,2025-07-04,Electronics,1,3301.34,0.0,0.0,3301.34,3301.34,0,West,Marketplace
102855,CUST00459,2024-07-10,Electronics,1,4501.87,0.0,0.0,4501.87,4501.87,0,South,Online
102856,CUST00894,2024-11-09,Beauty,4,1062.85,0.0,0.0,4251.4,4251.4,0,South,Retail Store
102857,CUST00385,2024-06-14,Beauty,1,3140.75,0.0,0.0,3140.75,3140.75,0,North,Marketplace
102858,CUST01164,2025-06-07,Electronics,1,751.24,0.0,0.0,751.24,751.24,0,West,Online
102859,CUST00265,2024-07-24,Home & Kitchen,3,1479.3,0.0,0.0,4437.9,4437.9,0,North,Online
102860,CUST00642,2024-10-14,Grocery,2,0.0,0.1,0.0,0.0,0.0,0,North,Online
102861,CUST00495,2024-10-20,Sports,4,4310.02,0.05,862.0,17240.08,-16378.08,1,Central,Retail Store
102862,CUST00300,2024-11-08,Grocery,3,660.4,0.1,198.12,1981.2,1783.08,0,West,Online
102863,CUST01024,2025-02-25,Home & Kitchen,4,369.03,0.0,0.0,1476.12,1476.12,0,West,Online
102864,CUST00433,2025-07-26,Grocery,4,2031.17,0.0,0.0,8124.68,-8124.68,1,East,Online
102865,CUST01001,2025-02-06,Sports,4,4475.0,0.1,1790.0,17900.0,16110.0,0,West,Mobile App
102866,CUST00021,2024-10-28,Home & Kitchen,1,2771.09,0.0,0.0,2771.09,2771.09,0,South,Online
102868,CUST00044,2025-01-12,Beauty,5,699.48,0.15,524.61,3497.4,2972.79,0,North,Marketplace
102869,CUST00718,2025-05-14,Electronics,1,643.42,0.0,0.0,643.42,643.42,0,West,Retail Store
102870,CUST00796,2025-08-19,Apparel,2,4459.83,0.0,0.0,8919.66,8919.66,0,South,Retail Store
102871,CUST01123,2025-02-16,Sports,4,4005.74,0.15,2403.44,16022.96,-13619.52,1,South,Marketplace
102872,CUST00451,2025-07-03,Sports,2,2413.15,0.1,482.63,4826.3,4343.67,0,East,Marketplace
102873,CUST01153,2024-04-25,Grocery,1,2738.14,0.1,273.81,2738.14,2464.33,0,North,Marketplace
102874,CUST00296,2025-06-14,Grocery,1,2890.59,0.0,0.0,2890.59,2890.59,0,North,Online
102875,CUST01049,2024-04-07,Sports,5,272.71,0.0,0.0,1363.55,1363.55,0,Central,Online
102876,CUST00062,2024-12-13,Grocery,1,612.75,0.05,30.64,612.75,582.11,0,South,Marketplace
102877,CUST00109,2025-05-25,Sports,4,1400.49,0.1,560.2,5601.96,5041.76,0,Central,Online
102878,CUST00231,2025-08-13,Beauty,1,3095.76,0.0,0.0,3095.76,3095.76,0,East,Marketplace
102879,CUST00906,2024-07-18,Sports,5,3359.81,0.0,0.0,16799.05,-16799.05,1,North,Online
102880,CUST00562,2024-09-07,Sports,2,1444.6,0.0,0.0,2889.2,2889.2,0,East,Online
102881,CUST00348,2024-11-24,Sports,3,2501.15,0.1,750.34,7503.45,6753.11,0,North,Retail Store
102882,CUST01012,2025-05-23,Beauty,2,1677.42,0.0,0.0,3354.84,3354.84,0,South,Mobile App
102883,CUST00174,2024-07-02,Apparel,2,2490.25,0.15,747.08,4980.5,4233.42,0,West,Retail Store
102884,CUST00361,2024-11-19,Electronics,5,1943.88,0.0,0.0,9719.4,9719.4,0,East,Mobile App
102885,CUST01069,2025-04-20,Beauty,3,3092.47,0.0,0.0,9277.41,9277.41,0,South,Online
102886,CUST01180,2024-06-24,Beauty,3,4932.52,0.25,3699.39,14797.56,-11098.17,1,Central,Online
102887,CUST00566,2024-03-15,Home & Kitchen,3,2427.57,0.05,364.14,7282.71,6918.57,0,Central,Marketplace
102888,CUST00154,2024-04-11,Home & Kitchen,3,1023.75,0.0,0.0,3071.25,3071.25,0,West,Marketplace
102889,CUST00876,2024-10-14,Sports,1,3009.18,0.15,451.38,3009.18,2557.8,0,South,Marketplace
102890,CUST01070,2025-11-29,Beauty,2,3567.43,0.0,0.0,7134.86,7134.86,0,West,Online
102891,CUST00489,2024-06-24,Sports,5,1193.04,0.0,0.0,5965.2,5965.2,0,South,Retail Store
102892,CUST00920,2024-02-03,Grocery,2,788.84,0.0,0.0,1577.68,1577.68,0,South,Retail Store
102893,CUST00763,2025-08-05,Beauty,5,3263.8,0.0,0.0,16319.0,16319.0,0,West,Mobile App
102894,CUST00330,2024-07-17,Sports,1,1113.5,0.0,0.0,1113.5,1113.5,0,West,Online
102895,CUST01033,2024-11-06,Electronics,3,1314.04,0.0,0.0,3942.12,3942.12,0,West,Retail Store
102896,CUST00436,2025-02-01,Sports,2,346.06,0.0,0.0,692.12,692.12,0,Central,Online
102897,CUST00616,2025-04-19,Electronics,1,389.38,0.25,97.34,389.38,292.04,0,West,Online
102898,CUST00065,2025-10-24,Beauty,5,2039.91,0.0,0.0,10199.55,10199.55,0,North,Online
102900,CUST00149,2025-03-21,Electronics,4,4346.38,0.0,0.0,17385.52,17385.52,0,West,Online
102901,CUST00685,2024-09-15,Beauty,5,4905.29,0.0,0.0,24526.45,24526.45,0,East,Online
102902,CUST01110,2024-08-31,Grocery,3,1073.82,0.15,483.22,3221.46,2738.24,0,East,Retail Store
102903,CUST01068,2024-05-25,Sports,3,571.64,0.0,0.0,1714.92,1714.92,0,West,Marketplace
102905,CUST01011,2025-01-13,Sports,3,1412.97,0.05,211.95,4238.91,4026.96,0,West,Marketplace
102906,CUST00640,2024-09-10,Home & Kitchen,2,3558.62,0.0,0.0,7117.24,7117.24,0,West,Marketplace
102907,CUST00547,2024-07-31,Apparel,1,2873.0,0.1,287.3,2873.0,2585.7,0,West,Marketplace
102908,CUST00176,2025-04-04,Electronics,5,3313.71,0.0,0.0,16568.55,16568.55,0,West,Retail Store
102909,CUST00721,2025-01-12,Apparel,1,0.0,0.1,0.0,0.0,0.0,0,West,Retail Store
102910,CUST00501,2024-11-15,Apparel,5,4592.63,0.05,1148.16,22963.15,-21814.99,1,South,Marketplace
102911,CUST00220,2024-09-26,Apparel,4,1311.66,0.0,0.0,5246.64,5246.64,0,West,Retail Store
102912,CUST00022,2025-04-07,Grocery,5,1849.39,0.0,0.0,9246.95,9246.95,0,West,Online
102913,CUST00411,2025-02-12,Apparel,4,3564.55,0.0,0.0,14258.2,14258.2,0,South,Marketplace
102914,CUST00368,2025-09-04,Grocery,2,784.13,0.25,392.06,1568.26,-1176.2,1,East,Retail Store
102915,CUST00869,2024-11-16,Sports,2,3857.54,0.0,0.0,7715.08,7715.08,0,West,Marketplace
102916,CUST00760,2025-07-22,Sports,3,2624.14,0.0,0.0,7872.42,7872.42,0,Central,Marketplace
102917,CUST00790,2025-09-11,Electronics,3,989.78,0.0,0.0,2969.34,2969.34,0,East,Online
102918,CUST01107,2025-11-17,Sports,1,1270.73,0.1,127.07,1270.73,1143.66,0,North,Marketplace
102919,CUST00080,2024-10-27,Electronics,3,0.0,0.0,0.0,0.0,-0.0,1,Central,Marketplace
102920,CUST00660,2025-01-01,Apparel,2,3334.38,0.1,666.88,6668.76,6001.88,0,East,Online
102921,CUST00409,2024-09-06,Home & Kitchen,2,2818.61,0.25,1409.3,5637.22,4227.92,0,West,Online
102922,CUST00730,2024-12-18,Sports,2,955.36,0.0,0.0,1910.72,1910.72,0,South,Mobile App
102923,CUST00795,2024-10-02,Home & Kitchen,1,2811.55,0.0,0.0,2811.55,2811.55,0,West,Mobile App
102924,CUST00378,2024-03-30,Grocery,3,3179.59,0.0,0.0,9538.77,9538.77,0,Central,Retail Store
102925,CUST00159,2025-01-30,Home & Kitchen,4,1169.73,0.0,0.0,4678.92,4678.92,0,Central,Online
102926,CUST00762,2025-05-06,Electronics,5,1059.55,0.05,264.89,5297.75,5032.86,0,East,Online
102927,CUST00915,2024-06-18,Electronics,4,1737.46,0.0,0.0,6949.84,6949.84,0,East,Marketplace
102928,CUST00715,2024-12-25,Sports,1,2428.86,0.1,242.89,2428.86,2185.97,0,West,Mobile App
102929,CUST00714,2024-09-25,Grocery,5,3786.03,0.25,4732.54,18930.15,14197.61,0,West,Retail Store
102930,CUST01096,2025-07-27,Home & Kitchen,4,1425.86,0.0,0.0,5703.44,5703.44,0,Central,Online
102931,CUST00472,2025-03-03,Beauty,4,4889.83,0.0,0.0,19559.32,19559.32,0,South,Online
102932,CUST01015,2025-08-11,Beauty,2,2146.86,0.0,0.0,4293.72,4293.72,0,East,Online
102933,CUST00836,2024-06-21,Beauty,4,4576.21,0.0,0.0,18304.84,18304.84,0,Central,Marketplace
102934,CUST00252,2024-07-24,Home & Kitchen,5,557.2,0.4,1114.4,2786.0,1671.6,0,West,Online
102935,CUST00297,2024-03-11,Grocery,2,801.01,0.0,0.0,1602.02,1602.02,0,West,Retail Store
102936,CUST00771,2025-03-08,Electronics,5,3861.34,0.0,0.0,19306.7,19306.7,0,South,Online
102937,CUST00848,2025-12-21,Apparel,4,2160.3,0.25,2160.3,8641.2,6480.9,0,South,Mobile App
102938,CUST00900,2024-02-29,Electronics,1,1797.17,0.0,0.0,1797.17,1797.17,0,West,Online
102939,CUST00727,2025-07-12,Sports,2,333.56,0.0,0.0,667.12,-667.12,1,East,Online
102940,CUST00437,2025-06-10,Apparel,2,874.99,0.0,0.0,1749.98,1749.98,0,North,Mobile App
102941,CUST00785,2025-04-09,Grocery,1,333.26,0.0,0.0,333.26,333.26,0,West,Retail Store
102942,CUST00919,2025-02-24,Apparel,4,2876.41,0.0,0.0,11505.64,11505.64,0,Central,Online
102943,CUST00930,2024-05-15,Grocery,4,1033.77,0.0,0.0,4135.08,4135.08,0,East,Online
102944,CUST00927,2024-03-23,Grocery,1,693.69,0.1,69.37,693.69,624.32,0,East,Online
102945,CUST00848,2025-05-24,Home & Kitchen,4,4372.7,0.0,0.0,17490.8,17490.8,0,South,Mobile App
102946,CUST00585,2024-12-05,Apparel,4,4562.24,0.0,0.0,18248.96,18248.96,0,West,Online
102947,CUST00872,2025-06-04,Beauty,1,4391.62,0.0,0.0,4391.62,-4391.62,1,North,Online
102948,CUST01183,2024-06-18,Grocery,2,4552.72,0.0,0.0,9105.44,9105.44,0,West,Retail Store
102949,CUST01100,2024-06-26,Home & Kitchen,3,2294.09,0.1,688.23,6882.27,6194.04,0,South,Online
102950,CUST00173,2024-12-03,Beauty,5,625.04,0.0,0.0,3125.2,3125.2,0,North,Online
102951,CUST01007,2024-02-09,Sports,4,3190.41,0.0,0.0,12761.64,12761.64,0,East,Online
102955,CUST00351,2024-01-26,Beauty,3,556.26,0.05,83.44,1668.78,1585.34,0,South,Retail Store
102956,CUST00598,2024-05-19,Grocery,4,2643.45,0.0,0.0,10573.8,10573.8,0,South,Retail Store
102957,CUST00734,2025-12-12,Home & Kitchen,2,4589.64,0.05,458.96,9179.28,8720.32,0,East,Online
102958,CUST00363,2024-12-25,Grocery,4,393.2,0.15,235.92,1572.8,-1336.88,1,South,Online
102959,CUST00894,2025-01-10,Beauty,4,1744.16,0.0,0.0,6976.64,6976.64,0,South,Retail Store
102960,CUST00395,2024-08-03,Electronics,4,2743.46,0.15,1646.08,10973.84,9327.76,0,North,Mobile App
102961,CUST00189,2025-12-21,Sports,1,988.94,0.0,0.0,988.94,988.94,0,Central,Online
102962,CUST00535,2024-06-11,Beauty,3,1144.49,0.05,171.67,3433.47,3261.8,0,South,Mobile App
102963,CUST01154,2025-05-01,Home & Kitchen,1,1198.82,0.0,0.0,1198.82,1198.82,0,South,Marketplace
102964,CUST01154,2024-08-27,Apparel,1,2595.87,0.1,259.59,2595.87,2336.28,0,South,Marketplace
102965,CUST00651,2024-12-28,Beauty,4,3841.14,0.0,0.0,15364.56,15364.56,0,Central,Online
102966,CUST01113,2024-11-28,Apparel,1,3227.74,0.0,0.0,3227.74,3227.74,0,South,Marketplace
102967,CUST00040,2025-02-26,Beauty,4,1856.02,0.0,0.0,7424.08,7424.08,0,West,Online
102968,CUST01149,2025-05-31,Apparel,1,1928.47,0.0,0.0,1928.47,1928.47,0,North,Retail Store
102969,CUST00754,2024-09-19,Home & Kitchen,5,4643.26,0.0,0.0,23216.3,23216.3,0,West,Retail Store
102970,CUST00767,2024-09-05,Grocery,1,4357.14,0.4,1742.86,4357.14,2614.28,0,South,Online
102971,CUST00769,2025-01-15,Grocery,2,3186.1,0.0,0.0,6372.2,6372.2,0,Central,Online
102972,CUST01033,2024-08-10,Grocery,4,0.0,0.0,0.0,0.0,0.0,0,West,Retail Store
102973,CUST00532,2024-09-23,Electronics,3,3818.67,0.0,0.0,11456.01,11456.01,0,Central,Online
102974,CUST00281,2024-08-31,Apparel,5,4534.26,0.05,1133.56,22671.3,21537.74,0,West,Marketplace
102975,CUST00153,2024-08-07,Apparel,4,3174.67,0.0,0.0,12698.68,12698.68,0,North,Mobile App
102976,CUST01169,2024-05-05,Home & Kitchen,5,4000.76,0.0,0.0,20003.8,20003.8,0,East,Marketplace
102977,CUST00507,2024-09-21,Beauty,5,1902.69,0.0,0.0,9513.45,9513.45,0,East,Retail Store
102978,CUST00211,2025-01-30,Grocery,1,4341.21,0.0,0.0,4341.21,4341.21,0,West,Retail Store
102979,CUST01151,2025-01-25,Sports,5,487.8,0.0,0.0,2439.0,2439.0,0,South,Online
102980,CUST00426,2024-10-13,Electronics,5,548.59,0.0,0.0,2742.95,2742.95,0,East,Online
102981,CUST00606,2024-11-15,Grocery,2,2644.54,0.1,528.91,5289.08,4760.17,0,West,Marketplace
102982,CUST00946,2025-01-31,Home & Kitchen,2,272.94,0.1,54.59,545.88,491.29,0,North,Online
102983,CUST00718,2025-06-29,Home & Kitchen,4,1170.4,0.0,0.0,4681.6,-4681.6,1,West,Retail Store
102984,CUST00635,2025-08-20,Beauty,3,1874.4,0.1,562.32,5623.2,5060.88,0,West,Online
102985,CUST00254,2024-03-26,Home & Kitchen,4,2697.47,0.0,0.0,10789.88,-10789.88,1,Central,Mobile App
102986,CUST00384,2025-07-05,Grocery,3,4165.54,0.1,1249.66,12496.62,11246.96,0,Central,Retail Store
102987,CUST00328,2024-11-24,Grocery,5,3057.14,0.0,0.0,15285.7,15285.7,0,North,Online
102988,CUST01113,2024-06-19,Apparel,3,3713.3,0.25,2784.98,11139.9,8354.92,0,South,Marketplace
102989,CUST00727,2025-10-01,Home & Kitchen,2,4025.18,0.0,0.0,8050.36,8050.36,0,East,Online
102990,CUST00202,2024-08-17,Apparel,4,1543.48,0.15,926.09,6173.92,5247.83,0,East,Online
102991,CUST00505,2025-11-11,Beauty,4,4249.24,0.0,0.0,16996.96,16996.96,0,South,Marketplace
102992,CUST01137,2025-04-23,Beauty,2,532.91,0.0,0.0,1065.82,1065.82,0,West,Online
102993,CUST00929,2025-07-16,Sports,4,1135.65,0.0,0.0,4542.6,4542.6,0,Central,Marketplace
102994,CUST00377,2025-06-07,Electronics,4,3737.9,0.0,0.0,14951.6,14951.6,0,West,Online
102995,CUST00328,2025-04-17,Grocery,2,4692.63,0.0,0.0,9385.26,9385.26,0,North,Online
102996,CUST00350,2025-03-26,Electronics,4,3629.59,0.0,0.0,14518.36,14518.36,0,West,Retail Store
102997,CUST00185,2025-03-06,Electronics,4,3202.55,0.15,1921.53,12810.2,10888.67,0,North,Retail Store
102998,CUST00113,2025-02-26,Electronics,3,1308.74,0.0,0.0,3926.22,3926.22,0,West,Online
102999,CUST00378,2024-03-24,Beauty,2,3694.02,0.0,0.0,7388.04,7388.04,0,Central,Retail Store
103000,CUST00714,2024-09-14,Sports,5,4612.3,0.0,0.0,23061.5,23061.5,0,West,Retail Store
103001,CUST00322,2025-01-27,Electronics,4,681.18,0.0,0.0,2724.72,2724.72,0,North,Retail Store
103002,CUST01123,2025-01-29,Electronics,5,3346.92,0.0,0.0,16734.6,16734.6,0,South,Marketplace
103003,CUST00705,2025-06-21,Grocery,5,3621.8,0.0,0.0,18109.0,-18109.0,1,Central,Retail Store
103004,CUST00793,2024-10-18,Beauty,5,3231.36,0.0,0.0,16156.8,16156.8,0,Central,Online
103005,CUST00906,2024-08-25,Home & Kitchen,4,3516.53,0.25,3516.53,14066.12,10549.59,0,North,Online
103006,CUST00718,2025-08-31,Beauty,5,4515.25,0.05,1128.81,22576.25,21447.44,0,West,Retail Store
103007,CUST00185,2025-02-27,Grocery,4,3024.71,0.0,0.0,12098.84,12098.84,0,North,Retail Store
103008,CUST01135,2025-03-28,Home & Kitchen,3,4888.99,0.05,733.35,14666.97,13933.62,0,South,Marketplace
103009,CUST00980,2024-04-26,Beauty,2,768.98,0.0,0.0,1537.96,1537.96,0,West,Marketplace
103010,CUST01121,2025-02-07,Electronics,1,1105.74,0.0,0.0,1105.74,1105.74,0,Central,Marketplace
103011,CUST00691,2024-05-06,Beauty,2,1990.14,0.0,0.0,3980.28,3980.28,0,South,Marketplace
103012,CUST01081,2025-04-07,Apparel,4,2369.29,0.0,0.0,9477.16,9477.16,0,West,Online
103013,CUST01182,2025-06-01,Grocery,5,4977.66,0.0,0.0,24888.3,-24888.3,1,South,Marketplace
103014,CUST00878,2025-07-16,Sports,5,4243.31,0.0,0.0,21216.55,21216.55,0,West,Mobile App
103015,CUST00957,2025-05-24,Beauty,3,4522.87,0.0,0.0,13568.61,13568.61,0,South,Online
103016,CUST00208,2025-02-25,Apparel,3,3679.88,0.0,0.0,11039.64,11039.64,0,West,Online
103017,CUST01058,2025-05-16,Beauty,4,1558.47,0.05,311.69,6233.88,5922.19,0,South,Marketplace
103018,CUST00184,2025-08-30,Apparel,1,4464.95,0.1,446.5,4464.95,4018.45,0,North,Mobile App
103019,CUST00100,2025-07-10,Apparel,2,4812.68,0.0,0.0,9625.36,9625.36,0,West,Online
103020,CUST00099,2025-01-05,Apparel,4,3602.09,0.0,0.0,14408.36,14408.36,0,East,Marketplace
103021,CUST00567,2025-04-25,Beauty,5,2853.73,0.0,0.0,14268.65,14268.65,0,North,Marketplace
103022,CUST01149,2024-09-29,Apparel,1,365.43,0.0,0.0,365.43,365.43,0,North,Retail Store
103023,CUST00565,2025-10-02,Grocery,4,2524.66,0.0,0.0,10098.64,10098.64,0,Central,Online
103024,CUST00500,2024-09-27,Sports,4,744.93,0.1,297.97,2979.72,2681.75,0,South,Marketplace
103025,CUST00419,2025-02-04,Sports,2,519.01,0.0,0.0,1038.02,1038.02,0,Central,Marketplace
103026,CUST00125,2025-07-10,Beauty,4,4612.81,0.0,0.0,18451.24,18451.24,0,North,Online
103027,CUST00353,2024-09-08,Beauty,5,3123.65,0.0,0.0,15618.25,-15618.25,1,North,Marketplace
103028,CUST00601,2024-12-21,Sports,1,2910.58,0.0,0.0,2910.58,2910.58,0,West,Retail Store
103029,CUST00212,2025-01-18,Electronics,2,360.41,0.0,0.0,720.82,720.82,0,East,Retail Store
103030,CUST01177,2025-08-16,Beauty,1,2461.44,0.0,0.0,2461.44,-2461.44,1,West,Retail Store
103031,CUST00911,2025-04-07,Home & Kitchen,3,4386.57,0.4,5263.88,13159.71,7895.83,0,Central,Marketplace
103032,CUST00467,2025-08-22,Home & Kitchen,3,4836.62,0.0,0.0,14509.86,14509.86,0,South,Online
103033,CUST00631,2024-08-25,Electronics,2,1997.2,0.25,998.6,3994.4,2995.8,0,Central,Marketplace
103034,CUST00377,2025-09-19,Sports,1,894.88,0.0,0.0,894.88,894.88,0,West,Online
103035,CUST00009,2024-08-31,Home & Kitchen,2,2177.67,0.0,0.0,4355.34,4355.34,0,North,Online
103036,CUST00237,2024-10-25,Grocery,2,1482.95,0.05,148.3,2965.9,-2817.6,1,West,Online
103037,CUST01030,2024-03-18,Beauty,2,3107.02,0.15,932.11,6214.04,5281.93,0,North,Online
103038,CUST00911,2025-07-29,Home & Kitchen,5,2004.91,0.0,0.0,10024.55,-10024.55,1,Central,Marketplace
103039,CUST00922,2025-05-22,Grocery,3,490.75,0.1,147.22,1472.25,1325.03,0,Central,Online
103040,CUST00748,2024-12-15,Beauty,1,4953.03,0.25,1238.26,4953.03,3714.77,0,West,Marketplace
103041,CUST01003,2025-05-27,Beauty,2,3351.57,0.0,0.0,6703.14,6703.14,0,South,Marketplace
103042,CUST00728,2025-01-02,Grocery,5,367.12,0.0,0.0,1835.6,1835.6,0,Central,Online
103043,CUST00800,2025-06-14,Beauty,5,874.1,0.0,0.0,4370.5,4370.5,0,East,Online
103044,CUST00890,2025-04-26,Apparel,4,845.97,0.25,845.97,3383.88,2537.91,0,North,Online
103045,CUST00601,2024-09-19,Sports,3,1734.01,0.1,520.2,5202.03,4681.83,0,West,Retail Store
103046,CUST00408,2025-06-27,Sports,5,4509.98,0.0,0.0,22549.9,22549.9,0,South,Mobile App
103048,CUST00509,2024-11-02,Apparel,2,3492.43,0.0,0.0,6984.86,6984.86,0,South,Online
103049,CUST01199,2024-09-14,Electronics,2,2663.77,0.0,0.0,5327.54,5327.54,0,East,Online
103050,CUST01074,2025-09-25,Beauty,5,387.12,0.0,0.0,1935.6,1935.6,0,North,Online
103051,CUST00421,2025-07-11,Apparel,4,3745.03,0.05,749.01,14980.12,14231.11,0,East,Marketplace
103052,CUST00379,2024-05-03,Beauty,2,789.17,0.0,0.0,1578.34,1578.34,0,West,Retail Store
103053,CUST00753,2025-04-27,Electronics,1,1810.4,0.0,0.0,1810.4,1810.4,0,Central,Mobile App
103054,CUST00426,2024-06-11,Electronics,4,2200.29,0.0,0.0,8801.16,8801.16,0,East,Online
103055,CUST00052,2024-08-01,Grocery,1,242.72,0.0,0.0,242.72,242.72,0,South,Marketplace
103056,CUST00671,2025-07-09,Grocery,5,2695.75,0.0,0.0,13478.75,13478.75,0,South,Online
103057,CUST00838,2024-06-16,Beauty,3,3919.39,0.0,0.0,11758.17,-11758.17,1,North,Marketplace
103058,CUST00756,2025-02-21,Home & Kitchen,4,4739.26,0.0,0.0,18957.04,18957.04,0,West,Marketplace
103059,CUST00456,2024-12-21,Beauty,3,2186.4,0.0,0.0,6559.2,6559.2,0,East,Online
103061,CUST00299,2024-07-02,Electronics,3,4575.96,0.05,686.39,13727.88,13041.49,0,North,Marketplace
103062,CUST00550,2025-09-29,Home & Kitchen,5,976.75,0.0,0.0,4883.75,4883.75,0,South,Online
103063,CUST00811,2025-03-06,Electronics,3,3163.49,0.0,0.0,9490.47,9490.47,0,North,Marketplace
103064,CUST00363,2025-02-19,Home & Kitchen,5,4460.94,0.15,3345.7,22304.7,18959.0,0,South,Online
103065,CUST00645,2024-05-15,Grocery,5,674.06,0.0,0.0,3370.3,-3370.3,1,West,Marketplace
103066,CUST00697,2024-10-16,Sports,4,2367.64,0.0,0.0,9470.56,-9470.56,1,West,Online
103067,CUST00380,2025-03-12,Apparel,5,606.99,0.0,0.0,3034.95,3034.95,0,South,Online
103068,CUST00402,2024-12-03,Sports,4,1269.37,0.0,0.0,5077.48,5077.48,0,North,Marketplace
103069,CUST00687,2024-07-20,Electronics,1,4730.38,0.05,236.52,4730.38,4493.86,0,East,Online
103070,CUST00384,2025-07-08,Home & Kitchen,3,4253.54,0.0,0.0,12760.62,12760.62,0,Central,Retail Store
103072,CUST00625,2025-02-14,Sports,4,917.09,0.0,0.0,3668.36,3668.36,0,North,Online
103073,CUST00475,2025-05-19,Home & Kitchen,4,0.0,0.0,0.0,0.0,0.0,0,East,Online
103074,CUST00937,2025-05-25,Sports,3,2549.53,0.0,0.0,7648.59,7648.59,0,West,Retail Store
103075,CUST01180,2024-10-01,Apparel,5,1645.24,0.0,0.0,8226.2,8226.2,0,Central,Online
103076,CUST01085,2024-07-05,Home & Kitchen,3,374.39,0.0,0.0,1123.17,-1123.17,1,West,Online
103077,CUST00764,2024-12-20,Home & Kitchen,4,1878.1,0.0,0.0,7512.4,7512.4,0,Central,Online
103078,CUST00207,2024-06-17,Sports,2,2214.41,0.1,442.88,4428.82,3985.94,0,South,Online
103079,CUST00513,2025-01-09,Grocery,3,493.24,0.0,0.0,1479.72,1479.72,0,Central,Online
103080,CUST00594,2024-08-06,Home & Kitchen,3,1730.04,0.0,0.0,5190.12,5190.12,0,West,Online
103081,CUST00459,2024-11-14,Apparel,5,1565.25,0.0,0.0,7826.25,7826.25,0,South,Online
103082,CUST00127,2025-04-26,Beauty,2,1065.1,0.1,213.02,2130.2,1917.18,0,West,Online
103083,CUST00193,2024-01-19,Electronics,1,2896.36,0.0,0.0,2896.36,2896.36,0,South,Online
103084,CUST00204,2025-09-28,Electronics,4,4091.95,0.1,1636.78,16367.8,14731.02,0,North,Online
103085,CUST00969,2025-07-12,Home & Kitchen,1,3287.76,0.0,0.0,3287.76,3287.76,0,South,Mobile App
103086,CUST01145,2024-05-04,Grocery,2,2302.42,0.05,230.24,4604.84,4374.6,0,West,Online
103087,CUST00795,2025-06-08,Beauty,2,4460.42,0.0,0.0,8920.84,8920.84,0,West,Mobile App
103088,CUST00609,2025-06-03,Beauty,5,2467.8,0.0,0.0,12339.0,12339.0,0,East,Marketplace
103089,CUST00179,2025-04-13,Apparel,1,1296.56,0.0,0.0,1296.56,1296.56,0,South,Retail Store
103090,CUST00565,2025-06-02,Beauty,3,658.35,0.0,0.0,1975.05,1975.05,0,Central,Online
103091,CUST00297,2024-08-09,Sports,4,279.97,0.0,0.0,1119.88,1119.88,0,West,Retail Store
103092,CUST00697,2025-10-05,Electronics,1,1029.54,0.1,102.95,1029.54,926.59,0,West,Online
103093,CUST00842,2025-05-01,Sports,1,3071.6,0.0,0.0,3071.6,3071.6,0,East,Online
103094,CUST00286,2025-07-21,Sports,5,875.24,0.0,0.0,4376.2,4376.2,0,North,Online
103095,CUST00264,2024-08-01,Home & Kitchen,3,2137.48,0.4,2564.98,6412.44,3847.46,0,South,Marketplace
103096,CUST00695,2025-04-20,Grocery,2,240.13,0.25,120.06,480.26,360.2,0,Central,Online
103097,CUST00549,2025-05-09,Grocery,3,4976.24,0.0,0.0,14928.72,-14928.72,1,North,Marketplace
103098,CUST00235,2025-03-04,Grocery,2,2468.57,0.0,0.0,4937.14,4937.14,0,Central,Mobile App
103099,CUST00264,2024-04-24,Sports,4,1804.59,0.25,1804.59,7218.36,5413.77,0,South,Marketplace
103100,CUST00817,2025-04-02,Beauty,2,4916.54,0.0,0.0,9833.08,9833.08,0,Central,Online
103101,CUST00205,2024-07-21,Home & Kitchen,4,3675.6,0.0,0.0,14702.4,14702.4,0,North,Online
103102,CUST00144,2024-04-25,Apparel,1,4476.88,0.0,0.0,4476.88,4476.88,0,South,Marketplace
103103,CUST00754,2024-11-29,Apparel,2,1806.84,0.0,0.0,3613.68,3613.68,0,West,Retail Store
103104,CUST00338,2024-12-10,Home & Kitchen,3,4494.49,0.1,1348.35,13483.47,12135.12,0,North,Online
103105,CUST00093,2025-01-01,Electronics,1,2259.71,0.15,338.96,2259.71,1920.75,0,North,Online
103106,CUST00089,2025-07-11,Electronics,2,3608.16,0.1,721.63,7216.32,-6494.69,1,South,Retail Store
103107,CUST00886,2025-04-21,Beauty,5,2414.82,0.0,0.0,12074.1,12074.1,0,East,Marketplace
103108,CUST00294,2025-01-16,Grocery,4,225.36,0.1,90.14,901.44,811.3,0,Central,Online
103109,CUST00092,2024-06-04,Apparel,2,3974.34,0.0,0.0,7948.68,7948.68,0,West,Online
103110,CUST00973,2024-12-27,Home & Kitchen,5,2231.31,0.0,0.0,11156.55,11156.55,0,East,Retail Store
103111,CUST00134,2024-11-01,Electronics,2,3191.33,0.1,638.27,6382.66,5744.39,0,Central,Online
103112,CUST00078,2025-06-29,Home & Kitchen,4,1066.66,0.0,0.0,4266.64,4266.64,0,East,Marketplace
103113,CUST00670,2025-04-01,Electronics,3,3942.77,0.0,0.0,11828.31,11828.31,0,West,Online
103114,CUST00968,2024-08-19,Beauty,4,789.92,0.0,0.0,3159.68,3159.68,0,North,Online
103115,CUST01188,2024-06-07,Grocery,5,4088.65,0.0,0.0,20443.25,20443.25,0,East,Online
103116,CUST00082,2024-05-27,Sports,2,615.0,0.0,0.0,1230.0,1230.0,0,Central,Online
103117,CUST00464,2024-11-10,Sports,5,305.32,0.0,0.0,1526.6,1526.6,0,North,Online
103118,CUST00179,2025-04-24,Electronics,3,2121.7,0.0,0.0,6365.1,6365.1,0,South,Retail Store
103119,CUST01094,2025-11-30,Electronics,2,3288.02,0.15,986.41,6576.04,5589.63,0,West,Retail Store
103121,CUST00472,2025-03-30,Beauty,5,387.34,0.15,290.5,1936.7,1646.2,0,South,Online
103122,CUST00611,2024-05-22,Electronics,3,3932.47,0.0,0.0,11797.41,11797.41,0,West,Mobile App
103123,CUST00702,2024-10-25,Beauty,4,1318.46,0.0,0.0,5273.84,5273.84,0,East,Retail Store
103124,CUST00459,2025-10-07,Electronics,2,3775.88,0.4,3020.7,7551.76,4531.06,0,South,Online
103125,CUST00932,2024-05-14,Sports,5,4518.73,0.0,0.0,22593.65,22593.65,0,Central,Marketplace
103126,CUST00050,2025-08-12,Home & Kitchen,5,1367.42,0.0,0.0,6837.1,6837.1,0,East,Marketplace
103127,CUST00015,2024-06-19,Sports,3,2484.74,0.0,0.0,7454.22,7454.22,0,North,Online
103128,CUST00661,2025-06-11,Beauty,4,2765.82,0.0,0.0,11063.28,11063.28,0,East,Marketplace
103129,CUST00811,2024-12-21,Beauty,1,3927.82,0.0,0.0,3927.82,3927.82,0,North,Marketplace
103130,CUST00634,2024-06-26,Electronics,2,1020.82,0.25,510.41,2041.64,1531.23,0,Central,Online
103131,CUST00835,2024-12-27,Apparel,5,2591.07,0.0,0.0,12955.35,12955.35,0,North,Mobile App
103132,CUST00421,2025-10-25,Sports,1,4280.79,0.25,1070.2,4280.79,3210.59,0,East,Marketplace
103133,CUST00311,2025-09-06,Grocery,2,1481.05,0.1,296.21,2962.1,2665.89,0,North,Online
103134,CUST00941,2024-02-16,Grocery,4,3391.13,0.0,0.0,13564.52,13564.52,0,South,Online
103135,CUST01071,2025-01-25,Beauty,2,4690.73,0.15,1407.22,9381.46,7974.24,0,South,Online
103137,CUST00025,2024-12-26,Electronics,5,1084.85,0.0,0.0,5424.25,5424.25,0,Central,Online
103138,CUST00275,2024-07-21,Apparel,5,3808.54,0.0,0.0,19042.7,19042.7,0,West,Online
103139,CUST00586,2025-05-07,Electronics,4,4193.67,0.0,0.0,16774.68,16774.68,0,Central,Online
103140,CUST00988,2024-02-29,Apparel,1,4288.19,0.0,0.0,4288.19,4288.19,0,South,Online
103141,CUST00431,2024-07-15,Apparel,5,2221.46,0.0,0.0,11107.3,11107.3,0,East,Online
103142,CUST00099,2024-04-14,Sports,1,3470.89,0.0,0.0,3470.89,3470.89,0,East,Marketplace
103143,CUST00554,2024-06-10,Grocery,1,2197.76,0.25,549.44,2197.76,1648.32,0,West,Online
103144,CUST00205,2024-06-11,Electronics,4,943.22,0.0,0.0,3772.88,3772.88,0,North,Online
103145,CUST01123,2025-07-26,Sports,5,3424.72,0.0,0.0,17123.6,17123.6,0,South,Marketplace
103146,CUST00672,2024-05-10,Sports,1,1319.53,0.1,131.95,1319.53,1187.58,0,West,Retail Store
103147,CUST00912,2024-09-18,Beauty,4,467.07,0.0,0.0,1868.28,1868.28,0,Central,Online
103148,CUST00575,2024-12-06,Home & Kitchen,3,2294.49,0.25,1720.87,6883.47,5162.6,0,Central,Online
103149,CUST00818,2024-09-10,Grocery,4,1081.37,0.0,0.0,4325.48,4325.48,0,North,Online
103150,CUST01069,2025-03-30,Grocery,1,379.42,0.0,0.0,379.42,379.42,0,South,Online
103151,CUST01084,2025-07-11,Home & Kitchen,1,2949.72,0.0,0.0,2949.72,2949.72,0,Central,Online
103152,CUST01021,2024-12-04,Sports,3,1322.32,0.0,0.0,3966.96,3966.96,0,West,Online
103153,CUST00322,2025-03-22,Grocery,4,756.94,0.15,454.16,3027.76,2573.6,0,North,Retail Store
103154,CUST00147,2024-10-29,Sports,3,365.88,0.0,0.0,1097.64,1097.64,0,North,Online
103155,CUST01039,2025-09-14,Grocery,3,4544.51,0.0,0.0,13633.53,13633.53,0,Central,Marketplace
103156,CUST01152,2024-12-28,Beauty,3,4174.55,0.05,626.18,12523.65,11897.47,0,South,Retail Store
103157,CUST00713,2024-05-23,Grocery,3,4433.7,0.0,0.0,13301.1,-13301.1,1,Central,Mobile App
103158,CUST00334,2024-08-24,Grocery,1,1526.7,0.1,152.67,1526.7,1374.03,0,Central,Online
103159,CUST00123,2025-11-21,Apparel,1,3438.91,0.0,0.0,3438.91,3438.91,0,Central,Mobile App
103160,CUST00962,2025-07-10,Beauty,2,962.55,0.0,0.0,1925.1,1925.1,0,West,Online
103161,CUST00534,2024-01-20,Sports,1,907.55,0.0,0.0,907.55,907.55,0,North,Online
103162,CUST00635,2025-07-21,Beauty,4,3297.88,0.1,1319.15,13191.52,11872.37,0,West,Online
103163,CUST00466,2024-04-09,Grocery,5,3714.54,0.15,2785.9,18572.7,15786.8,0,Central,Retail Store
103164,CUST00110,2024-12-09,Grocery,3,1911.77,0.0,0.0,5735.31,5735.31,0,Central,Mobile App
103165,CUST00456,2024-12-12,Grocery,3,3381.9,0.05,507.29,10145.7,-9638.41,1,East,Online
103166,CUST00988,2024-11-06,Sports,2,4319.21,0.05,431.92,8638.42,8206.5,0,South,Online
103167,CUST00061,2024-08-25,Electronics,4,1473.46,0.0,0.0,5893.84,5893.84,0,West,Online
103168,CUST00267,2024-10-16,Home & Kitchen,2,3965.02,0.05,396.5,7930.04,7533.54,0,North,Online
103169,CUST00847,2025-02-28,Sports,2,1195.24,0.0,0.0,2390.48,2390.48,0,Central,Retail Store
103170,CUST00419,2025-02-08,Home & Kitchen,3,3666.17,0.0,0.0,10998.51,10998.51,0,Central,Marketplace
103171,CUST00276,2025-06-27,Sports,4,4905.68,0.15,2943.41,19622.72,16679.31,0,South,Online
103172,CUST00741,2025-11-10,Electronics,1,1692.91,0.05,84.65,1692.91,1608.26,0,Central,Marketplace
103173,CUST00771,2025-08-13,Beauty,1,2075.07,0.15,311.26,2075.07,1763.81,0,South,Online
103175,CUST00091,2024-05-13,Apparel,4,887.75,0.25,887.75,3551.0,2663.25,0,Central,Online
103176,CUST00306,2025-03-31,Beauty,4,3172.69,0.0,0.0,12690.76,12690.76,0,West,Online
103177,CUST00412,2025-06-28,Home & Kitchen,3,1086.82,0.25,815.12,3260.46,2445.34,0,North,Retail Store
103178,CUST00035,2025-08-06,Sports,5,3890.31,0.0,0.0,19451.55,19451.55,0,South,Marketplace
103180,CUST00045,2025-04-06,Home & Kitchen,3,1886.62,0.0,0.0,5659.86,5659.86,0,North,Marketplace
103181,CUST00664,2024-07-15,Sports,1,1699.69,0.15,254.95,1699.69,1444.74,0,West,Mobile App
103182,CUST00024,2025-09-09,Sports,1,220.23,0.4,88.09,220.23,132.14,0,West,Marketplace
103184,CUST00559,2024-04-03,Apparel,1,4957.54,0.0,0.0,4957.54,4957.54,0,Central,Retail Store
103185,CUST00306,2025-11-09,Apparel,1,1705.74,0.0,0.0,1705.74,-1705.74,1,West,Online
103186,CUST01037,2024-03-27,Apparel,4,843.85,0.0,0.0,3375.4,3375.4,0,North,Online
103187,CUST00803,2024-08-29,Electronics,1,823.45,0.05,41.17,823.45,782.28,0,West,Marketplace
103188,CUST00917,2024-10-26,Apparel,2,2371.5,0.0,0.0,4743.0,4743.0,0,West,Online
103189,CUST00556,2024-06-05,Home & Kitchen,2,2147.99,0.15,644.4,4295.98,3651.58,0,North,Mobile App
103190,CUST01142,2025-03-04,Apparel,1,3390.1,0.0,0.0,3390.1,-3390.1,1,Central,Online
103191,CUST00460,2024-05-25,Beauty,4,4866.37,0.0,0.0,19465.48,19465.48,0,West,Online
103192,CUST00141,2025-03-12,Home & Kitchen,5,3877.46,0.0,0.0,19387.3,19387.3,0,West,Online
103193,CUST00573,2024-10-21,Grocery,5,2179.31,0.0,0.0,10896.55,10896.55,0,East,Marketplace
103194,CUST01186,2025-02-13,Electronics,1,4726.08,0.25,1181.52,4726.08,3544.56,0,South,Marketplace
103195,CUST00707,2025-01-07,Apparel,1,2599.87,0.05,129.99,2599.87,2469.88,0,South,Retail Store
103196,CUST00336,2024-06-07,Electronics,5,2233.29,0.0,0.0,11166.45,11166.45,0,West,Online
103197,CUST00939,2024-07-20,Sports,1,1910.61,0.0,0.0,1910.61,1910.61,0,Central,Retail Store
103198,CUST00385,2024-09-02,Grocery,2,3369.82,0.05,336.98,6739.64,6402.66,0,North,Marketplace
103199,CUST00145,2025-06-30,Apparel,2,1912.11,0.25,956.06,3824.22,2868.16,0,East,Retail Store
103200,CUST00959,2024-04-09,Home & Kitchen,2,1964.44,0.0,0.0,3928.88,3928.88,0,Central,Online
103201,CUST00347,2025-02-20,Beauty,5,3622.27,0.0,0.0,18111.35,18111.35,0,South,Online
103202,CUST00854,2024-07-01,Electronics,5,880.7,0.0,0.0,4403.5,4403.5,0,West,Marketplace
103204,CUST01087,2024-08-04,Electronics,1,4177.55,0.15,626.63,4177.55,-3550.92,1,West,Marketplace
103205,CUST00241,2024-11-22,Sports,4,3783.88,0.05,756.78,15135.52,14378.74,0,Central,Online
103206,CUST00710,2024-06-30,Apparel,1,1372.4,0.0,0.0,1372.4,1372.4,0,West,Marketplace
103207,CUST00165,2025-04-08,Home & Kitchen,1,4802.4,0.1,480.24,4802.4,4322.16,0,Central,Retail Store
103208,CUST00169,2025-04-23,Grocery,3,0.0,0.0,0.0,0.0,0.0,0,North,Online
103209,CUST00259,2025-02-04,Grocery,2,1784.64,0.0,0.0,3569.28,3569.28,0,West,Online
103210,CUST00395,2024-09-25,Sports,1,4798.32,0.0,0.0,4798.32,4798.32,0,North,Mobile App
103211,CUST00100,2025-12-13,Apparel,2,2109.26,0.15,632.78,4218.52,3585.74,0,West,Online
103213,CUST00914,2024-05-19,Grocery,2,1304.43,0.25,652.22,2608.86,1956.64,0,East,Retail Store
103214,CUST01158,2025-11-24,Beauty,4,3525.56,0.05,705.11,14102.24,13397.13,0,North,Marketplace
103215,CUST01166,2024-04-13,Beauty,4,559.03,0.0,0.0,2236.12,2236.12,0,East,Marketplace
103216,CUST00888,2024-10-25,Electronics,5,3355.24,0.0,0.0,16776.2,16776.2,0,North,Marketplace
103217,CUST00154,2024-10-11,Grocery,1,2770.25,0.0,0.0,2770.25,2770.25,0,West,Marketplace
103218,CUST00915,2024-10-24,Grocery,3,786.07,0.0,0.0,2358.21,2358.21,0,East,Marketplace
103219,CUST00954,2025-03-13,Home & Kitchen,1,2287.92,0.1,228.79,2287.92,2059.13,0,Central,Marketplace
103220,CUST00572,2025-10-14,Home & Kitchen,3,459.89,0.0,0.0,1379.67,1379.67,0,South,Online
103221,CUST00272,2024-10-31,Apparel,4,1376.48,0.0,0.0,5505.92,5505.92,0,West,Online
103222,CUST00835,2025-02-16,Home & Kitchen,3,2921.77,0.05,438.27,8765.31,8327.04,0,North,Mobile App
103223,CUST00227,2025-08-08,Apparel,1,4377.11,0.15,656.57,4377.11,3720.54,0,North,Online
103224,CUST00836,2024-05-13,Home & Kitchen,1,2615.98,0.15,392.4,2615.98,2223.58,0,Central,Marketplace
103225,CUST00539,2025-11-24,Beauty,3,2424.36,0.15,1090.96,7273.08,6182.12,0,South,Online
103227,CUST00487,2024-07-01,Home & Kitchen,1,4172.04,0.0,0.0,4172.04,4172.04,0,Central,Retail Store
103228,CUST00605,2025-06-19,Home & Kitchen,2,4935.49,0.0,0.0,9870.98,9870.98,0,East,Retail Store
103229,CUST00797,2025-02-14,Apparel,1,862.89,0.0,0.0,862.89,862.89,0,West,Online
103230,CUST00136,2025-04-19,Electronics,4,4707.95,0.0,0.0,18831.8,18831.8,0,East,Online
103231,CUST00009,2024-12-08,Beauty,2,1306.0,0.1,261.2,2612.0,2350.8,0,North,Online
103232,CUST00318,2025-03-01,Sports,5,2465.79,0.0,0.0,12328.95,12328.95,0,South,Mobile App
103233,CUST00609,2025-04-16,Apparel,1,4038.64,0.0,0.0,4038.64,4038.64,0,East,Marketplace
103234,CUST01083,2024-10-11,Grocery,1,304.66,0.0,0.0,304.66,304.66,0,West,Online
103235,CUST00480,2024-09-07,Home & Kitchen,5,4166.57,0.1,2083.28,20832.85,18749.57,0,West,Online
103236,CUST00240,2024-10-28,Sports,5,3573.1,0.0,0.0,17865.5,17865.5,0,East,Online
103237,CUST00733,2024-08-14,Sports,5,3611.82,0.1,1805.91,18059.1,16253.19,0,South,Online
103238,CUST01139,2025-01-16,Home & Kitchen,1,912.16,0.15,136.82,912.16,775.34,0,North,Online
103239,CUST00544,2024-10-11,Sports,5,4972.98,0.15,3729.74,24864.9,21135.16,0,North,Marketplace
103241,CUST00597,2025-08-28,Beauty,3,1264.59,0.0,0.0,3793.77,3793.77,0,West,Online
103242,CUST00914,2024-06-20,Home & Kitchen,5,4187.95,0.0,0.0,20939.75,-20939.75,1,East,Retail Store
103243,CUST00773,2024-02-21,Grocery,4,1150.5,0.15,690.3,4602.0,3911.7,0,Central,Retail Store
103244,CUST00044,2025-09-17,Grocery,4,423.86,0.05,84.77,1695.44,1610.67,0,North,Marketplace
103245,CUST00875,2024-11-05,Grocery,4,2647.07,0.0,0.0,10588.28,10588.28,0,South,Marketplace
103246,CUST00872,2025-06-25,Grocery,5,719.35,0.0,0.0,3596.75,3596.75,0,North,Online
103247,CUST00770,2024-03-22,Sports,2,1258.79,0.0,0.0,2517.58,2517.58,0,Central,Marketplace
103248,CUST00258,2024-02-24,Sports,2,618.26,0.1,123.65,1236.52,1112.87,0,Central,Retail Store
103249,CUST00918,2025-05-09,Beauty,5,3240.87,0.0,0.0,16204.35,16204.35,0,Central,Marketplace
103250,CUST00635,2025-08-26,Electronics,5,1979.43,0.05,494.86,9897.15,9402.29,0,West,Online
103251,CUST00547,2024-10-03,Grocery,3,3715.41,0.0,0.0,11146.23,11146.23,0,West,Marketplace
103253,CUST00486,2024-04-26,Electronics,4,4815.87,0.0,0.0,19263.48,19263.48,0,Central,Mobile App
103254,CUST00150,2025-10-25,Home & Kitchen,2,3330.57,0.0,0.0,6661.14,6661.14,0,West,Marketplace
103255,CUST00415,2025-04-04,Electronics,5,548.43,0.0,0.0,2742.15,2742.15,0,North,Online
103256,CUST01016,2024-04-24,Electronics,3,3723.7,0.15,1675.66,11171.1,-9495.44,1,Central,Marketplace
103257,CUST00462,2025-04-23,Electronics,5,3330.35,0.0,0.0,16651.75,16651.75,0,Central,Marketplace
103258,CUST00503,2024-12-10,Home & Kitchen,1,4965.74,0.0,0.0,4965.74,4965.74,0,Central,Retail Store
103259,CUST01124,2024-12-05,Electronics,1,838.54,0.0,0.0,838.54,838.54,0,Central,Online
103260,CUST00118,2025-07-23,Electronics,1,286.15,0.0,0.0,286.15,286.15,0,East,Online
103261,CUST01025,2025-05-09,Sports,1,0.0,0.0,0.0,0.0,0.0,0,East,Marketplace
103262,CUST00148,2025-08-20,Electronics,4,3488.53,0.0,0.0,13954.12,-13954.12,1,North,Online
103263,CUST00720,2024-02-20,Apparel,5,3385.84,0.0,0.0,16929.2,16929.2,0,Central,Online
103264,CUST00739,2024-11-24,Electronics,3,4889.24,0.0,0.0,14667.72,14667.72,0,North,Online
103265,CUST01068,2024-03-02,Home & Kitchen,3,278.74,0.25,209.06,836.22,627.16,0,West,Marketplace
103266,CUST01142,2025-08-28,Home & Kitchen,2,980.19,0.4,784.15,1960.38,1176.23,0,Central,Online
103267,CUST00298,2024-08-16,Sports,4,1939.32,0.0,0.0,7757.28,7757.28,0,Central,Marketplace
103268,CUST01052,2024-12-24,Grocery,4,2524.34,0.15,1514.6,10097.36,8582.76,0,Central,Retail Store
103269,CUST00843,2024-10-27,Grocery,2,572.48,0.0,0.0,1144.96,1144.96,0,East,Retail Store
103270,CUST00408,2025-05-23,Grocery,3,2702.8,0.15,1216.26,8108.4,6892.14,0,South,Mobile App
103272,CUST01077,2025-11-23,Apparel,1,1623.31,0.25,405.83,1623.31,1217.48,0,West,Online
103273,CUST00666,2025-09-16,Apparel,4,1902.4,0.1,760.96,7609.6,6848.64,0,East,Retail Store
103274,CUST01197,2024-05-29,Home & Kitchen,2,4685.74,0.05,468.57,9371.48,8902.91,0,South,Marketplace
103275,CUST01044,2025-06-03,Electronics,5,4269.68,0.0,0.0,21348.4,21348.4,0,South,Online
103276,CUST00911,2025-11-21,Beauty,4,4629.03,0.0,0.0,18516.12,18516.12,0,Central,Marketplace
103277,CUST00146,2025-07-06,Sports,5,4854.58,0.15,3640.94,24272.9,20631.96,0,West,Marketplace
103278,CUST00146,2025-04-21,Electronics,1,3288.35,0.0,0.0,3288.35,3288.35,0,West,Marketplace
103279,CUST01117,2024-10-29,Home & Kitchen,1,1966.51,0.0,0.0,1966.51,1966.51,0,Central,Marketplace
103280,CUST00410,2024-03-25,Grocery,5,2744.76,0.0,0.0,13723.8,13723.8,0,South,Marketplace
103281,CUST00702,2024-10-28,Apparel,1,616.69,0.05,30.83,616.69,585.86,0,East,Retail Store
103282,CUST00948,2024-04-30,Electronics,4,941.19,0.0,0.0,3764.76,3764.76,0,East,Online
103283,CUST00051,2024-08-07,Electronics,4,522.03,0.0,0.0,2088.12,2088.12,0,East,Retail Store
103284,CUST00638,2024-10-10,Beauty,5,1740.51,0.05,435.13,8702.55,8267.42,0,North,Online
103285,CUST01137,2024-09-10,Home & Kitchen,1,1425.13,0.15,213.77,1425.13,1211.36,0,West,Online
103286,CUST01122,2024-10-29,Apparel,2,679.2,0.0,0.0,1358.4,1358.4,0,East,Online
103287,CUST01027,2025-04-27,Electronics,2,2367.69,0.0,0.0,4735.38,4735.38,0,North,Online
103288,CUST00344,2025-09-18,Beauty,3,0.0,0.0,0.0,0.0,-0.0,1,Central,Mobile App
103289,CUST00638,2025-07-20,Beauty,1,3621.45,0.0,0.0,3621.45,3621.45,0,North,Online
103290,CUST00049,2025-08-30,Home & Kitchen,2,1987.54,0.0,0.0,3975.08,3975.08,0,Central,Marketplace
103291,CUST00695,2025-05-10,Beauty,1,4358.09,0.0,0.0,4358.09,4358.09,0,Central,Online
103292,CUST00486,2024-12-16,Beauty,3,3314.89,0.0,0.0,9944.67,9944.67,0,Central,Mobile App
103293,CUST00605,2025-07-04,Grocery,1,0.0,0.0,0.0,0.0,0.0,0,East,Retail Store
103294,CUST01058,2025-07-18,Sports,3,4192.78,0.0,0.0,12578.34,12578.34,0,South,Marketplace
103295,CUST00816,2024-05-12,Sports,2,3515.29,0.0,0.0,7030.58,7030.58,0,West,Mobile App
103296,CUST01198,2025-02-01,Apparel,2,4283.1,0.15,1284.93,8566.2,7281.27,0,East,Mobile App
103297,CUST00893,2025-02-06,Sports,2,2855.31,0.0,0.0,5710.62,5710.62,0,West,Marketplace
103298,CUST00848,2025-03-16,Grocery,2,1395.97,0.0,0.0,2791.94,2791.94,0,South,Mobile App
103299,CUST00769,2025-01-15,Home & Kitchen,3,3069.98,0.1,920.99,9209.94,8288.95,0,Central,Online
103300,CUST00449,2025-06-16,Grocery,3,2014.75,0.15,906.64,6044.25,5137.61,0,West,Marketplace
103301,CUST00686,2024-10-07,Beauty,5,3858.81,0.0,0.0,19294.05,19294.05,0,South,Online
103302,CUST00470,2025-05-27,Apparel,1,2587.25,0.25,646.81,2587.25,1940.44,0,West,Marketplace
103303,CUST00114,2024-10-24,Grocery,5,1932.03,0.05,483.01,9660.15,9177.14,0,East,Marketplace
103304,CUST00765,2025-02-15,Home & Kitchen,2,604.12,0.0,0.0,1208.24,1208.24,0,Central,Retail Store
103305,CUST00896,2025-11-19,Electronics,4,2380.37,0.0,0.0,9521.48,9521.48,0,South,Online
103307,CUST00176,2025-04-12,Electronics,5,3756.36,0.0,0.0,18781.8,18781.8,0,West,Retail Store
103308,CUST00418,2024-08-18,Beauty,3,4468.87,0.25,3351.65,13406.61,10054.96,0,Central,Marketplace
103309,CUST00252,2024-11-26,Apparel,4,1325.54,0.0,0.0,5302.16,5302.16,0,West,Online
103310,CUST00575,2025-01-04,Home & Kitchen,1,4510.34,0.0,0.0,4510.34,4510.34,0,Central,Online
103311,CUST01101,2025-06-06,Home & Kitchen,2,1866.94,0.0,0.0,3733.88,3733.88,0,South,Mobile App
103312,CUST00330,2025-02-15,Electronics,3,694.45,0.0,0.0,2083.35,2083.35,0,West,Online
103313,CUST01168,2024-11-16,Beauty,4,2719.79,0.0,0.0,10879.16,-10879.16,1,East,Online
103314,CUST00398,2025-07-13,Sports,1,3818.85,0.05,190.94,3818.85,3627.91,0,West,Retail Store
103315,CUST00564,2025-05-07,Apparel,4,2450.94,0.0,0.0,9803.76,-9803.76,1,North,Marketplace
103316,CUST01118,2025-08-21,Electronics,2,1980.79,0.0,0.0,3961.58,3961.58,0,South,Online
103317,CUST00318,2025-04-14,Apparel,3,1075.6,0.0,0.0,3226.8,3226.8,0,South,Mobile App
103318,CUST00777,2025-12-18,Beauty,5,4148.32,0.0,0.0,20741.6,20741.6,0,South,Marketplace
103319,CUST00115,2024-10-05,Sports,3,2881.22,0.05,432.18,8643.66,8211.48,0,North,Mobile App
103320,CUST00441,2024-12-13,Beauty,1,4660.95,0.15,699.14,4660.95,3961.81,0,East,Marketplace
103322,CUST00013,2025-01-07,Grocery,4,2330.06,0.0,0.0,9320.24,9320.24,0,East,Marketplace
103323,CUST00559,2024-06-09,Home & Kitchen,2,3532.41,0.0,0.0,7064.82,7064.82,0,Central,Retail Store
103324,CUST00708,2025-04-09,Grocery,5,4269.89,0.0,0.0,21349.45,21349.45,0,Central,Mobile App
103325,CUST00992,2025-03-06,Electronics,4,880.37,0.0,0.0,3521.48,-3521.48,1,Central,Online
103326,CUST01047,2025-04-13,Sports,1,4635.89,0.0,0.0,4635.89,4635.89,0,East,Marketplace
103327,CUST01086,2025-01-30,Sports,4,3257.1,0.0,0.0,13028.4,13028.4,0,South,Marketplace
103328,CUST01090,2024-06-29,Beauty,1,4218.91,0.0,0.0,4218.91,4218.91,0,South,Online
103329,CUST00368,2025-09-23,Beauty,5,4867.78,0.0,0.0,24338.9,24338.9,0,East,Retail Store
103330,CUST00786,2024-08-13,Grocery,4,2438.6,0.0,0.0,9754.4,9754.4,0,North,Retail Store
103331,CUST01133,2025-06-26,Beauty,2,768.48,0.0,0.0,1536.96,1536.96,0,North,Online
103332,CUST00441,2024-07-03,Electronics,3,4774.47,0.0,0.0,14323.41,14323.41,0,East,Marketplace
103333,CUST00638,2024-09-22,Apparel,5,4040.73,0.0,0.0,20203.65,20203.65,0,North,Online
103334,CUST00700,2025-01-20,Home & Kitchen,5,2895.36,0.0,0.0,14476.8,14476.8,0,West,Marketplace
103335,CUST00387,2025-02-08,Electronics,5,2014.04,0.05,503.51,10070.2,9566.69,0,Central,Marketplace
103336,CUST00932,2024-08-29,Beauty,4,2548.52,0.0,0.0,10194.08,10194.08,0,Central,Marketplace
103337,CUST00428,2024-09-05,Sports,3,1473.28,0.1,441.98,4419.84,3977.86,0,South,Marketplace
103338,CUST00233,2024-06-29,Sports,4,4079.18,0.0,0.0,16316.72,16316.72,0,Central,Online
103339,CUST01024,2025-06-04,Beauty,4,733.04,0.05,146.61,2932.16,-2785.55,1,West,Online
103340,CUST00805,2025-06-21,Grocery,5,4081.83,0.0,0.0,20409.15,20409.15,0,South,Marketplace
103341,CUST00648,2024-02-14,Electronics,2,1843.55,0.0,0.0,3687.1,3687.1,0,West,Mobile App
103342,CUST01014,2024-03-21,Home & Kitchen,4,2739.61,0.1,1095.84,10958.44,9862.6,0,West,Online
103343,CUST00126,2025-04-06,Grocery,4,795.61,0.05,159.12,3182.44,3023.32,0,North,Marketplace
103344,CUST00185,2025-06-26,Electronics,2,725.84,0.05,72.58,1451.68,1379.1,0,North,Retail Store
103345,CUST00658,2024-11-18,Apparel,4,3834.21,0.0,0.0,15336.84,-15336.84,1,North,Marketplace
103346,CUST00684,2025-10-13,Sports,3,730.91,0.0,0.0,2192.73,2192.73,0,South,Retail Store
103347,CUST00733,2024-11-01,Electronics,4,4161.22,0.0,0.0,16644.88,16644.88,0,South,Online
103348,CUST00959,2024-09-05,Grocery,1,2913.41,0.05,145.67,2913.41,2767.74,0,Central,Online
103349,CUST00298,2024-07-11,Electronics,4,4867.43,0.25,4867.43,19469.72,14602.29,0,Central,Marketplace
103350,CUST00006,2024-04-24,Home & Kitchen,5,3187.51,0.0,0.0,15937.55,15937.55,0,East,Retail Store
103351,CUST00695,2025-09-06,Home & Kitchen,1,0.0,0.1,0.0,0.0,0.0,0,Central,Online
103352,CUST00689,2024-10-18,Grocery,2,3177.75,0.0,0.0,6355.5,6355.5,0,West,Online
103353,CUST00775,2025-09-20,Home & Kitchen,1,781.35,0.0,0.0,781.35,781.35,0,Central,Retail Store
103354,CUST00958,2025-06-09,Apparel,4,2642.38,0.0,0.0,10569.52,10569.52,0,North,Online
103355,CUST00017,2025-02-01,Grocery,4,3365.54,0.25,3365.54,13462.16,10096.62,0,East,Mobile App
103356,CUST00268,2024-08-28,Electronics,2,3779.34,0.0,0.0,7558.68,7558.68,0,West,Retail Store
103357,CUST00583,2024-09-18,Beauty,3,3556.81,0.0,0.0,10670.43,10670.43,0,South,Online
103358,CUST00141,2025-03-01,Grocery,1,4521.81,0.05,226.09,4521.81,4295.72,0,West,Online
103359,CUST00357,2025-07-09,Home & Kitchen,4,2962.64,0.0,0.0,11850.56,11850.56,0,East,Online
103360,CUST00079,2025-01-19,Sports,5,837.51,0.0,0.0,4187.55,4187.55,0,West,Online
103361,CUST00847,2025-07-07,Grocery,5,1801.13,0.0,0.0,9005.65,9005.65,0,Central,Retail Store
103362,CUST01019,2024-07-05,Home & Kitchen,2,4171.5,0.0,0.0,8343.0,8343.0,0,North,Retail Store
103363,CUST00502,2025-11-16,Sports,3,4658.42,0.0,0.0,13975.26,13975.26,0,North,Retail Store
103364,CUST01034,2024-10-31,Apparel,2,2374.8,0.0,0.0,4749.6,4749.6,0,East,Marketplace
103365,CUST00147,2025-04-08,Apparel,5,4510.74,0.15,3383.06,22553.7,-19170.64,1,North,Online
103366,CUST00456,2024-12-17,Beauty,2,4955.11,0.0,0.0,9910.22,9910.22,0,East,Online
103367,CUST00856,2025-06-26,Sports,5,3478.79,0.0,0.0,17393.95,17393.95,0,East,Retail Store
103368,CUST00971,2024-08-29,Home & Kitchen,1,4473.29,0.15,670.99,4473.29,3802.3,0,North,Online
103369,CUST01192,2024-07-07,Grocery,1,3096.96,0.15,464.54,3096.96,2632.42,0,West,Marketplace
103370,CUST00440,2025-12-14,Grocery,2,2955.6,0.0,0.0,5911.2,5911.2,0,Central,Marketplace
103371,CUST00059,2025-05-22,Grocery,5,3371.39,0.05,842.85,16856.95,16014.1,0,West,Marketplace
103373,CUST00585,2024-05-31,Apparel,1,1127.51,0.0,0.0,1127.51,1127.51,0,West,Online
103374,CUST00934,2024-07-14,Apparel,5,3715.54,0.0,0.0,18577.7,18577.7,0,East,Online
103375,CUST00354,2024-08-06,Sports,1,3836.81,0.05,191.84,3836.81,3644.97,0,East,Online
103376,CUST00793,2025-05-10,Grocery,2,3226.58,0.25,1613.29,6453.16,4839.87,0,Central,Online
103377,CUST00631,2024-09-12,Sports,3,2554.32,0.1,766.3,7662.96,6896.66,0,Central,Marketplace
103378,CUST00410,2024-10-13,Apparel,5,2505.62,0.0,0.0,12528.1,12528.1,0,South,Marketplace
103379,CUST00880,2024-04-20,Apparel,1,2240.17,0.0,0.0,2240.17,2240.17,0,East,Online
103380,CUST00740,2024-12-07,Apparel,1,2689.92,0.0,0.0,2689.92,2689.92,0,East,Retail Store
103381,CUST00939,2024-11-07,Apparel,4,2603.25,0.05,520.65,10413.0,-9892.35,1,Central,Retail Store
103383,CUST00544,2024-09-19,Electronics,5,593.12,0.0,0.0,2965.6,2965.6,0,North,Marketplace
103384,CUST00032,2024-08-12,Beauty,2,1126.56,0.0,0.0,2253.12,2253.12,0,South,Mobile App
103385,CUST00049,2025-04-23,Grocery,2,3917.85,0.0,0.0,7835.7,7835.7,0,Central,Marketplace
103386,CUST01156,2025-08-05,Apparel,2,1705.96,0.25,852.98,3411.92,2558.94,0,Central,Retail Store
103387,CUST00418,2024-11-18,Sports,1,1512.7,0.05,75.64,1512.7,1437.06,0,Central,Marketplace
103388,CUST00084,2025-06-13,Electronics,3,4896.32,0.05,734.45,14688.96,-13954.51,1,North,Online
103389,CUST01181,2025-10-03,Electronics,4,1819.02,0.1,727.61,7276.08,-6548.47,1,North,Online
103390,CUST00634,2024-06-17,Beauty,1,2159.54,0.4,863.82,2159.54,1295.72,0,Central,Online
103392,CUST00265,2024-12-26,Sports,1,3827.31,0.0,0.0,3827.31,3827.31,0,North,Online
103393,CUST00323,2024-03-24,Home & Kitchen,5,1487.49,0.0,0.0,7437.45,7437.45,0,North,Online
103394,CUST00047,2025-06-12,Apparel,1,3396.58,0.15,509.49,3396.58,2887.09,0,South,Marketplace
103395,CUST00657,2024-08-20,Apparel,4,1236.42,0.0,0.0,4945.68,4945.68,0,North,Online
103396,CUST00624,2024-03-26,Home & Kitchen,1,628.11,0.1,62.81,628.11,565.3,0,South,Online
103397,CUST01144,2024-02-07,Apparel,1,1362.65,0.0,0.0,1362.65,1362.65,0,South,Online
103399,CUST00349,2024-11-22,Home & Kitchen,1,3376.02,0.0,0.0,3376.02,3376.02,0,Central,Online
103400,CUST00020,2025-01-22,Sports,3,0.0,0.0,0.0,0.0,0.0,0,Central,Online
103401,CUST01115,2025-05-22,Grocery,3,3924.25,0.0,0.0,11772.75,11772.75,0,West,Marketplace
103402,CUST00033,2024-12-05,Beauty,3,3052.42,0.25,2289.32,9157.26,6867.94,0,East,Online
103403,CUST00733,2024-08-28,Home & Kitchen,1,2641.32,0.0,0.0,2641.32,2641.32,0,South,Online
103404,CUST00814,2024-05-01,Sports,1,3895.96,0.0,0.0,3895.96,3895.96,0,North,Retail Store
103405,CUST00628,2025-08-16,Apparel,3,4287.46,0.15,1929.36,12862.38,10933.02,0,West,Marketplace
103406,CUST00971,2024-09-22,Electronics,1,1015.15,0.05,50.76,1015.15,964.39,0,North,Online
103407,CUST00496,2025-06-18,Beauty,5,3807.61,0.0,0.0,19038.05,19038.05,0,West,Online
103408,CUST00645,2024-05-17,Electronics,4,608.76,0.1,243.5,2435.04,2191.54,0,West,Marketplace
103409,CUST00023,2024-06-29,Home & Kitchen,1,3913.31,0.05,195.67,3913.31,3717.64,0,East,Marketplace
103410,CUST00326,2024-07-05,Electronics,1,2799.6,0.05,139.98,2799.6,-2659.62,1,East,Online
103411,CUST00527,2024-11-14,Electronics,3,2641.24,0.0,0.0,7923.72,7923.72,0,South,Online
103412,CUST00433,2024-11-11,Sports,2,4370.07,0.0,0.0,8740.14,8740.14,0,East,Online
103413,CUST00343,2024-07-24,Beauty,1,1792.84,0.0,0.0,1792.84,1792.84,0,East,Online
103414,CUST00468,2024-03-19,Apparel,3,2026.94,0.25,1520.2,6080.82,4560.62,0,Central,Online
103415,CUST00242,2025-09-12,Beauty,3,716.15,0.0,0.0,2148.45,2148.45,0,North,Retail Store
103416,CUST00442,2024-08-04,Electronics,1,813.56,0.1,81.36,813.56,732.2,0,West,Online
103417,CUST01104,2025-04-14,Electronics,4,4906.92,0.0,0.0,19627.68,19627.68,0,Central,Online
103418,CUST00119,2024-09-30,Apparel,4,3491.88,0.0,0.0,13967.52,13967.52,0,North,Mobile App
103419,CUST00709,2025-03-10,Electronics,1,458.63,0.0,0.0,458.63,458.63,0,South,Online
103420,CUST00565,2025-05-18,Grocery,5,2389.47,0.4,4778.94,11947.35,-7168.41,1,Central,Online
103421,CUST00764,2024-12-14,Grocery,4,3943.46,0.05,788.69,15773.84,14985.15,0,Central,Online
103422,CUST00129,2024-10-04,Electronics,4,622.68,0.25,622.68,2490.72,1868.04,0,West,Online
103423,CUST00368,2025-03-07,Apparel,1,927.6,0.0,0.0,927.6,927.6,0,East,Retail Store
103424,CUST00622,2024-07-26,Apparel,5,3153.3,0.0,0.0,15766.5,-15766.5,1,Central,Online
103425,CUST01052,2024-05-25,Grocery,2,3298.09,0.1,659.62,6596.18,5936.56,0,Central,Retail Store
103426,CUST00394,2024-04-28,Grocery,1,2619.4,0.0,0.0,2619.4,2619.4,0,South,Retail Store
103427,CUST00175,2024-08-29,Grocery,5,3195.66,0.0,0.0,15978.3,15978.3,0,North,Retail Store
103428,CUST00773,2024-04-18,Apparel,1,0.0,0.4,0.0,0.0,0.0,0,Central,Retail Store
103429,CUST00495,2025-09-04,Beauty,2,3285.68,0.0,0.0,6571.36,6571.36,0,Central,Retail Store
103430,CUST00296,2025-01-10,Grocery,3,4008.57,0.0,0.0,12025.71,12025.71,0,North,Online
103431,CUST00284,2025-10-08,Sports,5,4291.04,0.0,0.0,21455.2,21455.2,0,South,Marketplace
103432,CUST00911,2025-05-08,Sports,5,2254.28,0.05,563.57,11271.4,-10707.83,1,Central,Marketplace
103433,CUST00134,2025-03-07,Grocery,1,4344.63,0.0,0.0,4344.63,4344.63,0,Central,Online
103434,CUST00356,2025-04-21,Grocery,1,2830.84,0.1,283.08,2830.84,2547.76,0,Central,Online
103435,CUST01074,2025-07-03,Grocery,4,2841.8,0.1,1136.72,11367.2,10230.48,0,North,Online
103436,CUST00847,2025-10-02,Grocery,2,2281.71,0.0,0.0,4563.42,4563.42,0,Central,Retail Store
103437,CUST01078,2025-02-18,Grocery,1,683.87,0.0,0.0,683.87,683.87,0,West,Marketplace
103438,CUST00841,2024-02-27,Apparel,1,1250.0,0.0,0.0,1250.0,1250.0,0,Central,Marketplace
103439,CUST00486,2024-08-24,Sports,1,1775.37,0.0,0.0,1775.37,1775.37,0,Central,Mobile App
103440,CUST00072,2025-01-30,Electronics,5,4167.07,0.0,0.0,20835.35,20835.35,0,South,Online
103441,CUST00834,2025-04-30,Beauty,2,3140.89,0.0,0.0,6281.78,6281.78,0,West,Online
103443,CUST01148,2024-12-04,Grocery,5,4227.49,0.0,0.0,21137.45,21137.45,0,North,Retail Store
103444,CUST00905,2025-05-17,Beauty,4,3905.54,0.0,0.0,15622.16,15622.16,0,South,Marketplace
103445,CUST00115,2024-07-06,Apparel,3,907.82,0.0,0.0,2723.46,2723.46,0,North,Mobile App
103446,CUST00827,2025-01-14,Sports,5,2128.99,0.0,0.0,10644.95,10644.95,0,East,Marketplace
103447,CUST00143,2024-11-09,Home & Kitchen,1,1106.25,0.0,0.0,1106.25,1106.25,0,West,Marketplace
103448,CUST00929,2025-04-27,Sports,5,2297.32,0.4,4594.64,11486.6,-6891.96,1,Central,Marketplace
103449,CUST00907,2024-11-14,Home & Kitchen,1,1181.23,0.0,0.0,1181.23,1181.23,0,West,Online
103450,CUST00344,2024-08-24,Apparel,4,4329.86,0.05,865.97,17319.44,16453.47,0,Central,Mobile App
103451,CUST00292,2025-02-13,Home & Kitchen,2,4456.18,0.0,0.0,8912.36,8912.36,0,South,Mobile App
103452,CUST00683,2024-02-08,Sports,3,4305.73,0.0,0.0,12917.19,12917.19,0,East,Retail Store
103454,CUST00486,2024-09-19,Home & Kitchen,5,2736.67,0.1,1368.34,13683.35,12315.01,0,Central,Mobile App
103455,CUST00356,2025-06-16,Apparel,4,798.24,0.0,0.0,3192.96,-3192.96,1,Central,Online
103456,CUST00054,2025-07-27,Grocery,5,1973.47,0.0,0.0,9867.35,-9867.35,1,South,Retail Store
103457,CUST01146,2024-09-20,Electronics,5,3000.51,0.1,1500.26,15002.55,13502.29,0,South,Online
103458,CUST00020,2025-02-03,Apparel,2,2111.26,0.05,211.13,4222.52,4011.39,0,Central,Online
103459,CUST00922,2025-04-27,Beauty,5,3303.87,0.15,2477.9,16519.35,14041.45,0,Central,Online
103460,CUST00820,2025-02-05,Electronics,5,1103.92,0.0,0.0,5519.6,-5519.6,1,South,Online
103461,CUST00658,2024-10-02,Home & Kitchen,3,378.03,0.0,0.0,1134.09,1134.09,0,North,Marketplace
103462,CUST00354,2024-08-12,Beauty,4,1920.53,0.05,384.11,7682.12,7298.01,0,East,Online
103463,CUST01060,2025-06-20,Home & Kitchen,2,4282.89,0.0,0.0,8565.78,8565.78,0,Central,Retail Store
103464,CUST01200,2025-11-23,Sports,2,3573.16,0.0,0.0,7146.32,7146.32,0,Central,Online
103465,CUST01058,2025-03-12,Electronics,5,645.79,0.0,0.0,3228.95,-3228.95,1,South,Marketplace
103466,CUST01043,2025-03-18,Home & Kitchen,1,3842.88,0.15,576.43,3842.88,3266.45,0,South,Retail Store
103468,CUST00653,2024-06-25,Beauty,3,2939.57,0.0,0.0,8818.71,8818.71,0,North,Online
103469,CUST00263,2024-08-26,Grocery,1,1876.08,0.0,0.0,1876.08,1876.08,0,West,Marketplace
103470,CUST00855,2024-07-24,Home & Kitchen,1,1357.4,0.0,0.0,1357.4,1357.4,0,East,Online
103471,CUST00040,2025-09-15,Grocery,1,4660.28,0.0,0.0,4660.28,4660.28,0,West,Online
103472,CUST00683,2024-03-02,Electronics,1,1164.29,0.0,0.0,1164.29,1164.29,0,East,Retail Store
103473,CUST00896,2025-04-30,Electronics,3,3448.14,0.0,0.0,10344.42,10344.42,0,South,Online
103474,CUST00974,2024-07-24,Apparel,5,3438.85,0.15,2579.14,17194.25,14615.11,0,East,Retail Store
103475,CUST00754,2025-01-12,Grocery,3,4650.27,0.0,0.0,13950.81,13950.81,0,West,Retail Store
103476,CUST00070,2024-12-01,Beauty,4,4623.98,0.0,0.0,18495.92,18495.92,0,South,Marketplace
103477,CUST00635,2025-08-07,Apparel,4,2970.86,0.0,0.0,11883.44,11883.44,0,West,Online
103478,CUST00126,2025-03-04,Beauty,5,3948.24,0.0,0.0,19741.2,19741.2,0,North,Marketplace
103479,CUST00408,2025-07-21,Electronics,1,2503.87,0.0,0.0,2503.87,2503.87,0,South,Mobile App
103480,CUST00872,2025-06-26,Sports,3,1000.29,0.0,0.0,3000.87,-3000.87,1,North,Online
103481,CUST00232,2024-04-05,Sports,4,4910.19,0.15,2946.11,19640.76,16694.65,0,West,Retail Store
103482,CUST00927,2024-03-28,Beauty,3,4605.65,0.0,0.0,13816.95,13816.95,0,East,Online
103484,CUST00091,2024-05-31,Beauty,5,626.55,0.05,156.64,3132.75,2976.11,0,Central,Online
103485,CUST00248,2025-10-01,Beauty,1,3958.41,0.0,0.0,3958.41,-3958.41,1,East,Online
103486,CUST00880,2025-10-14,Beauty,4,3845.79,0.0,0.0,15383.16,15383.16,0,East,Online
103487,CUST00451,2025-11-15,Apparel,1,4753.68,0.0,0.0,4753.68,4753.68,0,East,Marketplace
103488,CUST00074,2024-05-15,Home & Kitchen,2,2179.09,0.1,435.82,4358.18,3922.36,0,Central,Retail Store
103489,CUST00377,2025-10-08,Beauty,3,1599.72,0.0,0.0,4799.16,4799.16,0,West,Online
103490,CUST00032,2024-08-11,Home & Kitchen,5,3570.23,0.05,892.56,17851.15,16958.59,0,South,Mobile App
103491,CUST00739,2024-12-24,Apparel,3,1222.98,0.0,0.0,3668.94,3668.94,0,North,Online
103492,CUST00279,2025-03-11,Beauty,4,4071.97,0.0,0.0,16287.88,16287.88,0,South,Marketplace
103493,CUST00709,2025-05-26,Sports,4,3149.64,0.25,3149.64,12598.56,9448.92,0,South,Online
103494,CUST00944,2024-05-29,Sports,5,863.35,0.0,0.0,4316.75,4316.75,0,Central,Online
103495,CUST00155,2024-08-12,Electronics,3,3124.58,0.15,1406.06,9373.74,7967.68,0,Central,Retail Store
103496,CUST00767,2025-01-12,Home & Kitchen,5,387.54,0.0,0.0,1937.7,1937.7,0,South,Online
103497,CUST00522,2025-08-19,Apparel,1,4713.24,0.15,706.99,4713.24,4006.25,0,East,Online
103498,CUST00150,2025-06-10,Home & Kitchen,4,1754.9,0.1,701.96,7019.6,6317.64,0,West,Marketplace
103499,CUST01039,2025-11-24,Grocery,4,567.15,0.0,0.0,2268.6,2268.6,0,Central,Marketplace
103500,CUST01123,2025-05-11,Apparel,1,4861.77,0.25,1215.44,4861.77,3646.33,0,South,Marketplace
103501,CUST00138,2025-01-07,Beauty,3,1565.58,0.1,469.67,4696.74,4227.07,0,West,Online
103502,CUST00552,2025-07-30,Home & Kitchen,4,1889.94,0.0,0.0,7559.76,7559.76,0,North,Marketplace
103503,CUST00020,2025-03-24,Sports,5,1754.38,0.0,0.0,8771.9,8771.9,0,Central,Online
103504,CUST00933,2024-11-19,Home & Kitchen,1,4848.64,0.05,242.43,4848.64,4606.21,0,North,Online
103505,CUST00669,2024-08-12,Sports,1,2238.48,0.0,0.0,2238.48,2238.48,0,Central,Online
103506,CUST00087,2025-03-12,Apparel,4,2194.38,0.0,0.0,8777.52,8777.52,0,South,Retail Store
103507,CUST00389,2024-11-20,Grocery,4,1220.33,0.05,244.07,4881.32,4637.25,0,North,Marketplace
103508,CUST00759,2025-10-20,Beauty,2,3647.12,0.0,0.0,7294.24,7294.24,0,West,Online
103509,CUST00697,2025-04-08,Apparel,4,1096.79,0.1,438.72,4387.16,3948.44,0,West,Online
103510,CUST00506,2025-01-09,Sports,3,1506.21,0.0,0.0,4518.63,4518.63,0,North,Online
103511,CUST00824,2024-08-05,Home & Kitchen,2,978.72,0.0,0.0,1957.44,1957.44,0,West,Online
103512,CUST00749,2024-11-25,Apparel,4,1738.3,0.0,0.0,6953.2,6953.2,0,North,Online
103513,CUST01194,2024-03-28,Electronics,4,2654.95,0.0,0.0,10619.8,10619.8,0,West,Retail Store
103514,CUST00178,2025-01-22,Grocery,4,3612.49,0.25,3612.49,14449.96,10837.47,0,North,Online
103515,CUST01188,2024-09-19,Sports,4,724.77,0.0,0.0,2899.08,2899.08,0,East,Online
103516,CUST01000,2024-07-05,Grocery,3,4493.98,0.0,0.0,13481.94,13481.94,0,West,Retail Store
103517,CUST00870,2024-10-24,Beauty,2,2535.81,0.1,507.16,5071.62,4564.46,0,West,Online
103518,CUST00131,2025-03-30,Sports,5,2083.27,0.0,0.0,10416.35,10416.35,0,West,Retail Store
103519,CUST00511,2025-03-17,Electronics,4,4502.38,0.0,0.0,18009.52,18009.52,0,North,Online
103520,CUST00718,2025-06-10,Electronics,3,3819.31,0.0,0.0,11457.93,11457.93,0,West,Retail Store
103521,CUST00003,2024-11-27,Sports,4,4479.45,0.0,0.0,17917.8,17917.8,0,South,Retail Store
103522,CUST00382,2024-07-21,Apparel,3,3941.58,0.05,591.24,11824.74,11233.5,0,West,Mobile App
103523,CUST01056,2024-10-21,Apparel,5,3162.32,0.0,0.0,15811.6,15811.6,0,South,Marketplace
103524,CUST00274,2025-02-12,Grocery,3,373.19,0.4,447.83,1119.57,671.74,0,South,Retail Store
103525,CUST00332,2024-11-17,Sports,3,0.0,0.0,0.0,0.0,0.0,0,North,Marketplace
103526,CUST00056,2025-03-30,Home & Kitchen,4,2578.75,0.25,2578.75,10315.0,7736.25,0,West,Retail Store
103527,CUST01190,2025-07-24,Apparel,1,2956.56,0.05,147.83,2956.56,2808.73,0,North,Retail Store
103528,CUST00863,2024-09-06,Beauty,2,1241.07,0.0,0.0,2482.14,2482.14,0,North,Retail Store
103530,CUST01147,2025-02-23,Home & Kitchen,2,4080.62,0.0,0.0,8161.24,8161.24,0,East,Mobile App
103531,CUST00869,2024-07-04,Grocery,5,646.49,0.4,1292.98,3232.45,1939.47,0,West,Marketplace
103532,CUST00160,2024-05-26,Home & Kitchen,5,1680.05,0.0,0.0,8400.25,8400.25,0,North,Online
103533,CUST00592,2025-01-21,Beauty,2,1674.67,0.0,0.0,3349.34,3349.34,0,East,Online
103534,CUST01022,2025-08-25,Beauty,2,2438.44,0.0,0.0,4876.88,4876.88,0,North,Marketplace
103535,CUST00423,2024-12-17,Beauty,3,891.02,0.25,668.26,2673.06,2004.8,0,South,Retail Store
103536,CUST00988,2024-05-04,Electronics,3,406.93,0.25,305.2,1220.79,915.59,0,South,Online
103537,CUST00892,2024-05-22,Grocery,3,1014.37,0.0,0.0,3043.11,3043.11,0,East,Marketplace
103538,CUST00597,2025-07-07,Beauty,1,1535.06,0.0,0.0,1535.06,-1535.06,1,West,Online
103539,CUST00546,2024-04-26,Electronics,5,285.76,0.0,0.0,1428.8,1428.8,0,East,Mobile App
103540,CUST00909,2024-09-20,Home & Kitchen,4,2666.58,0.1,1066.63,10666.32,9599.69,0,South,Marketplace
103541,CUST00060,2025-01-16,Apparel,4,4137.81,0.25,4137.81,16551.24,12413.43,0,West,Online
103542,CUST00871,2024-06-29,Home & Kitchen,5,371.11,0.0,0.0,1855.55,1855.55,0,North,Online
103543,CUST00317,2024-04-10,Sports,1,1911.6,0.0,0.0,1911.6,1911.6,0,East,Online
103544,CUST00934,2024-11-08,Beauty,3,2547.81,0.25,1910.86,7643.43,5732.57,0,East,Online
103545,CUST00974,2024-07-24,Beauty,5,4498.63,0.0,0.0,22493.15,-22493.15,1,East,Retail Store
103546,CUST00208,2025-04-22,Beauty,5,4214.84,0.0,0.0,21074.2,-21074.2,1,West,Online
103547,CUST00389,2024-11-08,Grocery,2,775.85,0.0,0.0,1551.7,1551.7,0,North,Marketplace
103548,CUST00527,2024-10-30,Sports,5,4376.85,0.25,5471.06,21884.25,16413.19,0,South,Online
103549,CUST01045,2024-05-16,Grocery,2,3041.2,0.05,304.12,6082.4,5778.28,0,East,Retail Store
103550,CUST00340,2024-03-07,Home & Kitchen,3,3952.87,0.15,1778.79,11858.61,10079.82,0,West,Retail Store
103551,CUST00633,2025-04-01,Home & Kitchen,1,672.62,0.0,0.0,672.62,672.62,0,East,Retail Store
103552,CUST00724,2025-01-27,Home & Kitchen,1,2038.17,0.0,0.0,2038.17,2038.17,0,South,Retail Store
103553,CUST00611,2024-08-19,Apparel,3,4191.33,0.0,0.0,12573.99,12573.99,0,West,Mobile App
103554,CUST00092,2025-06-07,Electronics,2,3368.67,0.15,1010.6,6737.34,5726.74,0,West,Online
103555,CUST00895,2025-07-08,Home & Kitchen,3,4550.29,0.0,0.0,13650.87,13650.87,0,North,Mobile App
103556,CUST00987,2024-08-10,Apparel,5,2288.14,0.0,0.0,11440.7,11440.7,0,Central,Online
103557,CUST01025,2025-07-09,Beauty,3,3252.14,0.0,0.0,9756.42,9756.42,0,East,Marketplace
103558,CUST00315,2024-10-20,Beauty,2,2679.47,0.05,267.95,5358.94,5090.99,0,East,Retail Store
103559,CUST00137,2025-02-23,Beauty,5,4589.59,0.0,0.0,22947.95,22947.95,0,South,Retail Store
103560,CUST00370,2024-10-28,Home & Kitchen,5,2583.28,0.1,1291.64,12916.4,11624.76,0,North,Mobile App
103561,CUST00420,2025-12-01,Apparel,2,2030.09,0.0,0.0,4060.18,4060.18,0,North,Online
103562,CUST00418,2024-07-20,Electronics,1,1565.95,0.0,0.0,1565.95,1565.95,0,Central,Marketplace
103563,CUST00836,2024-07-03,Home & Kitchen,2,2964.11,0.1,592.82,5928.22,5335.4,0,Central,Marketplace
103564,CUST00379,2024-05-13,Apparel,2,1022.05,0.0,0.0,2044.1,2044.1,0,West,Retail Store
103565,CUST01073,2025-01-08,Electronics,5,4077.73,0.1,2038.87,20388.65,18349.78,0,North,Retail Store
103566,CUST00535,2025-06-29,Grocery,5,4772.22,0.15,3579.16,23861.1,20281.94,0,South,Mobile App
103567,CUST00746,2024-04-14,Electronics,4,4095.6,0.15,2457.36,16382.4,13925.04,0,North,Mobile App
103568,CUST00111,2024-10-21,Home & Kitchen,2,4367.48,0.0,0.0,8734.96,8734.96,0,Central,Online
103569,CUST00269,2024-11-28,Home & Kitchen,5,2023.51,0.1,1011.76,10117.55,9105.79,0,South,Online
103570,CUST01016,2024-03-22,Apparel,3,748.6,0.1,224.58,2245.8,2021.22,0,Central,Marketplace
103571,CUST00275,2025-04-09,Grocery,1,1999.55,0.0,0.0,1999.55,1999.55,0,West,Online
103572,CUST00533,2024-09-12,Beauty,2,4891.51,0.0,0.0,9783.02,9783.02,0,South,Mobile App
103573,CUST00794,2025-08-17,Home & Kitchen,2,1569.64,0.15,470.89,3139.28,2668.39,0,South,Online
103574,CUST00996,2024-10-11,Sports,2,3928.84,0.05,392.88,7857.68,-7464.8,1,Central,Online
103575,CUST00802,2025-02-10,Apparel,4,3954.79,0.0,0.0,15819.16,15819.16,0,Central,Marketplace
103576,CUST00903,2025-02-06,Beauty,1,2385.27,0.4,954.11,2385.27,1431.16,0,Central,Online
103577,CUST01150,2025-06-02,Home & Kitchen,4,3376.79,0.0,0.0,13507.16,13507.16,0,North,Online
103578,CUST00534,2024-02-11,Apparel,3,2440.83,0.0,0.0,7322.49,7322.49,0,North,Online
103579,CUST00249,2024-07-06,Sports,3,4954.24,0.1,1486.27,14862.72,13376.45,0,Central,Online
103580,CUST00752,2025-03-16,Sports,1,2776.71,0.4,1110.68,2776.71,1666.03,0,West,Mobile App
103581,CUST01140,2025-04-15,Electronics,1,4442.67,0.1,444.27,4442.67,3998.4,0,North,Retail Store
103583,CUST00536,2025-03-08,Home & Kitchen,2,3068.51,0.0,0.0,6137.02,6137.02,0,East,Online
103584,CUST00445,2024-11-02,Apparel,5,1218.34,0.0,0.0,6091.7,6091.7,0,North,Marketplace
103585,CUST00865,2025-12-09,Grocery,1,614.93,0.05,30.75,614.93,584.18,0,South,Marketplace
103586,CUST00174,2024-08-15,Electronics,2,4389.8,0.0,0.0,8779.6,8779.6,0,West,Retail Store
103587,CUST00441,2024-07-27,Home & Kitchen,1,2537.67,0.15,380.65,2537.67,2157.02,0,East,Marketplace
103588,CUST00667,2025-01-11,Apparel,1,2208.98,0.0,0.0,2208.98,-2208.98,1,East,Marketplace
103589,CUST00937,2025-07-31,Beauty,4,2867.19,0.05,573.44,11468.76,10895.32,0,West,Retail Store
103590,CUST01161,2025-08-27,Electronics,3,1000.91,0.0,0.0,3002.73,3002.73,0,South,Online
103591,CUST00827,2025-06-01,Grocery,4,2496.87,0.15,1498.12,9987.48,8489.36,0,East,Marketplace
103592,CUST00490,2025-05-09,Beauty,2,1113.66,0.15,334.1,2227.32,1893.22,0,Central,Online
103593,CUST00690,2025-05-04,Beauty,1,525.37,0.05,26.27,525.37,499.1,0,South,Online
103594,CUST00041,2025-01-16,Sports,5,3775.51,0.4,7551.02,18877.55,11326.53,0,South,Online
103595,CUST01121,2025-04-02,Grocery,2,3820.44,0.05,382.04,7640.88,7258.84,0,Central,Marketplace
103597,CUST01031,2024-12-21,Sports,3,303.88,0.0,0.0,911.64,-911.64,1,North,Online
103598,CUST00045,2025-08-24,Sports,1,951.2,0.05,47.56,951.2,903.64,0,North,Marketplace
103599,CUST01129,2025-02-26,Electronics,4,4416.61,0.4,7066.58,17666.44,10599.86,0,Central,Marketplace
103600,CUST00488,2024-10-26,Electronics,3,1044.35,0.05,156.65,3133.05,2976.4,0,East,Online
103602,CUST00279,2025-03-19,Electronics,2,2773.66,0.0,0.0,5547.32,5547.32,0,South,Marketplace
103603,CUST00791,2025-10-28,Apparel,5,2218.94,0.0,0.0,11094.7,11094.7,0,Central,Marketplace
103604,CUST00429,2025-03-23,Home & Kitchen,3,2260.35,0.0,0.0,6781.05,6781.05,0,Central,Marketplace
103606,CUST01185,2024-10-31,Sports,2,3487.07,0.0,0.0,6974.14,6974.14,0,North,Marketplace
103607,CUST01081,2025-11-19,Grocery,2,4814.22,0.1,962.84,9628.44,8665.6,0,West,Online
103608,CUST00143,2024-11-06,Home & Kitchen,1,4841.21,0.0,0.0,4841.21,4841.21,0,West,Marketplace
103609,CUST00194,2024-11-09,Home & Kitchen,4,4343.55,0.0,0.0,17374.2,17374.2,0,South,Online
103610,CUST00620,2024-12-09,Beauty,2,2600.12,0.0,0.0,5200.24,5200.24,0,Central,Marketplace
103611,CUST00674,2025-03-30,Grocery,4,407.93,0.05,81.59,1631.72,1550.13,0,South,Online
103612,CUST00405,2024-04-18,Beauty,3,1309.41,0.0,0.0,3928.23,3928.23,0,Central,Retail Store
103613,CUST00646,2024-05-15,Beauty,1,4904.46,0.0,0.0,4904.46,4904.46,0,South,Mobile App
103614,CUST00177,2025-05-23,Beauty,5,3069.39,0.0,0.0,15346.95,15346.95,0,West,Marketplace
103615,CUST00617,2025-07-27,Beauty,4,3751.13,0.1,1500.45,15004.52,13504.07,0,West,Online
103616,CUST00444,2025-03-10,Sports,2,3655.6,0.25,1827.8,7311.2,5483.4,0,North,Marketplace
103617,CUST00855,2024-11-08,Apparel,1,4380.24,0.0,0.0,4380.24,4380.24,0,East,Online
103618,CUST00497,2025-03-19,Grocery,4,508.87,0.05,101.77,2035.48,1933.71,0,East,Marketplace
103619,CUST01140,2025-11-01,Home & Kitchen,4,2366.63,0.15,1419.98,9466.52,8046.54,0,North,Retail Store
103620,CUST00226,2024-07-26,Electronics,5,2754.16,0.0,0.0,13770.8,13770.8,0,Central,Online
103621,CUST00083,2024-07-11,Apparel,2,3695.42,0.0,0.0,7390.84,7390.84,0,East,Marketplace
103622,CUST00210,2025-07-24,Electronics,1,805.3,0.0,0.0,805.3,805.3,0,West,Marketplace
103623,CUST00417,2024-04-07,Electronics,5,4627.62,0.0,0.0,23138.1,-23138.1,1,North,Online
103624,CUST00839,2025-09-21,Electronics,2,705.28,0.05,70.53,1410.56,1340.03,0,East,Online
103625,CUST00613,2024-08-22,Beauty,1,3687.95,0.05,184.4,3687.95,3503.55,0,North,Online
103626,CUST00340,2024-04-29,Electronics,5,4394.63,0.0,0.0,21973.15,21973.15,0,West,Retail Store
103627,CUST00550,2025-05-08,Beauty,3,3677.63,0.0,0.0,11032.89,-11032.89,1,South,Online
103628,CUST00929,2025-03-16,Home & Kitchen,3,3780.82,0.0,0.0,11342.46,11342.46,0,Central,Marketplace
103629,CUST00858,2024-05-13,Apparel,5,776.41,0.0,0.0,3882.05,3882.05,0,Central,Online
103630,CUST00486,2024-08-10,Apparel,5,3904.65,0.05,976.16,19523.25,18547.09,0,Central,Mobile App
103631,CUST00966,2024-08-01,Home & Kitchen,3,3735.56,0.0,0.0,11206.68,-11206.68,1,West,Retail Store
103632,CUST01132,2024-11-11,Sports,3,1829.09,0.15,823.09,5487.27,4664.18,0,Central,Online
103633,CUST00859,2024-08-31,Grocery,4,3861.08,0.15,2316.65,15444.32,13127.67,0,Central,Mobile App
103634,CUST00490,2024-08-03,Home & Kitchen,3,518.22,0.0,0.0,1554.66,1554.66,0,Central,Online
103635,CUST00511,2025-03-01,Sports,5,2938.26,0.1,1469.13,14691.3,13222.17,0,North,Online
103636,CUST00337,2024-11-05,Apparel,1,3772.66,0.0,0.0,3772.66,3772.66,0,Central,Mobile App
103637,CUST01176,2024-12-17,Sports,5,2020.19,0.0,0.0,10100.95,10100.95,0,Central,Retail Store
103638,CUST01014,2024-04-16,Grocery,2,932.06,0.15,279.62,1864.12,1584.5,0,West,Online
103639,CUST01109,2025-04-18,Beauty,2,1031.57,0.0,0.0,2063.14,-2063.14,1,South,Online
103640,CUST00271,2024-07-04,Apparel,5,381.56,0.0,0.0,1907.8,1907.8,0,South,Online
103641,CUST00655,2025-07-13,Beauty,4,3397.43,0.0,0.0,13589.72,13589.72,0,South,Marketplace
103642,CUST00181,2025-07-14,Home & Kitchen,5,4928.81,0.0,0.0,24644.05,-24644.05,1,West,Online
103643,CUST00820,2024-12-08,Home & Kitchen,2,4912.32,0.0,0.0,9824.64,9824.64,0,South,Online
103644,CUST00621,2024-09-19,Home & Kitchen,1,2277.27,0.0,0.0,2277.27,2277.27,0,Central,Retail Store
103645,CUST00480,2024-11-28,Grocery,5,3281.68,0.05,820.42,16408.4,15587.98,0,West,Online
103646,CUST00034,2025-07-03,Electronics,3,0.0,0.1,0.0,0.0,0.0,0,Central,Mobile App
103647,CUST00635,2025-06-30,Sports,4,1989.23,0.15,1193.54,7956.92,6763.38,0,West,Online
103648,CUST00331,2025-05-24,Home & Kitchen,2,1314.83,0.0,0.0,2629.66,2629.66,0,West,Online
103649,CUST00337,2024-11-03,Electronics,2,3219.15,0.0,0.0,6438.3,6438.3,0,Central,Mobile App
103650,CUST00512,2025-03-14,Apparel,1,4996.75,0.05,249.84,4996.75,4746.91,0,South,Marketplace
103651,CUST00258,2024-02-13,Home & Kitchen,1,4803.23,0.1,480.32,4803.23,4322.91,0,Central,Retail Store
103652,CUST00155,2025-04-04,Home & Kitchen,3,4532.87,0.0,0.0,13598.61,13598.61,0,Central,Retail Store
103653,CUST00918,2025-01-30,Electronics,1,4321.46,0.0,0.0,4321.46,4321.46,0,Central,Marketplace
103654,CUST01034,2024-08-05,Grocery,1,1789.86,0.0,0.0,1789.86,1789.86,0,East,Marketplace
103655,CUST00788,2025-02-26,Sports,4,1485.49,0.0,0.0,5941.96,5941.96,0,North,Retail Store
103656,CUST00857,2025-01-20,Sports,3,906.71,0.0,0.0,2720.13,2720.13,0,South,Retail Store
103657,CUST00788,2025-08-13,Grocery,2,504.05,0.05,50.4,1008.1,957.7,0,North,Retail Store
103658,CUST01123,2025-01-10,Electronics,4,4674.23,0.0,0.0,18696.92,18696.92,0,South,Marketplace
103659,CUST00808,2024-09-19,Grocery,2,1049.15,0.15,314.74,2098.3,1783.56,0,Central,Online
103660,CUST00020,2025-05-29,Home & Kitchen,3,4539.03,0.0,0.0,13617.09,13617.09,0,Central,Online
103661,CUST00192,2024-12-31,Apparel,4,268.4,0.05,53.68,1073.6,1019.92,0,South,Retail Store
103662,CUST00923,2025-03-05,Beauty,1,2757.25,0.0,0.0,2757.25,2757.25,0,Central,Online
103663,CUST00886,2025-04-29,Electronics,2,3582.38,0.0,0.0,7164.76,7164.76,0,East,Marketplace
103665,CUST00540,2025-03-03,Electronics,2,3168.03,0.0,0.0,6336.06,6336.06,0,East,Retail Store
103666,CUST00338,2025-01-23,Beauty,3,237.78,0.0,0.0,713.34,713.34,0,North,Online
103667,CUST00365,2025-06-04,Beauty,2,2881.89,0.0,0.0,5763.78,5763.78,0,Central,Online
103668,CUST00252,2024-06-06,Home & Kitchen,1,1415.64,0.0,0.0,1415.64,1415.64,0,West,Online
103670,CUST00083,2024-07-18,Beauty,3,3860.61,0.0,0.0,11581.83,11581.83,0,East,Marketplace
103671,CUST00240,2024-11-03,Electronics,2,2857.59,0.0,0.0,5715.18,5715.18,0,East,Online
103672,CUST00811,2024-06-06,Grocery,4,2241.84,0.05,448.37,8967.36,8518.99,0,North,Marketplace
103673,CUST00248,2025-06-18,Home & Kitchen,2,3441.9,0.05,344.19,6883.8,6539.61,0,East,Online
103674,CUST00834,2025-02-09,Beauty,3,3926.83,0.0,0.0,11780.49,11780.49,0,West,Online
103675,CUST00033,2024-12-28,Beauty,5,3293.39,0.0,0.0,16466.95,16466.95,0,East,Online
103676,CUST00527,2024-09-12,Sports,4,3506.78,0.0,0.0,14027.12,14027.12,0,South,Online
103677,CUST00843,2024-12-02,Beauty,2,2488.04,0.1,497.61,4976.08,4478.47,0,East,Retail Store
103678,CUST00001,2024-06-13,Sports,4,1197.06,0.0,0.0,4788.24,4788.24,0,Central,Mobile App
103679,CUST01122,2025-04-08,Sports,4,0.0,0.15,0.0,0.0,0.0,0,East,Online
103680,CUST00216,2024-08-15,Electronics,4,1874.96,0.0,0.0,7499.84,7499.84,0,South,Online
103681,CUST00590,2025-04-27,Sports,3,837.81,0.15,377.01,2513.43,2136.42,0,North,Online
103682,CUST00516,2024-12-30,Grocery,5,2186.59,0.0,0.0,10932.95,10932.95,0,West,Online
103683,CUST00198,2024-08-31,Beauty,3,2511.24,0.0,0.0,7533.72,7533.72,0,West,Retail Store
103684,CUST00642,2024-09-21,Sports,4,2838.2,0.0,0.0,11352.8,11352.8,0,North,Online
103685,CUST01014,2024-03-20,Electronics,3,0.0,0.0,0.0,0.0,0.0,0,West,Online
103686,CUST00765,2025-03-30,Sports,1,1243.36,0.1,124.34,1243.36,1119.02,0,Central,Retail Store
103687,CUST00246,2024-10-25,Electronics,1,423.29,0.0,0.0,423.29,423.29,0,South,Retail Store
103688,CUST00678,2024-09-13,Apparel,3,1376.74,0.0,0.0,4130.22,4130.22,0,South,Retail Store
103689,CUST00088,2025-10-19,Apparel,3,2903.39,0.0,0.0,8710.17,8710.17,0,South,Marketplace
103690,CUST00130,2025-04-16,Grocery,3,635.49,0.0,0.0,1906.47,1906.47,0,East,Marketplace
103691,CUST01104,2025-03-30,Home & Kitchen,2,1745.92,0.0,0.0,3491.84,3491.84,0,Central,Online
103692,CUST00551,2025-07-16,Grocery,5,1771.52,0.0,0.0,8857.6,8857.6,0,Central,Online
103693,CUST00831,2024-11-29,Beauty,2,4896.66,0.0,0.0,9793.32,9793.32,0,Central,Marketplace
103694,CUST00370,2024-06-30,Home & Kitchen,1,3563.87,0.0,0.0,3563.87,-3563.87,1,North,Mobile App
103695,CUST00534,2024-01-23,Sports,1,4508.38,0.0,0.0,4508.38,4508.38,0,North,Online
103696,CUST00294,2024-06-26,Electronics,5,2806.28,0.0,0.0,14031.4,14031.4,0,Central,Online
103697,CUST01159,2024-06-20,Apparel,3,4465.23,0.0,0.0,13395.69,13395.69,0,South,Retail Store
103698,CUST00934,2024-06-19,Electronics,3,4119.44,0.0,0.0,12358.32,12358.32,0,East,Online
103700,CUST00413,2025-02-17,Sports,1,3395.05,0.0,0.0,3395.05,3395.05,0,North,Mobile App
103701,CUST00007,2024-06-04,Apparel,1,2470.87,0.0,0.0,2470.87,2470.87,0,Central,Retail Store
103702,CUST00365,2025-11-08,Home & Kitchen,1,4368.73,0.0,0.0,4368.73,4368.73,0,Central,Online
103703,CUST00285,2025-02-19,Home & Kitchen,4,4100.94,0.1,1640.38,16403.76,-14763.38,1,Central,Online
103704,CUST00321,2024-11-09,Beauty,4,1874.86,0.0,0.0,7499.44,7499.44,0,West,Online
103705,CUST01048,2024-03-07,Beauty,4,218.1,0.0,0.0,872.4,872.4,0,North,Retail Store
103706,CUST00823,2025-10-02,Grocery,1,1003.27,0.0,0.0,1003.27,1003.27,0,Central,Mobile App
103707,CUST00206,2024-07-27,Beauty,2,3049.62,0.0,0.0,6099.24,6099.24,0,North,Online
103708,CUST00212,2024-11-10,Beauty,3,2314.31,0.0,0.0,6942.93,6942.93,0,East,Retail Store
103709,CUST00972,2024-11-26,Home & Kitchen,2,1219.35,0.0,0.0,2438.7,2438.7,0,West,Retail Store
103710,CUST00335,2025-08-19,Home & Kitchen,5,4202.27,0.0,0.0,21011.35,21011.35,0,Central,Mobile App
103711,CUST00149,2025-03-11,Grocery,3,3613.2,0.1,1083.96,10839.6,9755.64,0,West,Online
103712,CUST00743,2024-01-22,Electronics,5,1665.83,0.0,0.0,8329.15,8329.15,0,West,Online
103713,CUST01104,2025-06-21,Apparel,4,2655.36,0.0,0.0,10621.44,10621.44,0,Central,Online
103714,CUST00492,2024-12-04,Home & Kitchen,3,3824.54,0.05,573.68,11473.62,10899.94,0,Central,Retail Store
103715,CUST01082,2025-06-04,Grocery,5,2516.45,0.0,0.0,12582.25,12582.25,0,North,Online
103716,CUST01107,2025-07-06,Sports,4,3452.01,0.0,0.0,13808.04,13808.04,0,North,Marketplace
103717,CUST01145,2024-03-17,Sports,2,3058.88,0.0,0.0,6117.76,6117.76,0,West,Online
103718,CUST00669,2024-05-02,Apparel,4,234.93,0.0,0.0,939.72,939.72,0,Central,Online
103719,CUST00989,2024-03-15,Home & Kitchen,5,4991.98,0.0,0.0,24959.9,24959.9,0,West,Mobile App
103720,CUST00368,2024-12-05,Sports,5,2347.15,0.0,0.0,11735.75,11735.75,0,East,Retail Store
103721,CUST00692,2025-10-05,Sports,2,3487.42,0.15,1046.23,6974.84,-5928.61,1,North,Mobile App
103722,CUST00061,2024-10-02,Beauty,3,2243.8,0.0,0.0,6731.4,6731.4,0,West,Online
103723,CUST00285,2025-12-27,Apparel,5,4490.08,0.05,1122.52,22450.4,-21327.88,1,Central,Online
103724,CUST00241,2025-06-04,Beauty,5,2178.88,0.0,0.0,10894.4,10894.4,0,Central,Online
103725,CUST00278,2024-11-28,Beauty,4,847.03,0.0,0.0,3388.12,3388.12,0,East,Online
103726,CUST00758,2024-06-18,Home & Kitchen,1,2501.21,0.15,375.18,2501.21,2126.03,0,Central,Retail Store
103728,CUST00020,2025-01-26,Beauty,5,2135.82,0.0,0.0,10679.1,10679.1,0,Central,Online
103729,CUST00792,2024-01-27,Apparel,1,0.0,0.0,0.0,0.0,0.0,0,West,Online
103730,CUST00417,2024-09-27,Electronics,4,3888.74,0.05,777.75,15554.96,14777.21,0,North,Online
103731,CUST01066,2024-03-12,Grocery,5,4921.16,0.0,0.0,24605.8,24605.8,0,South,Mobile App
103732,CUST00915,2024-10-28,Electronics,1,4445.43,0.25,1111.36,4445.43,3334.07,0,East,Marketplace
103733,CUST01020,2025-05-03,Beauty,5,481.64,0.0,0.0,2408.2,2408.2,0,South,Retail Store
103734,CUST00035,2024-09-16,Apparel,3,4655.53,0.0,0.0,13966.59,-13966.59,1,South,Marketplace
103735,CUST00081,2025-07-01,Electronics,3,2681.99,0.15,1206.9,8045.97,6839.07,0,West,Online
103736,CUST01122,2024-11-09,Sports,3,1220.69,0.0,0.0,3662.07,3662.07,0,East,Online
103737,CUST00487,2024-11-30,Electronics,4,4443.21,0.0,0.0,17772.84,17772.84,0,Central,Retail Store
103738,CUST00999,2025-11-13,Grocery,1,2765.8,0.0,0.0,2765.8,2765.8,0,South,Online
103739,CUST01199,2025-02-19,Sports,1,4975.46,0.0,0.0,4975.46,4975.46,0,East,Online
103740,CUST00686,2025-05-15,Home & Kitchen,5,3441.15,0.25,4301.44,17205.75,12904.31,0,South,Online
103741,CUST00990,2024-06-05,Electronics,5,2008.59,0.0,0.0,10042.95,10042.95,0,West,Marketplace
103742,CUST00302,2025-02-20,Electronics,2,3906.3,0.0,0.0,7812.6,7812.6,0,North,Online
103743,CUST00423,2024-09-24,Apparel,1,4748.33,0.0,0.0,4748.33,4748.33,0,South,Retail Store
103744,CUST00803,2025-10-05,Apparel,2,4251.99,0.0,0.0,8503.98,8503.98,0,West,Marketplace
103745,CUST00319,2025-06-13,Electronics,2,4412.42,0.0,0.0,8824.84,8824.84,0,Central,Retail Store
103746,CUST00236,2025-04-15,Grocery,2,975.46,0.0,0.0,1950.92,1950.92,0,East,Marketplace
103747,CUST00590,2025-06-28,Home & Kitchen,5,1342.35,0.1,671.18,6711.75,6040.57,0,North,Online
103748,CUST00453,2025-01-06,Sports,4,1864.41,0.05,372.88,7457.64,7084.76,0,South,Retail Store
103749,CUST00685,2024-04-27,Sports,1,4640.32,0.25,1160.08,4640.32,-3480.24,1,East,Online
103750,CUST01022,2025-09-14,Electronics,3,4286.8,0.0,0.0,12860.4,-12860.4,1,North,Marketplace
103751,CUST00860,2025-11-26,Beauty,4,2427.85,0.4,3884.56,9711.4,5826.84,0,South,Marketplace
103752,CUST00233,2024-02-24,Home & Kitchen,5,3923.15,0.4,7846.3,19615.75,11769.45,0,Central,Online
103753,CUST01188,2024-07-25,Beauty,1,1422.54,0.0,0.0,1422.54,1422.54,0,East,Online
103754,CUST00332,2024-12-11,Sports,3,2876.72,0.0,0.0,8630.16,8630.16,0,North,Marketplace
103755,CUST00814,2024-03-03,Grocery,2,3314.4,0.0,0.0,6628.8,6628.8,0,North,Retail Store
103756,CUST00039,2025-01-13,Sports,1,1547.38,0.4,618.95,1547.38,928.43,0,Central,Online
103757,CUST00759,2025-08-21,Beauty,4,3182.37,0.25,3182.37,12729.48,9547.11,0,West,Online
103758,CUST00135,2024-12-26,Sports,5,1331.25,0.15,998.44,6656.25,-5657.81,1,Central,Retail Store
103759,CUST01072,2025-01-28,Electronics,1,4740.68,0.0,0.0,4740.68,4740.68,0,East,Online
103760,CUST00689,2024-04-22,Home & Kitchen,4,2193.81,0.05,438.76,8775.24,8336.48,0,West,Online
103761,CUST00151,2024-05-25,Electronics,1,617.47,0.15,92.62,617.47,524.85,0,West,Online
103762,CUST00621,2025-02-22,Grocery,5,2273.52,0.0,0.0,11367.6,-11367.6,1,Central,Retail Store
103763,CUST00072,2025-04-23,Beauty,2,951.92,0.15,285.58,1903.84,-1618.26,1,South,Online
103764,CUST00832,2024-09-14,Home & Kitchen,4,251.54,0.05,50.31,1006.16,955.85,0,East,Marketplace
103765,CUST00616,2025-04-21,Home & Kitchen,1,1847.65,0.0,0.0,1847.65,1847.65,0,West,Online
103766,CUST01190,2025-01-22,Electronics,3,4633.46,0.0,0.0,13900.38,13900.38,0,North,Retail Store
103767,CUST00026,2024-06-17,Sports,3,729.2,0.0,0.0,2187.6,2187.6,0,East,Online
103768,CUST01100,2025-12-06,Apparel,2,1646.0,0.0,0.0,3292.0,-3292.0,1,South,Online
103769,CUST00716,2024-08-21,Grocery,3,4222.39,0.0,0.0,12667.17,12667.17,0,West,Marketplace
103770,CUST00131,2025-03-04,Grocery,2,2712.53,0.1,542.51,5425.06,4882.55,0,West,Retail Store
103771,CUST01072,2025-02-21,Grocery,1,3633.89,0.0,0.0,3633.89,3633.89,0,East,Online
103772,CUST00127,2025-05-25,Home & Kitchen,5,0.0,0.0,0.0,0.0,0.0,0,West,Online
103773,CUST00761,2024-11-29,Beauty,3,511.21,0.0,0.0,1533.63,-1533.63,1,East,Online
103774,CUST00429,2025-03-16,Sports,4,4317.18,0.0,0.0,17268.72,17268.72,0,Central,Marketplace
103775,CUST00107,2025-07-11,Apparel,3,627.55,0.0,0.0,1882.65,1882.65,0,West,Marketplace
103776,CUST00828,2025-02-05,Sports,2,1278.0,0.0,0.0,2556.0,2556.0,0,North,Online
103777,CUST01045,2024-07-02,Beauty,2,1371.69,0.0,0.0,2743.38,2743.38,0,East,Retail Store
103778,CUST00110,2024-09-15,Beauty,5,1566.17,0.25,1957.71,7830.85,5873.14,0,Central,Mobile App
103779,CUST00893,2024-11-05,Beauty,5,4373.53,0.15,3280.15,21867.65,18587.5,0,West,Marketplace
103781,CUST00678,2024-07-27,Grocery,1,722.74,0.0,0.0,722.74,-722.74,1,South,Retail Store
103782,CUST00576,2024-04-23,Grocery,2,1086.73,0.05,108.67,2173.46,2064.79,0,North,Online
103783,CUST00138,2024-12-24,Apparel,2,2820.78,0.0,0.0,5641.56,5641.56,0,West,Online
103784,CUST00560,2025-06-23,Grocery,5,3813.2,0.0,0.0,19066.0,-19066.0,1,East,Online
103785,CUST01094,2025-06-17,Apparel,1,754.09,0.1,75.41,754.09,-678.68,1,West,Retail Store
103786,CUST00703,2025-03-17,Beauty,1,4126.24,0.1,412.62,4126.24,3713.62,0,North,Online
103787,CUST01199,2024-08-31,Grocery,2,2258.38,0.0,0.0,4516.76,4516.76,0,East,Online
103788,CUST00276,2025-06-01,Grocery,1,3017.55,0.15,452.63,3017.55,2564.92,0,South,Online
103789,CUST00185,2024-12-22,Electronics,5,774.46,0.0,0.0,3872.3,3872.3,0,North,Retail Store
103790,CUST00112,2025-05-02,Sports,3,559.27,0.0,0.0,1677.81,1677.81,0,East,Online
103792,CUST00986,2025-02-06,Electronics,1,4514.72,0.0,0.0,4514.72,4514.72,0,Central,Mobile App
103793,CUST01165,2025-05-20,Home & Kitchen,3,1860.63,0.15,837.28,5581.89,4744.61,0,West,Online
103794,CUST00768,2024-02-18,Sports,2,257.21,0.25,128.6,514.42,385.82,0,East,Online
103795,CUST00041,2025-01-31,Home & Kitchen,3,1890.18,0.0,0.0,5670.54,5670.54,0,South,Online
103796,CUST01194,2024-03-04,Electronics,3,2602.08,0.0,0.0,7806.24,7806.24,0,West,Retail Store
103797,CUST00841,2024-09-19,Apparel,4,933.57,0.1,373.43,3734.28,3360.85,0,Central,Marketplace
103798,CUST00554,2024-03-24,Home & Kitchen,2,2679.16,0.05,267.92,5358.32,5090.4,0,West,Online
103799,CUST00515,2024-05-21,Grocery,5,2817.44,0.0,0.0,14087.2,14087.2,0,West,Retail Store
103800,CUST00536,2025-05-11,Grocery,1,4869.64,0.05,243.48,4869.64,4626.16,0,East,Online
103801,CUST00296,2025-05-04,Electronics,2,2595.27,0.0,0.0,5190.54,5190.54,0,North,Online
103802,CUST00001,2024-04-12,Grocery,2,2729.91,0.05,272.99,5459.82,5186.83,0,Central,Mobile App
103803,CUST00486,2025-02-12,Apparel,1,563.37,0.0,0.0,563.37,563.37,0,Central,Mobile App
103804,CUST00046,2024-08-26,Apparel,2,2319.13,0.25,1159.56,4638.26,3478.7,0,North,Online
103805,CUST00802,2024-11-23,Apparel,2,0.0,0.0,0.0,0.0,0.0,0,Central,Marketplace
103806,CUST00720,2024-10-01,Electronics,2,532.51,0.1,106.5,1065.02,958.52,0,Central,Online
103807,CUST00867,2025-09-23,Beauty,5,3455.44,0.0,0.0,17277.2,17277.2,0,East,Marketplace
103808,CUST00276,2025-05-29,Apparel,3,737.4,0.0,0.0,2212.2,2212.2,0,South,Online
103809,CUST00642,2024-09-21,Home & Kitchen,4,4732.9,0.15,2839.74,18931.6,16091.86,0,North,Online
103810,CUST00338,2024-09-08,Home & Kitchen,3,3997.18,0.0,0.0,11991.54,11991.54,0,North,Online
103811,CUST00383,2025-07-02,Sports,5,3400.2,0.05,850.05,17001.0,16150.95,0,South,Marketplace
103812,CUST01126,2024-01-27,Home & Kitchen,4,2893.66,0.0,0.0,11574.64,11574.64,0,East,Online
103814,CUST00696,2025-09-22,Sports,2,2648.95,0.0,0.0,5297.9,5297.9,0,North,Mobile App
103815,CUST00433,2024-08-14,Home & Kitchen,2,0.0,0.0,0.0,0.0,0.0,0,East,Online
103816,CUST00306,2024-10-08,Sports,4,1886.16,0.1,754.46,7544.64,-6790.18,1,West,Online
103817,CUST00754,2024-09-30,Apparel,2,4583.9,0.0,0.0,9167.8,9167.8,0,West,Retail Store
103818,CUST00081,2025-06-15,Home & Kitchen,1,799.0,0.0,0.0,799.0,799.0,0,West,Online
103819,CUST00850,2024-02-03,Beauty,1,1424.42,0.0,0.0,1424.42,1424.42,0,East,Online
103820,CUST00515,2024-07-02,Apparel,2,1331.07,0.15,399.32,2662.14,2262.82,0,West,Retail Store
103822,CUST00618,2025-04-08,Grocery,5,3796.74,0.4,7593.48,18983.7,11390.22,0,South,Online
103823,CUST00639,2024-09-09,Home & Kitchen,5,3960.62,0.1,1980.31,19803.1,17822.79,0,Central,Retail Store
103824,CUST00585,2024-12-04,Home & Kitchen,5,537.37,0.0,0.0,2686.85,2686.85,0,West,Online
103825,CUST00145,2025-08-25,Apparel,4,4887.64,0.15,2932.58,19550.56,16617.98,0,East,Retail Store
103826,CUST00083,2024-08-18,Home & Kitchen,5,2867.0,0.0,0.0,14335.0,14335.0,0,East,Marketplace
103827,CUST00741,2025-11-05,Electronics,5,2864.15,0.0,0.0,14320.75,14320.75,0,Central,Marketplace
103828,CUST01104,2025-06-05,Electronics,3,2786.59,0.05,417.99,8359.77,7941.78,0,Central,Online
103829,CUST00337,2025-07-17,Grocery,4,3916.9,0.0,0.0,15667.6,-15667.6,1,Central,Mobile App
103830,CUST00586,2025-04-22,Grocery,2,1927.3,0.0,0.0,3854.6,3854.6,0,Central,Online
103831,CUST00354,2024-09-18,Beauty,3,2343.99,0.15,1054.8,7031.97,5977.17,0,East,Online
103832,CUST01095,2025-07-07,Home & Kitchen,1,1907.97,0.0,0.0,1907.97,1907.97,0,North,Retail Store
103833,CUST00817,2025-03-04,Grocery,2,4410.58,0.05,441.06,8821.16,8380.1,0,Central,Online
103834,CUST00206,2024-08-25,Apparel,2,1825.89,0.0,0.0,3651.78,3651.78,0,North,Online
103835,CUST00897,2025-01-12,Sports,2,3278.35,0.0,0.0,6556.7,6556.7,0,West,Retail Store
103836,CUST00913,2025-02-07,Electronics,3,3200.22,0.05,480.03,9600.66,9120.63,0,West,Retail Store
103837,CUST00366,2025-09-17,Beauty,5,3115.29,0.0,0.0,15576.45,15576.45,0,South,Online
103838,CUST01121,2025-02-04,Grocery,5,1831.75,0.0,0.0,9158.75,9158.75,0,Central,Marketplace
103839,CUST00437,2025-09-11,Beauty,3,4395.83,0.05,659.37,13187.49,12528.12,0,North,Mobile App
103840,CUST00356,2025-04-26,Apparel,2,3217.27,0.1,643.45,6434.54,5791.09,0,Central,Online
103841,CUST00248,2025-08-09,Apparel,3,3322.7,0.05,498.4,9968.1,9469.7,0,East,Online
103842,CUST00204,2025-05-27,Beauty,4,4620.91,0.0,0.0,18483.64,18483.64,0,North,Online
103843,CUST01018,2024-11-18,Beauty,1,1628.89,0.0,0.0,1628.89,1628.89,0,North,Retail Store
103844,CUST00215,2025-07-19,Apparel,5,4468.42,0.25,5585.52,22342.1,16756.58,0,West,Online
103845,CUST00474,2025-05-04,Electronics,4,1144.04,0.1,457.62,4576.16,4118.54,0,East,Online
103846,CUST00082,2024-05-03,Sports,1,2201.89,0.1,220.19,2201.89,1981.7,0,Central,Online
103847,CUST01047,2024-10-11,Beauty,3,2062.83,0.0,0.0,6188.49,6188.49,0,East,Marketplace
103848,CUST00970,2025-06-17,Electronics,3,549.19,0.0,0.0,1647.57,1647.57,0,Central,Online
103849,CUST00395,2025-07-14,Apparel,5,2400.01,0.0,0.0,12000.05,12000.05,0,North,Mobile App
103850,CUST00066,2024-10-21,Home & Kitchen,5,2930.36,0.0,0.0,14651.8,14651.8,0,West,Online
103851,CUST00581,2025-07-20,Apparel,1,3911.2,0.0,0.0,3911.2,3911.2,0,West,Online
103852,CUST01030,2024-07-30,Apparel,4,1482.02,0.1,592.81,5928.08,5335.27,0,North,Online
103853,CUST00396,2024-09-28,Home & Kitchen,2,2456.44,0.0,0.0,4912.88,4912.88,0,South,Retail Store
103854,CUST01059,2024-09-24,Beauty,4,4587.52,0.0,0.0,18350.08,18350.08,0,East,Retail Store
103855,CUST00815,2025-07-05,Home & Kitchen,2,2529.67,0.0,0.0,5059.34,5059.34,0,South,Online
103856,CUST00374,2024-04-14,Home & Kitchen,2,2272.32,0.0,0.0,4544.64,4544.64,0,East,Retail Store
103857,CUST00884,2025-04-26,Sports,5,3609.96,0.0,0.0,18049.8,18049.8,0,West,Online
103858,CUST01101,2025-05-26,Apparel,3,2538.0,0.0,0.0,7614.0,7614.0,0,South,Mobile App
103859,CUST00999,2025-07-11,Electronics,3,2348.01,0.25,1761.01,7044.03,5283.02,0,South,Online
103860,CUST00883,2025-03-22,Apparel,3,732.57,0.0,0.0,2197.71,2197.71,0,Central,Marketplace
103861,CUST00334,2024-08-11,Beauty,2,4966.24,0.05,496.62,9932.48,9435.86,0,Central,Online
103862,CUST01075,2024-08-16,Apparel,4,3803.82,0.0,0.0,15215.28,-15215.28,1,West,Retail Store
103863,CUST00882,2025-03-22,Beauty,1,747.69,0.0,0.0,747.69,747.69,0,Central,Marketplace
103864,CUST00382,2024-10-11,Apparel,4,3030.45,0.0,0.0,12121.8,12121.8,0,West,Mobile App
103865,CUST01131,2024-08-04,Home & Kitchen,5,3552.35,0.0,0.0,17761.75,17761.75,0,North,Online
103866,CUST00988,2024-02-27,Electronics,5,4917.99,0.0,0.0,24589.95,24589.95,0,South,Online
103867,CUST00280,2024-09-05,Apparel,3,448.26,0.05,67.24,1344.78,1277.54,0,Central,Marketplace
103868,CUST00457,2024-09-08,Electronics,3,3642.14,0.0,0.0,10926.42,10926.42,0,Central,Online
103869,CUST00446,2025-10-30,Home & Kitchen,3,1263.07,0.0,0.0,3789.21,3789.21,0,North,Marketplace
103870,CUST00055,2024-01-13,Home & Kitchen,5,3401.29,0.0,0.0,17006.45,17006.45,0,West,Marketplace
103871,CUST00885,2024-06-18,Grocery,3,4089.28,0.25,3066.96,12267.84,9200.88,0,South,Online
103872,CUST00472,2024-08-31,Apparel,3,3927.25,0.0,0.0,11781.75,11781.75,0,South,Online
103873,CUST00228,2024-02-29,Apparel,1,3611.82,0.1,361.18,3611.82,3250.64,0,Central,Online
103874,CUST00933,2025-04-10,Electronics,2,4358.96,0.0,0.0,8717.92,-8717.92,1,North,Online
103875,CUST00285,2025-04-21,Home & Kitchen,5,3979.25,0.0,0.0,19896.25,19896.25,0,Central,Online
103876,CUST00466,2024-05-17,Electronics,5,703.41,0.1,351.71,3517.05,3165.34,0,Central,Retail Store
103877,CUST00575,2025-07-31,Grocery,4,3939.99,0.0,0.0,15759.96,15759.96,0,Central,Online
103879,CUST01127,2025-09-02,Beauty,5,1155.45,0.15,866.59,5777.25,4910.66,0,East,Online
103880,CUST00909,2025-01-14,Home & Kitchen,2,1900.27,0.05,190.03,3800.54,3610.51,0,South,Marketplace
103881,CUST00726,2024-06-07,Grocery,5,1167.37,0.0,0.0,5836.85,5836.85,0,East,Retail Store
103882,CUST01064,2025-05-29,Electronics,4,799.09,0.0,0.0,3196.36,3196.36,0,North,Online
103883,CUST00842,2025-10-07,Home & Kitchen,4,0.0,0.0,0.0,0.0,0.0,0,East,Online
103884,CUST00315,2024-04-16,Grocery,3,2250.11,0.15,1012.55,6750.33,5737.78,0,East,Retail Store
103885,CUST01189,2024-03-19,Electronics,1,631.6,0.0,0.0,631.6,631.6,0,West,Marketplace
103886,CUST00112,2025-09-22,Electronics,3,3974.17,0.0,0.0,11922.51,11922.51,0,East,Online
103887,CUST00645,2024-07-23,Home & Kitchen,5,4643.13,0.1,2321.56,23215.65,20894.09,0,West,Marketplace
103888,CUST00886,2025-02-13,Grocery,3,2793.65,0.4,3352.38,8380.95,5028.57,0,East,Marketplace
103889,CUST00014,2024-07-27,Home & Kitchen,3,315.6,0.0,0.0,946.8,946.8,0,East,Marketplace
103890,CUST00179,2025-04-24,Apparel,3,3542.52,0.0,0.0,10627.56,-10627.56,1,South,Retail Store
103891,CUST00731,2025-09-30,Sports,3,3893.6,0.0,0.0,11680.8,11680.8,0,South,Online
103892,CUST00550,2025-06-18,Sports,2,4241.73,0.0,0.0,8483.46,8483.46,0,South,Online
103893,CUST00183,2025-02-08,Sports,3,3975.57,0.0,0.0,11926.71,11926.71,0,South,Marketplace
103894,CUST00106,2025-03-12,Beauty,4,803.48,0.0,0.0,3213.92,3213.92,0,North,Retail Store
103895,CUST00169,2025-03-18,Grocery,2,1256.61,0.0,0.0,2513.22,2513.22,0,North,Online
103896,CUST00174,2024-10-31,Sports,3,4032.98,0.0,0.0,12098.94,12098.94,0,West,Retail Store
103897,CUST00328,2024-12-11,Beauty,1,1777.26,0.0,0.0,1777.26,1777.26,0,North,Online
103898,CUST00056,2025-03-06,Beauty,3,3553.78,0.0,0.0,10661.34,10661.34,0,West,Retail Store
103899,CUST00536,2025-04-28,Home & Kitchen,1,4919.78,0.1,491.98,4919.78,4427.8,0,East,Online
103900,CUST00565,2025-07-30,Home & Kitchen,3,347.53,0.25,260.65,1042.59,781.94,0,Central,Online
103903,CUST00380,2025-03-24,Apparel,2,3027.12,0.0,0.0,6054.24,6054.24,0,South,Online
103904,CUST00106,2025-03-30,Apparel,1,1314.79,0.1,131.48,1314.79,1183.31,0,North,Retail Store
103905,CUST00865,2025-11-16,Home & Kitchen,3,4254.07,0.0,0.0,12762.21,12762.21,0,South,Marketplace
103906,CUST00174,2024-06-25,Apparel,5,1276.58,0.0,0.0,6382.9,6382.9,0,West,Retail Store
103907,CUST01141,2024-11-22,Sports,1,3341.78,0.0,0.0,3341.78,3341.78,0,North,Retail Store
103908,CUST00561,2024-06-15,Sports,3,1688.82,0.0,0.0,5066.46,5066.46,0,West,Online
103909,CUST00679,2025-08-25,Grocery,3,2514.48,0.05,377.17,7543.44,7166.27,0,East,Marketplace
103910,CUST00733,2025-09-07,Sports,5,4901.77,0.1,2450.88,24508.85,22057.97,0,South,Online
103911,CUST01121,2025-03-05,Grocery,5,402.58,0.0,0.0,2012.9,2012.9,0,Central,Marketplace
103912,CUST00752,2025-01-01,Apparel,4,2068.6,0.05,413.72,8274.4,7860.68,0,West,Mobile App
103913,CUST00412,2025-03-31,Sports,3,598.79,0.0,0.0,1796.37,1796.37,0,North,Retail Store
103914,CUST00385,2024-03-21,Apparel,2,4929.0,0.1,985.8,9858.0,8872.2,0,North,Marketplace
103915,CUST00865,2025-07-13,Sports,2,363.3,0.05,36.33,726.6,690.27,0,South,Marketplace
103916,CUST00376,2025-01-07,Grocery,3,1103.03,0.0,0.0,3309.09,3309.09,0,West,Online
103917,CUST00846,2025-03-06,Electronics,4,365.37,0.1,146.15,1461.48,-1315.33,1,West,Marketplace
103918,CUST00941,2024-01-07,Electronics,3,4904.92,0.0,0.0,14714.76,14714.76,0,South,Online
103919,CUST00359,2024-09-20,Sports,4,2104.66,0.05,420.93,8418.64,7997.71,0,North,Online
103920,CUST00520,2025-08-21,Grocery,1,4900.29,0.15,735.04,4900.29,4165.25,0,Central,Marketplace
103921,CUST00321,2024-07-17,Sports,3,4894.85,0.25,3671.14,14684.55,11013.41,0,West,Online
103922,CUST01183,2024-02-11,Beauty,5,1234.54,0.0,0.0,6172.7,-6172.7,1,West,Retail Store
103923,CUST00770,2024-11-11,Grocery,2,1175.31,0.1,235.06,2350.62,2115.56,0,Central,Marketplace
103924,CUST00624,2024-05-15,Grocery,4,3812.47,0.0,0.0,15249.88,15249.88,0,South,Online
103925,CUST00274,2024-12-30,Apparel,5,4381.18,0.0,0.0,21905.9,21905.9,0,South,Retail Store
103926,CUST00157,2025-04-02,Sports,5,2057.32,0.0,0.0,10286.6,10286.6,0,South,Marketplace
103927,CUST00962,2025-01-02,Grocery,5,1260.83,0.0,0.0,6304.15,-6304.15,1,West,Online
103928,CUST00746,2024-04-26,Sports,1,3565.45,0.0,0.0,3565.45,3565.45,0,North,Mobile App
103929,CUST00642,2024-10-21,Electronics,5,1548.05,0.0,0.0,7740.25,7740.25,0,North,Online
103930,CUST00484,2025-01-12,Grocery,4,4053.59,0.0,0.0,16214.36,16214.36,0,East,Online
103931,CUST00604,2025-02-08,Sports,4,4859.08,0.0,0.0,19436.32,19436.32,0,South,Mobile App
103932,CUST00416,2024-05-30,Home & Kitchen,5,373.53,0.0,0.0,1867.65,1867.65,0,Central,Marketplace
103933,CUST01189,2024-05-03,Home & Kitchen,5,3380.86,0.0,0.0,16904.3,16904.3,0,West,Marketplace
103934,CUST00402,2024-05-18,Electronics,2,2147.99,0.0,0.0,4295.98,4295.98,0,North,Marketplace
103935,CUST00714,2025-04-16,Home & Kitchen,4,389.4,0.25,389.4,1557.6,1168.2,0,West,Retail Store
103937,CUST00688,2025-05-23,Beauty,2,2064.39,0.15,619.32,4128.78,3509.46,0,South,Online
103939,CUST00148,2025-12-05,Home & Kitchen,4,3925.76,0.0,0.0,15703.04,15703.04,0,North,Online
103940,CUST00847,2025-04-02,Sports,4,4574.35,0.0,0.0,18297.4,18297.4,0,Central,Retail Store
103941,CUST01139,2025-10-03,Beauty,5,4325.39,0.1,2162.7,21626.95,19464.25,0,North,Online
103942,CUST00424,2024-07-25,Home & Kitchen,3,1306.59,0.0,0.0,3919.77,3919.77,0,Central,Retail Store
103943,CUST00161,2025-07-29,Apparel,5,2797.9,0.25,3497.38,13989.5,-10492.12,1,Central,Mobile App
103944,CUST00090,2024-10-26,Electronics,3,3976.15,0.0,0.0,11928.45,11928.45,0,South,Online
103945,CUST00820,2024-12-10,Electronics,2,3951.39,0.0,0.0,7902.78,7902.78,0,South,Online
103946,CUST00957,2025-02-09,Beauty,5,1957.51,0.05,489.38,9787.55,9298.17,0,South,Online
103947,CUST00653,2024-05-11,Grocery,3,1097.09,0.0,0.0,3291.27,3291.27,0,North,Online
103948,CUST00220,2024-12-13,Electronics,1,413.61,0.25,103.4,413.61,310.21,0,West,Retail Store
103949,CUST00760,2025-08-23,Home & Kitchen,2,4278.95,0.0,0.0,8557.9,8557.9,0,Central,Marketplace
103950,CUST00841,2024-03-10,Electronics,4,1476.11,0.0,0.0,5904.44,5904.44,0,Central,Marketplace
103951,CUST00191,2024-08-06,Sports,3,2437.04,0.4,2924.45,7311.12,4386.67,0,South,Online
103952,CUST00021,2024-08-20,Beauty,5,1748.82,0.0,0.0,8744.1,8744.1,0,South,Online
103953,CUST00990,2024-06-24,Electronics,1,3567.55,0.0,0.0,3567.55,3567.55,0,West,Marketplace
103954,CUST00973,2025-02-18,Home & Kitchen,3,356.74,0.0,0.0,1070.22,1070.22,0,East,Retail Store
103955,CUST01031,2025-04-05,Sports,5,471.29,0.0,0.0,2356.45,2356.45,0,North,Online
103956,CUST00958,2024-08-17,Electronics,1,416.37,0.0,0.0,416.37,416.37,0,North,Online
103957,CUST01086,2024-07-05,Apparel,4,2289.66,0.15,1373.8,9158.64,7784.84,0,South,Marketplace
103958,CUST00574,2025-01-10,Grocery,2,1604.68,0.0,0.0,3209.36,3209.36,0,South,Retail Store
103959,CUST01168,2024-08-07,Home & Kitchen,4,1582.68,0.0,0.0,6330.72,6330.72,0,East,Online
103960,CUST00274,2024-10-31,Apparel,4,3783.03,0.05,756.61,15132.12,14375.51,0,South,Retail Store
103961,CUST00568,2024-04-19,Home & Kitchen,2,496.73,0.0,0.0,993.46,993.46,0,North,Online
103962,CUST00275,2024-09-07,Home & Kitchen,5,2517.6,0.0,0.0,12588.0,12588.0,0,West,Online
103963,CUST00703,2025-04-14,Apparel,4,2881.72,0.0,0.0,11526.88,11526.88,0,North,Online
103964,CUST00855,2024-09-17,Electronics,5,3874.46,0.0,0.0,19372.3,19372.3,0,East,Online
103965,CUST00465,2024-09-13,Home & Kitchen,2,2448.11,0.1,489.62,4896.22,4406.6,0,West,Mobile App
103966,CUST01116,2025-09-27,Electronics,2,4837.86,0.05,483.79,9675.72,9191.93,0,North,Marketplace
103967,CUST01039,2025-06-05,Apparel,5,1197.3,0.0,0.0,5986.5,-5986.5,1,Central,Marketplace
103968,CUST00747,2024-07-16,Sports,5,4496.93,0.0,0.0,22484.65,22484.65,0,West,Online
103969,CUST00588,2024-09-02,Sports,1,0.0,0.0,0.0,0.0,0.0,0,West,Online
103970,CUST00609,2025-04-26,Beauty,2,1427.95,0.0,0.0,2855.9,2855.9,0,East,Marketplace
103971,CUST00838,2025-05-30,Beauty,1,367.39,0.0,0.0,367.39,-367.39,1,North,Marketplace
103972,CUST00634,2024-05-19,Grocery,2,446.72,0.0,0.0,893.44,893.44,0,Central,Online
103973,CUST00981,2024-06-23,Electronics,5,988.43,0.0,0.0,4942.15,-4942.15,1,West,Retail Store
103974,CUST00195,2024-10-05,Grocery,3,3260.8,0.25,2445.6,9782.4,7336.8,0,South,Online
103975,CUST01181,2025-10-11,Electronics,2,4640.11,0.15,1392.03,9280.22,7888.19,0,North,Online
103976,CUST00558,2025-03-12,Grocery,1,1395.5,0.0,0.0,1395.5,1395.5,0,North,Online
103977,CUST01154,2024-09-11,Electronics,2,398.69,0.0,0.0,797.38,797.38,0,South,Marketplace
103978,CUST00601,2024-06-13,Apparel,3,1998.36,0.0,0.0,5995.08,5995.08,0,West,Retail Store
103979,CUST00714,2024-11-07,Grocery,4,4220.88,0.0,0.0,16883.52,-16883.52,1,West,Retail Store
103980,CUST01073,2025-09-03,Grocery,2,1451.27,0.0,0.0,2902.54,2902.54,0,North,Retail Store
103981,CUST01120,2025-07-30,Electronics,3,2910.47,0.0,0.0,8731.41,8731.41,0,South,Online
103983,CUST00491,2024-11-10,Home & Kitchen,2,796.46,0.0,0.0,1592.92,1592.92,0,West,Marketplace
103984,CUST00627,2025-06-25,Electronics,3,2865.09,0.0,0.0,8595.27,8595.27,0,North,Mobile App
103985,CUST01164,2025-05-14,Apparel,1,1110.6,0.0,0.0,1110.6,1110.6,0,West,Online
103986,CUST01000,2024-07-22,Home & Kitchen,4,4926.38,0.0,0.0,19705.52,19705.52,0,West,Retail Store
103987,CUST01072,2025-06-05,Sports,1,2255.76,0.0,0.0,2255.76,-2255.76,1,East,Online
103988,CUST01109,2024-10-12,Home & Kitchen,3,1630.33,0.1,489.1,4890.99,4401.89,0,South,Online
103989,CUST00645,2024-05-30,Electronics,4,1376.6,0.0,0.0,5506.4,5506.4,0,West,Marketplace
103990,CUST01189,2024-06-11,Home & Kitchen,2,4517.97,0.0,0.0,9035.94,-9035.94,1,West,Marketplace
103991,CUST00722,2025-07-02,Apparel,4,4365.79,0.0,0.0,17463.16,-17463.16,1,Central,Marketplace
103992,CUST00132,2025-02-24,Apparel,2,4957.13,0.0,0.0,9914.26,9914.26,0,North,Online
103994,CUST00442,2024-06-25,Home & Kitchen,3,1546.13,0.0,0.0,4638.39,4638.39,0,West,Online
103995,CUST00189,2025-02-18,Sports,1,4168.31,0.05,208.42,4168.31,3959.89,0,Central,Online
103996,CUST00288,2024-02-29,Apparel,4,4642.61,0.25,4642.61,18570.44,13927.83,0,South,Online
103997,CUST00493,2024-08-23,Grocery,2,4270.95,0.0,0.0,8541.9,8541.9,0,West,Online
103998,CUST00514,2024-01-17,Sports,4,821.65,0.15,492.99,3286.6,2793.61,0,South,Online
103999,CUST01049,2024-01-20,Apparel,4,2425.96,0.0,0.0,9703.84,9703.84,0,Central,Online
104000,CUST00735,2024-05-18,Grocery,3,3398.49,0.25,2548.87,10195.47,7646.6,0,South,Marketplace
104001,CUST00888,2024-07-12,Sports,3,1592.94,0.0,0.0,4778.82,4778.82,0,North,Marketplace
104002,CUST00218,2025-07-13,Electronics,4,3955.8,0.0,0.0,15823.2,15823.2,0,East,Online
104003,CUST00903,2024-11-11,Electronics,2,1460.96,0.0,0.0,2921.92,2921.92,0,Central,Online
104004,CUST00879,2024-03-02,Electronics,1,3120.59,0.0,0.0,3120.59,3120.59,0,West,Retail Store
104006,CUST00352,2025-08-22,Home & Kitchen,2,608.88,0.15,182.66,1217.76,1035.1,0,Central,Marketplace
104007,CUST01001,2025-01-07,Home & Kitchen,5,959.42,0.0,0.0,4797.1,4797.1,0,West,Mobile App
104008,CUST00641,2024-12-18,Sports,2,848.76,0.1,169.75,1697.52,1527.77,0,South,Retail Store
104009,CUST00209,2025-06-30,Grocery,3,1147.19,0.0,0.0,3441.57,3441.57,0,South,Online
104010,CUST00212,2024-08-28,Beauty,3,3796.56,0.0,0.0,11389.68,11389.68,0,East,Retail Store
104012,CUST00937,2025-06-10,Apparel,5,4895.63,0.0,0.0,24478.15,24478.15,0,West,Retail Store
104013,CUST00761,2025-12-12,Home & Kitchen,5,2092.37,0.0,0.0,10461.85,10461.85,0,East,Online
104014,CUST00176,2024-12-09,Beauty,2,4903.72,0.05,490.37,9807.44,9317.07,0,West,Retail Store
104015,CUST00957,2025-09-15,Beauty,4,3561.35,0.0,0.0,14245.4,14245.4,0,South,Online
104016,CUST00814,2024-04-30,Grocery,3,1450.27,0.0,0.0,4350.81,4350.81,0,North,Retail Store
104017,CUST00746,2024-07-19,Grocery,3,1887.88,0.0,0.0,5663.64,5663.64,0,North,Mobile App
104018,CUST00028,2025-05-03,Home & Kitchen,4,1148.2,0.0,0.0,4592.8,4592.8,0,South,Online
104019,CUST00002,2025-08-03,Home & Kitchen,3,613.06,0.0,0.0,1839.18,1839.18,0,East,Online
104020,CUST00861,2024-04-05,Sports,1,3065.69,0.15,459.85,3065.69,-2605.84,1,West,Marketplace
104021,CUST01199,2024-08-25,Beauty,2,4931.71,0.0,0.0,9863.42,9863.42,0,East,Online
104022,CUST01193,2025-11-09,Beauty,4,338.02,0.0,0.0,1352.08,1352.08,0,East,Marketplace
104023,CUST01098,2025-09-30,Sports,1,4224.34,0.0,0.0,4224.34,4224.34,0,East,Marketplace
104024,CUST01010,2024-08-08,Sports,2,3531.03,0.15,1059.31,7062.06,6002.75,0,Central,Online
104025,CUST01191,2024-10-04,Sports,3,4934.37,0.0,0.0,14803.11,14803.11,0,South,Online
104026,CUST01064,2025-10-06,Sports,4,3784.93,0.0,0.0,15139.72,15139.72,0,North,Online
104027,CUST01154,2024-11-08,Grocery,3,3938.43,0.1,1181.53,11815.29,10633.76,0,South,Marketplace
104028,CUST00888,2024-10-18,Sports,2,4293.75,0.0,0.0,8587.5,8587.5,0,North,Marketplace
104029,CUST00389,2024-11-16,Grocery,2,3231.76,0.0,0.0,6463.52,6463.52,0,North,Marketplace
104030,CUST00705,2025-07-17,Electronics,5,3423.09,0.0,0.0,17115.45,-17115.45,1,Central,Retail Store
104031,CUST00209,2025-04-05,Home & Kitchen,4,1786.51,0.0,0.0,7146.04,7146.04,0,South,Online
104032,CUST01129,2025-07-19,Sports,3,779.75,0.0,0.0,2339.25,-2339.25,1,Central,Marketplace
104033,CUST00547,2024-05-16,Grocery,4,3713.81,0.0,0.0,14855.24,14855.24,0,West,Marketplace
104034,CUST00061,2024-11-10,Electronics,2,4903.55,0.0,0.0,9807.1,9807.1,0,West,Online
104035,CUST00432,2024-08-20,Home & Kitchen,1,1257.82,0.0,0.0,1257.82,-1257.82,1,Central,Online
104036,CUST00682,2024-08-21,Grocery,1,770.96,0.05,38.55,770.96,732.41,0,Central,Marketplace
104037,CUST00375,2025-02-16,Sports,1,2685.93,0.1,268.59,2685.93,2417.34,0,South,Online
104038,CUST00045,2025-05-10,Grocery,1,3484.8,0.0,0.0,3484.8,3484.8,0,North,Marketplace
104040,CUST00043,2024-12-15,Grocery,3,536.57,0.15,241.46,1609.71,-1368.25,1,East,Retail Store
104041,CUST00199,2024-02-22,Electronics,2,258.6,0.15,77.58,517.2,439.62,0,North,Online
104042,CUST00058,2025-06-11,Beauty,3,2669.57,0.0,0.0,8008.71,8008.71,0,Central,Retail Store
104043,CUST00535,2024-06-06,Grocery,2,2796.13,0.0,0.0,5592.26,5592.26,0,South,Mobile App
104044,CUST01130,2025-04-16,Electronics,1,1094.78,0.0,0.0,1094.78,1094.78,0,West,Retail Store
104045,CUST00317,2024-03-16,Beauty,1,1840.68,0.0,0.0,1840.68,1840.68,0,East,Online
104046,CUST00829,2025-04-20,Grocery,1,2976.48,0.0,0.0,2976.48,2976.48,0,North,Online
104047,CUST01112,2025-07-23,Apparel,1,504.87,0.0,0.0,504.87,504.87,0,Central,Online
104048,CUST00474,2025-08-27,Beauty,3,3401.36,0.0,0.0,10204.08,10204.08,0,East,Online
104049,CUST00873,2024-06-23,Apparel,1,287.86,0.0,0.0,287.86,287.86,0,North,Mobile App
104050,CUST00409,2024-10-10,Sports,2,2740.14,0.0,0.0,5480.28,5480.28,0,West,Online
104051,CUST00371,2024-10-15,Beauty,4,2837.8,0.05,567.56,11351.2,10783.64,0,South,Marketplace
104052,CUST00832,2025-01-26,Sports,4,4814.18,0.0,0.0,19256.72,19256.72,0,East,Marketplace
104053,CUST00130,2024-09-05,Grocery,5,2362.32,0.4,4724.64,11811.6,7086.96,0,East,Marketplace
104054,CUST01017,2025-02-21,Sports,3,266.32,0.0,0.0,798.96,798.96,0,West,Online
104055,CUST00690,2024-11-02,Sports,1,826.05,0.0,0.0,826.05,826.05,0,South,Online
104056,CUST00012,2025-08-01,Grocery,3,770.26,0.0,0.0,2310.78,2310.78,0,North,Online
104057,CUST00093,2024-06-03,Beauty,3,3960.02,0.0,0.0,11880.06,11880.06,0,North,Online
104058,CUST01015,2025-06-22,Sports,3,1554.08,0.1,466.22,4662.24,4196.02,0,East,Online
104059,CUST00029,2024-08-14,Home & Kitchen,1,3683.61,0.0,0.0,3683.61,3683.61,0,North,Marketplace
104060,CUST00928,2024-12-22,Grocery,4,2149.42,0.25,2149.42,8597.68,6448.26,0,West,Online
104061,CUST01183,2024-03-05,Grocery,5,4268.8,0.05,1067.2,21344.0,20276.8,0,West,Retail Store
104062,CUST00732,2024-07-25,Home & Kitchen,4,1167.05,0.0,0.0,4668.2,4668.2,0,North,Retail Store
104063,CUST00250,2024-08-25,Sports,5,4949.63,0.05,1237.41,24748.15,23510.74,0,Central,Marketplace
104064,CUST00003,2024-12-09,Home & Kitchen,5,4632.94,0.25,5791.18,23164.7,17373.52,0,South,Retail Store
104065,CUST00320,2025-03-09,Sports,4,2447.75,0.05,489.55,9791.0,9301.45,0,South,Marketplace
104066,CUST00863,2025-01-11,Beauty,1,1587.95,0.0,0.0,1587.95,1587.95,0,North,Retail Store
104067,CUST00608,2024-03-04,Electronics,4,2618.28,0.0,0.0,10473.12,-10473.12,1,South,Marketplace
104068,CUST00487,2024-06-01,Electronics,4,1152.01,0.15,691.21,4608.04,3916.83,0,Central,Retail Store
104069,CUST00832,2024-08-25,Apparel,3,791.8,0.05,118.77,2375.4,2256.63,0,East,Marketplace
104070,CUST00300,2025-03-07,Apparel,2,1798.37,0.0,0.0,3596.74,3596.74,0,West,Online
104071,CUST00010,2024-12-23,Sports,5,2839.12,0.1,1419.56,14195.6,12776.04,0,East,Mobile App
104072,CUST00521,2024-05-15,Sports,2,1530.17,0.1,306.03,3060.34,2754.31,0,South,Online
104073,CUST00906,2024-05-14,Apparel,2,4186.29,0.0,0.0,8372.58,8372.58,0,North,Online
104074,CUST01047,2024-11-06,Beauty,3,385.25,0.0,0.0,1155.75,1155.75,0,East,Marketplace
104075,CUST00641,2024-08-05,Grocery,5,2081.86,0.15,1561.39,10409.3,8847.91,0,South,Retail Store
104076,CUST00469,2024-11-27,Beauty,4,4653.87,0.1,1861.55,18615.48,16753.93,0,West,Retail Store
104077,CUST00566,2025-08-21,Electronics,2,3136.11,0.4,2508.89,6272.22,3763.33,0,Central,Marketplace
104078,CUST00931,2024-05-08,Grocery,5,932.11,0.0,0.0,4660.55,4660.55,0,Central,Online
104079,CUST00188,2025-05-30,Sports,3,2285.02,0.4,2742.02,6855.06,4113.04,0,North,Retail Store
104080,CUST00628,2025-08-23,Grocery,4,900.88,0.25,900.88,3603.52,2702.64,0,West,Marketplace
104081,CUST00578,2025-01-24,Sports,2,2290.77,0.0,0.0,4581.54,4581.54,0,East,Marketplace
104082,CUST01144,2024-01-14,Electronics,2,0.0,0.0,0.0,0.0,0.0,0,South,Online
104083,CUST00078,2025-08-10,Sports,1,3077.8,0.15,461.67,3077.8,2616.13,0,East,Marketplace
104084,CUST00026,2024-01-27,Electronics,2,287.08,0.0,0.0,574.16,574.16,0,East,Online
104085,CUST00046,2024-05-11,Electronics,4,0.0,0.0,0.0,0.0,0.0,0,North,Online
104086,CUST00386,2025-03-01,Apparel,3,1908.93,0.0,0.0,5726.79,5726.79,0,Central,Online
104087,CUST00919,2025-01-12,Home & Kitchen,4,4679.1,0.0,0.0,18716.4,18716.4,0,Central,Online
104088,CUST00764,2025-10-09,Beauty,4,248.26,0.0,0.0,993.04,993.04,0,Central,Online
104089,CUST00148,2025-06-19,Electronics,5,443.98,0.05,111.0,2219.9,2108.9,0,North,Online
104090,CUST00984,2024-06-02,Electronics,1,0.0,0.15,0.0,0.0,0.0,0,South,Retail Store
104091,CUST00486,2024-05-07,Home & Kitchen,5,1014.0,0.1,507.0,5070.0,4563.0,0,Central,Mobile App
104092,CUST00392,2024-10-05,Apparel,4,2119.4,0.05,423.88,8477.6,8053.72,0,South,Mobile App
104093,CUST01051,2025-06-15,Electronics,1,3707.31,0.0,0.0,3707.31,3707.31,0,East,Mobile App
104094,CUST00728,2024-08-15,Apparel,4,3521.49,0.0,0.0,14085.96,14085.96,0,Central,Online
104095,CUST01174,2025-01-22,Beauty,3,1832.53,0.0,0.0,5497.59,5497.59,0,West,Marketplace
104096,CUST01041,2024-07-13,Grocery,2,4856.89,0.0,0.0,9713.78,9713.78,0,West,Marketplace
104097,CUST00961,2025-07-03,Beauty,4,2625.84,0.1,1050.34,10503.36,9453.02,0,West,Retail Store
104098,CUST00068,2025-02-09,Electronics,2,2138.93,0.15,641.68,4277.86,3636.18,0,South,Retail Store
104099,CUST01041,2024-08-04,Grocery,1,648.08,0.05,32.4,648.08,615.68,0,West,Marketplace
104100,CUST00143,2025-01-07,Apparel,5,4502.93,0.1,2251.46,22514.65,-20263.19,1,West,Marketplace
104101,CUST00257,2024-08-05,Grocery,1,3103.74,0.0,0.0,3103.74,3103.74,0,West,Online
104102,CUST00831,2024-08-08,Home & Kitchen,3,2943.87,0.0,0.0,8831.61,8831.61,0,Central,Marketplace
104103,CUST00316,2024-09-24,Home & Kitchen,3,470.15,0.0,0.0,1410.45,1410.45,0,South,Online
104104,CUST00618,2025-01-18,Home & Kitchen,1,725.66,0.0,0.0,725.66,725.66,0,South,Online
104105,CUST00715,2024-09-03,Electronics,3,2944.1,0.0,0.0,8832.3,8832.3,0,West,Mobile App
104106,CUST00882,2025-01-23,Home & Kitchen,5,603.2,0.0,0.0,3016.0,3016.0,0,Central,Marketplace
104107,CUST00409,2024-10-15,Apparel,2,3543.24,0.0,0.0,7086.48,-7086.48,1,West,Online
104108,CUST00995,2024-10-21,Electronics,4,372.18,0.0,0.0,1488.72,1488.72,0,West,Marketplace
104109,CUST00233,2025-09-04,Apparel,4,3127.4,0.05,625.48,12509.6,11884.12,0,Central,Online
104110,CUST00605,2025-07-12,Beauty,1,3922.57,0.25,980.64,3922.57,2941.93,0,East,Retail Store
104111,CUST00360,2025-02-26,Sports,3,1165.69,0.0,0.0,3497.07,3497.07,0,North,Online
104112,CUST01106,2025-03-07,Electronics,4,1360.76,0.0,0.0,5443.04,5443.04,0,South,Mobile App
104113,CUST00674,2024-12-19,Grocery,4,1401.45,0.0,0.0,5605.8,5605.8,0,South,Online
104114,CUST00300,2024-07-03,Apparel,5,4356.5,0.0,0.0,21782.5,-21782.5,1,West,Online
104115,CUST00169,2024-11-01,Beauty,2,4698.18,0.0,0.0,9396.36,9396.36,0,North,Online
104116,CUST00842,2025-06-24,Apparel,5,1544.46,0.0,0.0,7722.3,7722.3,0,East,Online
104117,CUST00525,2025-05-24,Grocery,3,1865.39,0.1,559.62,5596.17,5036.55,0,West,Online
104118,CUST00617,2025-06-19,Sports,4,1635.58,0.25,1635.58,6542.32,4906.74,0,West,Online
104119,CUST00461,2025-01-05,Grocery,1,670.2,0.1,67.02,670.2,603.18,0,Central,Online
104120,CUST01099,2025-03-04,Grocery,4,2202.33,0.0,0.0,8809.32,8809.32,0,West,Marketplace
104121,CUST00368,2024-11-16,Home & Kitchen,3,4557.88,0.1,1367.36,13673.64,12306.28,0,East,Retail Store
104122,CUST00465,2024-08-11,Grocery,1,768.51,0.25,192.13,768.51,576.38,0,West,Mobile App
104123,CUST00606,2024-08-20,Beauty,2,526.33,0.25,263.17,1052.66,789.49,0,West,Marketplace
104124,CUST00343,2025-02-24,Beauty,1,4639.23,0.0,0.0,4639.23,4639.23,0,East,Online
104125,CUST00911,2025-08-21,Home & Kitchen,5,2092.48,0.0,0.0,10462.4,10462.4,0,Central,Marketplace
104126,CUST00419,2025-11-10,Grocery,3,2652.59,0.0,0.0,7957.77,7957.77,0,Central,Marketplace
104127,CUST00954,2025-09-26,Beauty,5,915.57,0.0,0.0,4577.85,4577.85,0,Central,Marketplace
104128,CUST00365,2025-01-31,Electronics,3,1405.42,0.0,0.0,4216.26,-4216.26,1,Central,Online
104129,CUST00018,2025-06-10,Sports,4,2385.38,0.0,0.0,9541.52,-9541.52,1,Central,Online
104130,CUST01175,2024-12-06,Sports,3,2088.81,0.0,0.0,6266.43,6266.43,0,West,Online
104131,CUST00435,2024-05-04,Home & Kitchen,3,4216.46,0.0,0.0,12649.38,12649.38,0,North,Online
104132,CUST00341,2024-10-12,Home & Kitchen,1,1267.68,0.0,0.0,1267.68,1267.68,0,West,Marketplace
104133,CUST00796,2025-06-06,Grocery,4,2061.1,0.0,0.0,8244.4,8244.4,0,South,Retail Store
104134,CUST00839,2025-03-08,Beauty,5,3447.35,0.05,861.84,17236.75,16374.91,0,East,Online
104135,CUST00089,2025-06-22,Sports,2,1563.45,0.1,312.69,3126.9,2814.21,0,South,Retail Store
104136,CUST01019,2025-05-29,Beauty,3,3126.5,0.0,0.0,9379.5,-9379.5,1,North,Retail Store
104137,CUST00536,2025-04-08,Sports,2,4722.39,0.0,0.0,9444.78,9444.78,0,East,Online
104138,CUST00814,2024-04-08,Sports,4,1654.93,0.05,330.99,6619.72,6288.73,0,North,Retail Store
104139,CUST00318,2025-02-07,Apparel,3,2228.46,0.0,0.0,6685.38,6685.38,0,South,Mobile App
104140,CUST00248,2025-06-29,Apparel,3,1645.3,0.05,246.8,4935.9,4689.1,0,East,Online
104141,CUST00059,2025-06-01,Beauty,4,4591.03,0.1,1836.41,18364.12,16527.71,0,West,Marketplace
104142,CUST01013,2024-05-26,Home & Kitchen,3,2887.39,0.15,1299.33,8662.17,7362.84,0,Central,Online
104143,CUST00361,2025-03-23,Sports,1,4818.44,0.0,0.0,4818.44,4818.44,0,East,Mobile App
104144,CUST00185,2025-10-29,Home & Kitchen,1,465.9,0.1,46.59,465.9,419.31,0,North,Retail Store
104145,CUST01134,2025-08-28,Electronics,2,4528.22,0.15,1358.47,9056.44,7697.97,0,North,Online
104146,CUST00893,2024-12-16,Home & Kitchen,1,2506.87,0.0,0.0,2506.87,2506.87,0,West,Marketplace
104147,CUST00616,2025-04-08,Home & Kitchen,5,2330.87,0.05,582.72,11654.35,-11071.63,1,West,Online
104149,CUST00474,2025-06-02,Beauty,2,3080.08,0.0,0.0,6160.16,6160.16,0,East,Online
104151,CUST00219,2024-08-17,Home & Kitchen,4,4263.45,0.0,0.0,17053.8,17053.8,0,North,Online
104152,CUST00392,2024-12-29,Beauty,3,4019.93,0.0,0.0,12059.79,12059.79,0,South,Mobile App
104153,CUST00811,2025-09-07,Apparel,2,3602.75,0.0,0.0,7205.5,7205.5,0,North,Marketplace
104154,CUST00005,2024-04-15,Grocery,5,2947.02,0.0,0.0,14735.1,14735.1,0,South,Marketplace
104155,CUST00014,2024-04-13,Home & Kitchen,4,2782.79,0.0,0.0,11131.16,11131.16,0,East,Marketplace
104156,CUST00686,2024-11-30,Electronics,1,0.0,0.0,0.0,0.0,0.0,0,South,Online
104157,CUST00492,2024-08-12,Beauty,3,4108.69,0.0,0.0,12326.07,12326.07,0,Central,Retail Store
104159,CUST00706,2025-10-22,Grocery,4,2199.77,0.0,0.0,8799.08,8799.08,0,Central,Online
104160,CUST00662,2025-03-01,Home & Kitchen,1,224.2,0.1,22.42,224.2,201.78,0,West,Online
104161,CUST00793,2024-11-27,Sports,1,278.21,0.15,41.73,278.21,236.48,0,Central,Online
104162,CUST00598,2024-12-29,Sports,5,2360.7,0.05,590.18,11803.5,11213.32,0,South,Retail Store
104163,CUST00005,2024-07-07,Electronics,1,3689.14,0.05,184.46,3689.14,-3504.68,1,South,Marketplace
104164,CUST00182,2024-10-17,Electronics,4,639.03,0.25,639.03,2556.12,1917.09,0,North,Retail Store
104165,CUST00912,2024-12-03,Beauty,1,4458.24,0.05,222.91,4458.24,4235.33,0,Central,Online
104166,CUST00053,2024-04-06,Apparel,5,3769.14,0.0,0.0,18845.7,18845.7,0,North,Online
104167,CUST00998,2025-03-12,Sports,5,1768.59,0.05,442.15,8842.95,8400.8,0,Central,Retail Store
104168,CUST00962,2025-08-06,Sports,4,3565.95,0.0,0.0,14263.8,14263.8,0,West,Online
104169,CUST00888,2025-03-13,Apparel,3,694.13,0.15,312.36,2082.39,1770.03,0,North,Marketplace
104170,CUST00773,2024-07-06,Home & Kitchen,4,3691.6,0.0,0.0,14766.4,14766.4,0,Central,Retail Store
104171,CUST00294,2024-09-02,Electronics,5,2688.98,0.1,1344.49,13444.9,-12100.41,1,Central,Online
104172,CUST01190,2025-01-23,Beauty,1,4011.14,0.1,401.11,4011.14,3610.03,0,North,Retail Store
104173,CUST00664,2024-01-17,Beauty,2,2320.77,0.25,1160.38,4641.54,3481.16,0,West,Mobile App
104174,CUST00734,2025-08-03,Beauty,5,496.27,0.0,0.0,2481.35,2481.35,0,East,Online
104175,CUST00166,2025-06-17,Grocery,1,1856.17,0.0,0.0,1856.17,-1856.17,1,North,Retail Store
104176,CUST00674,2024-11-29,Electronics,4,1616.0,0.0,0.0,6464.0,6464.0,0,South,Online
104177,CUST00075,2024-06-25,Apparel,1,3123.64,0.15,468.55,3123.64,2655.09,0,West,Mobile App
104178,CUST00047,2025-07-20,Beauty,5,2124.48,0.25,2655.6,10622.4,7966.8,0,South,Marketplace
104179,CUST00255,2025-03-01,Electronics,2,3870.8,0.15,1161.24,7741.6,6580.36,0,South,Marketplace
104180,CUST00903,2024-08-01,Electronics,2,1705.38,0.0,0.0,3410.76,3410.76,0,Central,Online
104181,CUST00342,2025-09-12,Apparel,5,2424.31,0.0,0.0,12121.55,12121.55,0,West,Mobile App
104182,CUST00741,2025-06-01,Apparel,3,1997.55,0.05,299.63,5992.65,5693.02,0,Central,Marketplace
104183,CUST01146,2024-08-15,Sports,4,1833.94,0.0,0.0,7335.76,7335.76,0,South,Online
104184,CUST00518,2024-11-25,Home & Kitchen,2,3382.98,0.0,0.0,6765.96,6765.96,0,North,Marketplace
104185,CUST00216,2024-05-31,Electronics,2,1324.6,0.1,264.92,2649.2,2384.28,0,South,Online
104186,CUST01180,2024-12-06,Beauty,5,4531.37,0.0,0.0,22656.85,22656.85,0,Central,Online
104187,CUST01038,2024-06-03,Electronics,2,3355.49,0.0,0.0,6710.98,6710.98,0,South,Mobile App
104188,CUST00638,2025-01-01,Home & Kitchen,5,2379.45,0.1,1189.73,11897.25,10707.52,0,North,Online
104189,CUST00023,2024-12-31,Home & Kitchen,5,4548.18,0.0,0.0,22740.9,22740.9,0,East,Marketplace
104190,CUST00263,2024-07-12,Home & Kitchen,2,1451.8,0.05,145.18,2903.6,2758.42,0,West,Marketplace
104191,CUST00166,2024-07-24,Apparel,2,3018.65,0.0,0.0,6037.3,6037.3,0,North,Retail Store
104192,CUST00149,2025-01-20,Grocery,2,460.15,0.0,0.0,920.3,920.3,0,West,Online
104193,CUST00614,2024-07-23,Electronics,1,2206.26,0.0,0.0,2206.26,2206.26,0,East,Marketplace
104194,CUST00012,2024-06-18,Grocery,5,3956.6,0.0,0.0,19783.0,19783.0,0,North,Online
104195,CUST00078,2025-07-21,Beauty,1,2476.17,0.0,0.0,2476.17,2476.17,0,East,Marketplace
104196,CUST01109,2024-11-25,Grocery,4,940.93,0.15,564.56,3763.72,3199.16,0,South,Online
104197,CUST00121,2024-09-05,Grocery,2,784.16,0.0,0.0,1568.32,1568.32,0,West,Marketplace
104198,CUST01166,2024-03-14,Beauty,2,2401.49,0.0,0.0,4802.98,4802.98,0,East,Marketplace
104200,CUST00429,2025-03-03,Home & Kitchen,4,4478.42,0.0,0.0,17913.68,17913.68,0,Central,Marketplace
104201,CUST00474,2025-12-01,Beauty,5,616.13,0.1,308.07,3080.65,2772.58,0,East,Online
104203,CUST00097,2025-10-24,Beauty,5,2405.4,0.0,0.0,12027.0,12027.0,0,Central,Marketplace
104204,CUST00957,2024-10-27,Home & Kitchen,2,3470.05,0.15,1041.02,6940.1,5899.08,0,South,Online
104205,CUST01184,2025-12-05,Grocery,5,3401.18,0.0,0.0,17005.9,17005.9,0,South,Marketplace
104206,CUST00700,2024-12-12,Beauty,1,943.74,0.0,0.0,943.74,943.74,0,West,Marketplace
104207,CUST00179,2025-08-04,Apparel,2,2844.66,0.0,0.0,5689.32,5689.32,0,South,Retail Store
104208,CUST00395,2024-09-23,Home & Kitchen,1,3461.83,0.0,0.0,3461.83,3461.83,0,North,Mobile App
104209,CUST00946,2025-05-04,Electronics,2,4879.49,0.0,0.0,9758.98,9758.98,0,North,Online
104210,CUST00101,2025-05-12,Grocery,2,304.57,0.0,0.0,609.14,609.14,0,South,Mobile App
104211,CUST00136,2025-07-25,Electronics,4,4174.36,0.0,0.0,16697.44,16697.44,0,East,Online
104212,CUST00415,2025-05-24,Beauty,1,3766.2,0.1,376.62,3766.2,3389.58,0,North,Online
104213,CUST00007,2024-08-04,Beauty,2,369.49,0.05,36.95,738.98,702.03,0,Central,Retail Store
104214,CUST01079,2025-07-04,Home & Kitchen,2,1051.72,0.1,210.34,2103.44,1893.1,0,West,Online
104215,CUST00421,2025-07-26,Grocery,3,1280.36,0.0,0.0,3841.08,-3841.08,1,East,Marketplace
104217,CUST00203,2024-08-04,Home & Kitchen,3,1551.6,0.25,1163.7,4654.8,3491.1,0,East,Retail Store
104218,CUST01005,2024-09-29,Apparel,4,1581.13,0.05,316.23,6324.52,6008.29,0,West,Marketplace
104219,CUST00286,2025-07-18,Home & Kitchen,2,1727.9,0.15,518.37,3455.8,2937.43,0,North,Online
104220,CUST00198,2024-11-24,Apparel,3,4598.33,0.05,689.75,13794.99,13105.24,0,West,Retail Store
104221,CUST00175,2024-08-20,Beauty,4,580.79,0.0,0.0,2323.16,2323.16,0,North,Retail Store
104222,CUST00897,2024-11-10,Apparel,3,2825.62,0.25,2119.22,8476.86,6357.64,0,West,Retail Store
104223,CUST01107,2025-10-06,Apparel,3,615.14,0.0,0.0,1845.42,-1845.42,1,North,Marketplace
104224,CUST00440,2025-08-08,Electronics,4,4321.8,0.0,0.0,17287.2,17287.2,0,Central,Marketplace
104225,CUST00794,2025-06-29,Apparel,3,4645.98,0.05,696.9,13937.94,13241.04,0,South,Online
104226,CUST00605,2025-06-08,Grocery,3,4549.85,0.0,0.0,13649.55,13649.55,0,East,Retail Store
104227,CUST01138,2024-08-27,Electronics,1,0.0,0.05,0.0,0.0,0.0,0,South,Online
104228,CUST00894,2025-03-05,Grocery,5,1572.65,0.0,0.0,7863.25,7863.25,0,South,Retail Store
104229,CUST00368,2024-11-02,Beauty,1,4345.16,0.0,0.0,4345.16,4345.16,0,East,Retail Store
104230,CUST00265,2024-10-04,Apparel,2,561.55,0.0,0.0,1123.1,1123.1,0,North,Online
104231,CUST00065,2025-04-11,Electronics,3,2603.15,0.0,0.0,7809.45,7809.45,0,North,Online
104232,CUST00889,2025-01-22,Sports,2,4590.25,0.0,0.0,9180.5,9180.5,0,South,Mobile App
104233,CUST00017,2025-02-10,Beauty,5,4386.14,0.05,1096.54,21930.7,-20834.16,1,East,Mobile App
104234,CUST00409,2024-09-26,Apparel,3,858.9,0.0,0.0,2576.7,2576.7,0,West,Online
104235,CUST00654,2025-09-20,Beauty,5,4801.65,0.0,0.0,24008.25,24008.25,0,Central,Retail Store
104236,CUST00660,2025-12-12,Electronics,2,2229.44,0.0,0.0,4458.88,4458.88,0,East,Online
104237,CUST00247,2024-11-28,Beauty,2,3000.31,0.0,0.0,6000.62,-6000.62,1,East,Online
104238,CUST00811,2024-09-04,Sports,3,3023.49,0.0,0.0,9070.47,9070.47,0,North,Marketplace
104239,CUST00967,2025-02-14,Beauty,2,1280.46,0.0,0.0,2560.92,2560.92,0,North,Online
104240,CUST00166,2024-05-03,Electronics,5,2587.9,0.0,0.0,12939.5,12939.5,0,North,Retail Store
104241,CUST00482,2025-07-03,Grocery,3,2545.23,0.0,0.0,7635.69,7635.69,0,West,Online
104242,CUST00531,2024-01-15,Apparel,2,2371.48,0.0,0.0,4742.96,4742.96,0,North,Marketplace
104243,CUST00959,2025-04-27,Grocery,4,4677.93,0.0,0.0,18711.72,18711.72,0,Central,Online
104244,CUST00724,2024-09-22,Sports,5,3903.22,0.0,0.0,19516.1,19516.1,0,South,Retail Store
104245,CUST00702,2025-01-02,Electronics,4,4301.36,0.0,0.0,17205.44,17205.44,0,East,Retail Store
104247,CUST00679,2025-11-02,Grocery,1,2713.37,0.05,135.67,2713.37,2577.7,0,East,Marketplace
104248,CUST00883,2025-03-02,Electronics,5,2164.6,0.0,0.0,10823.0,10823.0,0,Central,Marketplace
104249,CUST00480,2024-12-11,Home & Kitchen,5,808.61,0.0,0.0,4043.05,4043.05,0,West,Online
104250,CUST00011,2025-04-23,Electronics,3,3854.75,0.0,0.0,11564.25,-11564.25,1,West,Retail Store
104251,CUST00333,2024-05-11,Home & Kitchen,4,4379.92,0.0,0.0,17519.68,17519.68,0,East,Retail Store
104252,CUST00910,2024-09-18,Grocery,3,2255.76,0.4,2706.91,6767.28,4060.37,0,Central,Marketplace
104253,CUST00614,2024-08-27,Apparel,2,3329.11,0.0,0.0,6658.22,6658.22,0,East,Marketplace
104254,CUST00378,2024-03-30,Grocery,2,4649.62,0.05,464.96,9299.24,8834.28,0,Central,Retail Store
104255,CUST00365,2025-02-18,Sports,2,2311.8,0.05,231.18,4623.6,4392.42,0,Central,Online
104256,CUST00708,2025-04-19,Home & Kitchen,2,4341.16,0.0,0.0,8682.32,8682.32,0,Central,Mobile App
104257,CUST00313,2024-11-14,Home & Kitchen,4,3680.13,0.1,1472.05,14720.52,13248.47,0,West,Online
104258,CUST00380,2025-08-19,Sports,5,2692.67,0.0,0.0,13463.35,13463.35,0,South,Online
104259,CUST00480,2025-02-20,Home & Kitchen,5,2291.81,0.0,0.0,11459.05,11459.05,0,West,Online
104260,CUST00720,2024-01-08,Apparel,4,397.65,0.0,0.0,1590.6,1590.6,0,Central,Online
104261,CUST00523,2024-07-12,Home & Kitchen,3,4420.78,0.0,0.0,13262.34,13262.34,0,Central,Marketplace
104262,CUST00181,2025-05-28,Home & Kitchen,2,501.4,0.0,0.0,1002.8,1002.8,0,West,Online
104263,CUST00226,2025-02-12,Home & Kitchen,2,955.64,0.0,0.0,1911.28,1911.28,0,Central,Online
104264,CUST00418,2024-09-30,Beauty,1,3561.71,0.25,890.43,3561.71,2671.28,0,Central,Marketplace
104265,CUST00851,2025-06-14,Grocery,3,3958.87,0.0,0.0,11876.61,11876.61,0,West,Retail Store
104266,CUST01189,2024-02-22,Home & Kitchen,3,4976.16,0.05,746.42,14928.48,14182.06,0,West,Marketplace
104267,CUST01180,2025-07-10,Sports,1,3085.17,0.0,0.0,3085.17,3085.17,0,Central,Online
104268,CUST00999,2025-10-22,Sports,3,1154.37,0.0,0.0,3463.11,3463.11,0,South,Online
104269,CUST00297,2024-08-12,Grocery,4,4371.33,0.0,0.0,17485.32,17485.32,0,West,Retail Store
104270,CUST00466,2024-04-26,Grocery,2,1551.13,0.0,0.0,3102.26,-3102.26,1,Central,Retail Store
104271,CUST00613,2024-05-07,Sports,1,4051.37,0.0,0.0,4051.37,4051.37,0,North,Online
104272,CUST00327,2025-11-17,Sports,2,1436.79,0.0,0.0,2873.58,2873.58,0,West,Online
104273,CUST01025,2025-06-01,Beauty,4,844.64,0.0,0.0,3378.56,3378.56,0,East,Marketplace
104274,CUST01055,2025-03-06,Grocery,5,4395.03,0.0,0.0,21975.15,21975.15,0,East,Online
104275,CUST00532,2024-09-12,Sports,2,3759.43,0.0,0.0,7518.86,7518.86,0,Central,Online
104276,CUST00248,2025-06-04,Electronics,5,483.2,0.0,0.0,2416.0,2416.0,0,East,Online
104277,CUST01158,2025-06-17,Apparel,5,2665.05,0.0,0.0,13325.25,13325.25,0,North,Marketplace
104278,CUST00279,2025-02-28,Electronics,5,3066.04,0.0,0.0,15330.2,15330.2,0,South,Marketplace
104279,CUST00641,2024-12-07,Electronics,5,4383.81,0.15,3287.86,21919.05,18631.19,0,South,Retail Store
104280,CUST00496,2025-08-02,Beauty,4,1508.44,0.0,0.0,6033.76,6033.76,0,West,Online
104281,CUST00722,2025-06-29,Beauty,4,4945.05,0.0,0.0,19780.2,-19780.2,1,Central,Marketplace
104282,CUST00786,2024-03-03,Apparel,2,1728.01,0.0,0.0,3456.02,3456.02,0,North,Retail Store
104284,CUST01015,2025-02-17,Home & Kitchen,1,3145.29,0.0,0.0,3145.29,3145.29,0,East,Online
104285,CUST00451,2025-06-17,Home & Kitchen,3,2324.92,0.0,0.0,6974.76,6974.76,0,East,Marketplace
104286,CUST00486,2024-06-10,Apparel,1,3210.06,0.05,160.5,3210.06,3049.56,0,Central,Mobile App
104287,CUST00254,2025-11-23,Electronics,2,1259.06,0.0,0.0,2518.12,2518.12,0,Central,Mobile App
104288,CUST00029,2024-06-22,Electronics,2,4883.48,0.15,1465.04,9766.96,8301.92,0,North,Marketplace
104290,CUST00434,2024-10-03,Grocery,2,4963.23,0.1,992.65,9926.46,8933.81,0,North,Marketplace
104291,CUST01196,2024-05-28,Home & Kitchen,3,849.97,0.15,382.49,2549.91,2167.42,0,East,Online
104292,CUST01122,2024-12-14,Electronics,1,2629.0,0.05,131.45,2629.0,2497.55,0,East,Online
104293,CUST00592,2025-03-29,Beauty,1,3407.9,0.1,340.79,3407.9,3067.11,0,East,Online
104294,CUST00428,2024-09-03,Grocery,2,795.77,0.0,0.0,1591.54,1591.54,0,South,Marketplace
104295,CUST00001,2024-12-06,Beauty,5,948.51,0.1,474.26,4742.55,4268.29,0,Central,Mobile App
104296,CUST00616,2025-01-10,Sports,1,4959.63,0.0,0.0,4959.63,4959.63,0,West,Online
104297,CUST01049,2024-02-25,Apparel,3,2798.68,0.05,419.8,8396.04,7976.24,0,Central,Online
104298,CUST00855,2024-08-29,Beauty,2,4945.84,0.0,0.0,9891.68,9891.68,0,East,Online
104299,CUST00514,2024-03-08,Beauty,2,2638.77,0.25,1319.38,5277.54,3958.16,0,South,Online
104300,CUST00025,2025-01-22,Beauty,2,4585.0,0.0,0.0,9170.0,9170.0,0,Central,Online
104301,CUST00609,2025-08-05,Grocery,2,795.01,0.05,79.5,1590.02,1510.52,0,East,Marketplace
104302,CUST00542,2024-11-28,Sports,3,2544.88,0.0,0.0,7634.64,7634.64,0,West,Online
104303,CUST00394,2024-08-15,Grocery,3,2634.56,0.1,790.37,7903.68,7113.31,0,South,Retail Store
104304,CUST00948,2024-10-24,Sports,5,3128.78,0.0,0.0,15643.9,15643.9,0,East,Online
104305,CUST00684,2025-03-02,Home & Kitchen,3,2249.3,0.05,337.4,6747.9,6410.5,0,South,Retail Store
104306,CUST00616,2025-01-11,Beauty,5,1995.05,0.0,0.0,9975.25,9975.25,0,West,Online
104307,CUST00508,2025-06-25,Sports,3,0.0,0.0,0.0,0.0,0.0,0,West,Online
104308,CUST00098,2025-03-14,Apparel,2,4490.61,0.1,898.12,8981.22,8083.1,0,Central,Marketplace
104309,CUST00094,2025-06-02,Electronics,1,4683.44,0.0,0.0,4683.44,4683.44,0,East,Marketplace
104310,CUST00617,2025-06-22,Sports,4,2340.98,0.25,2340.98,9363.92,7022.94,0,West,Online
104311,CUST00323,2024-03-08,Apparel,1,4787.81,0.05,239.39,4787.81,4548.42,0,North,Online
104312,CUST00770,2024-05-25,Sports,5,2748.55,0.0,0.0,13742.75,13742.75,0,Central,Marketplace
104313,CUST00304,2024-05-11,Beauty,4,4298.02,0.0,0.0,17192.08,17192.08,0,North,Marketplace
104315,CUST00333,2024-08-16,Grocery,1,710.55,0.15,106.58,710.55,603.97,0,East,Retail Store
104316,CUST00233,2024-04-21,Grocery,5,2547.94,0.0,0.0,12739.7,12739.7,0,Central,Online
104318,CUST01053,2024-12-09,Electronics,4,3827.62,0.0,0.0,15310.48,15310.48,0,East,Retail Store
104319,CUST00787,2025-02-23,Beauty,1,2418.41,0.0,0.0,2418.41,2418.41,0,East,Online
104320,CUST00221,2025-03-18,Sports,1,4654.01,0.0,0.0,4654.01,4654.01,0,South,Marketplace
104322,CUST00325,2024-05-01,Home & Kitchen,4,3642.61,0.25,3642.61,14570.44,10927.83,0,West,Mobile App
104323,CUST00110,2025-01-14,Electronics,4,3880.34,0.0,0.0,15521.36,15521.36,0,Central,Mobile App
104324,CUST00741,2025-07-05,Grocery,2,4265.51,0.0,0.0,8531.02,8531.02,0,Central,Marketplace
104325,CUST01134,2025-03-05,Electronics,5,3871.41,0.4,7742.82,19357.05,11614.23,0,North,Online
104326,CUST00046,2024-06-19,Home & Kitchen,5,3795.25,0.15,2846.44,18976.25,16129.81,0,North,Online
104327,CUST00104,2025-07-21,Grocery,1,3127.89,0.1,312.79,3127.89,2815.1,0,East,Online
104328,CUST00370,2024-10-22,Home & Kitchen,4,0.0,0.15,0.0,0.0,0.0,0,North,Mobile App
104329,CUST00700,2025-06-18,Grocery,5,3349.0,0.15,2511.75,16745.0,14233.25,0,West,Marketplace
104330,CUST01061,2025-06-17,Sports,2,4280.26,0.0,0.0,8560.52,8560.52,0,Central,Online
104331,CUST00965,2024-06-09,Grocery,4,1502.98,0.1,601.19,6011.92,5410.73,0,South,Mobile App
104332,CUST00399,2024-11-20,Grocery,4,4696.68,0.25,4696.68,18786.72,14090.04,0,East,Online
104333,CUST00614,2024-09-05,Home & Kitchen,2,2189.3,0.0,0.0,4378.6,4378.6,0,East,Marketplace
104334,CUST00640,2024-08-15,Home & Kitchen,4,4128.53,0.0,0.0,16514.12,16514.12,0,West,Marketplace
104335,CUST00559,2024-07-14,Grocery,5,2521.21,0.0,0.0,12606.05,12606.05,0,Central,Retail Store
104336,CUST00096,2024-07-08,Grocery,5,4348.12,0.0,0.0,21740.6,21740.6,0,North,Marketplace
104337,CUST00353,2024-04-26,Grocery,4,832.11,0.15,499.27,3328.44,2829.17,0,North,Marketplace
104338,CUST00043,2025-03-24,Sports,1,2938.54,0.15,440.78,2938.54,2497.76,0,East,Retail Store
104339,CUST01015,2025-03-09,Grocery,3,499.79,0.1,149.94,1499.37,1349.43,0,East,Online
104340,CUST00176,2024-12-01,Sports,3,3734.68,0.0,0.0,11204.04,11204.04,0,West,Retail Store
104341,CUST00579,2025-02-05,Sports,4,1429.39,0.0,0.0,5717.56,5717.56,0,West,Online
104342,CUST00945,2024-07-03,Beauty,5,4848.65,0.0,0.0,24243.25,24243.25,0,East,Online
104343,CUST00066,2024-10-31,Sports,3,4205.89,0.1,1261.77,12617.67,11355.9,0,West,Online
104344,CUST00668,2025-09-27,Home & Kitchen,3,2349.54,0.0,0.0,7048.62,7048.62,0,West,Marketplace
104346,CUST00666,2025-10-16,Sports,3,3911.23,0.0,0.0,11733.69,11733.69,0,East,Retail Store
104347,CUST00402,2024-04-24,Sports,1,4601.14,0.1,460.11,4601.14,4141.03,0,North,Marketplace
104349,CUST00233,2024-05-10,Apparel,2,883.56,0.0,0.0,1767.12,1767.12,0,Central,Online
104350,CUST00382,2024-09-03,Electronics,1,3020.84,0.0,0.0,3020.84,3020.84,0,West,Mobile App
104351,CUST00619,2025-02-15,Home & Kitchen,5,1455.04,0.0,0.0,7275.2,7275.2,0,West,Online
104353,CUST00689,2024-08-19,Electronics,1,883.72,0.0,0.0,883.72,883.72,0,West,Online
104354,CUST00951,2025-02-05,Beauty,5,826.27,0.1,413.14,4131.35,3718.21,0,East,Mobile App
104355,CUST01044,2025-06-25,Grocery,2,1170.11,0.05,117.01,2340.22,-2223.21,1,South,Online
104356,CUST00131,2025-07-12,Beauty,5,3593.49,0.0,0.0,17967.45,17967.45,0,West,Retail Store
104357,CUST00049,2025-09-04,Electronics,5,591.82,0.4,1183.64,2959.1,1775.46,0,Central,Marketplace
104358,CUST00782,2025-05-20,Sports,4,2515.02,0.05,503.0,10060.08,9557.08,0,South,Marketplace
104359,CUST00120,2024-12-23,Beauty,4,3278.23,0.0,0.0,13112.92,13112.92,0,South,Marketplace
104360,CUST00698,2025-06-05,Grocery,1,572.63,0.05,28.63,572.63,544.0,0,North,Mobile App
104361,CUST00136,2025-10-07,Apparel,4,4425.43,0.0,0.0,17701.72,17701.72,0,East,Online
104362,CUST01195,2025-01-23,Home & Kitchen,3,3315.34,0.25,2486.5,9946.02,7459.52,0,North,Online
104363,CUST00230,2025-08-09,Sports,2,2384.88,0.0,0.0,4769.76,4769.76,0,South,Mobile App
104364,CUST01189,2024-06-29,Grocery,3,1464.71,0.05,219.71,4394.13,4174.42,0,West,Marketplace
104365,CUST01030,2024-11-24,Sports,5,1823.55,0.15,1367.66,9117.75,7750.09,0,North,Online
104366,CUST00544,2025-02-14,Grocery,3,1733.71,0.25,1300.28,5201.13,3900.85,0,North,Marketplace
104367,CUST00880,2024-03-25,Electronics,5,2887.5,0.0,0.0,14437.5,14437.5,0,East,Online
104368,CUST00705,2025-08-05,Electronics,1,2909.21,0.0,0.0,2909.21,2909.21,0,Central,Retail Store
104369,CUST00698,2024-11-18,Apparel,3,618.26,0.0,0.0,1854.78,1854.78,0,North,Mobile App
104370,CUST01103,2024-06-10,Beauty,4,2620.42,0.0,0.0,10481.68,10481.68,0,North,Online
104371,CUST00759,2025-11-05,Beauty,4,3309.33,0.0,0.0,13237.32,13237.32,0,West,Online
104372,CUST00752,2024-05-17,Grocery,3,4615.65,0.25,3461.74,13846.95,10385.21,0,West,Mobile App
104373,CUST00139,2025-02-04,Sports,1,2041.63,0.25,510.41,2041.63,1531.22,0,East,Online
104375,CUST00907,2024-05-23,Beauty,1,2677.02,0.0,0.0,2677.02,2677.02,0,West,Online
104376,CUST00666,2025-05-22,Beauty,1,3644.69,0.0,0.0,3644.69,3644.69,0,East,Retail Store
104377,CUST01152,2025-06-25,Electronics,1,2546.84,0.0,0.0,2546.84,2546.84,0,South,Retail Store
104378,CUST00935,2025-08-27,Grocery,3,4601.02,0.0,0.0,13803.06,13803.06,0,East,Online
104379,CUST00821,2024-03-31,Apparel,4,1671.13,0.0,0.0,6684.52,6684.52,0,South,Online
104380,CUST00799,2025-09-06,Home & Kitchen,2,1756.83,0.0,0.0,3513.66,3513.66,0,South,Marketplace
104381,CUST00303,2024-11-21,Electronics,4,4762.55,0.05,952.51,19050.2,18097.69,0,East,Online
104382,CUST01165,2025-04-17,Apparel,5,1243.07,0.0,0.0,6215.35,6215.35,0,West,Online
104383,CUST01133,2025-08-29,Sports,5,1573.86,0.0,0.0,7869.3,7869.3,0,North,Online
104384,CUST00383,2025-08-05,Grocery,3,3975.04,0.0,0.0,11925.12,11925.12,0,South,Marketplace
104385,CUST01197,2024-03-25,Home & Kitchen,5,1746.47,0.0,0.0,8732.35,8732.35,0,South,Marketplace
104386,CUST00298,2024-08-03,Grocery,3,915.56,0.25,686.67,2746.68,2060.01,0,Central,Marketplace
104387,CUST00090,2024-08-22,Beauty,1,1928.95,0.0,0.0,1928.95,1928.95,0,South,Online
104388,CUST00746,2024-02-08,Electronics,3,605.49,0.0,0.0,1816.47,1816.47,0,North,Mobile App
104389,CUST00546,2024-07-04,Beauty,5,3108.86,0.0,0.0,15544.3,15544.3,0,East,Mobile App
104390,CUST00174,2024-10-05,Apparel,4,3070.81,0.05,614.16,12283.24,11669.08,0,West,Retail Store
104391,CUST00436,2024-07-31,Apparel,3,2899.44,0.1,869.83,8698.32,7828.49,0,Central,Online
104392,CUST01004,2025-02-02,Electronics,5,2449.08,0.0,0.0,12245.4,12245.4,0,East,Online
104393,CUST00377,2025-05-31,Sports,3,2075.82,0.0,0.0,6227.46,6227.46,0,West,Online
104394,CUST00697,2024-11-14,Beauty,2,234.71,0.0,0.0,469.42,469.42,0,West,Online
104395,CUST00967,2024-07-29,Sports,1,4923.8,0.0,0.0,4923.8,-4923.8,1,North,Online
104396,CUST00552,2025-05-10,Electronics,1,1597.91,0.0,0.0,1597.91,1597.91,0,North,Marketplace
104397,CUST00049,2025-03-24,Grocery,2,1787.03,0.0,0.0,3574.06,3574.06,0,Central,Marketplace
104398,CUST01053,2024-12-29,Apparel,4,4563.12,0.0,0.0,18252.48,18252.48,0,East,Retail Store
104399,CUST00736,2024-10-10,Grocery,4,4773.57,0.05,954.71,19094.28,18139.57,0,Central,Marketplace
104400,CUST00186,2025-08-30,Beauty,2,605.49,0.1,121.1,1210.98,1089.88,0,North,Marketplace
104401,CUST00255,2025-03-28,Apparel,4,1822.72,0.0,0.0,7290.88,7290.88,0,South,Marketplace
104402,CUST00602,2024-08-14,Grocery,3,1872.02,0.1,561.61,5616.06,5054.45,0,East,Online
104403,CUST00889,2024-09-27,Sports,5,4479.24,0.0,0.0,22396.2,22396.2,0,South,Mobile App
104404,CUST00002,2025-10-04,Beauty,1,3593.36,0.0,0.0,3593.36,-3593.36,1,East,Online
104405,CUST00503,2025-02-06,Beauty,5,269.76,0.0,0.0,1348.8,1348.8,0,Central,Retail Store
104406,CUST00850,2024-07-18,Electronics,2,2614.34,0.0,0.0,5228.68,5228.68,0,East,Online
104407,CUST00613,2024-05-07,Home & Kitchen,5,4051.99,0.1,2026.0,20259.95,18233.95,0,North,Online
104408,CUST00322,2025-02-17,Electronics,4,3856.01,0.0,0.0,15424.04,15424.04,0,North,Retail Store
104409,CUST01185,2025-04-06,Grocery,3,327.93,0.0,0.0,983.79,983.79,0,North,Marketplace
104411,CUST00216,2024-08-28,Home & Kitchen,1,4003.26,0.0,0.0,4003.26,4003.26,0,South,Online
104412,CUST01165,2025-05-17,Apparel,2,4999.71,0.0,0.0,9999.42,9999.42,0,West,Online
104413,CUST00948,2024-11-04,Sports,4,2810.09,0.25,2810.09,11240.36,8430.27,0,East,Online
104415,CUST00753,2025-01-06,Home & Kitchen,5,1808.95,0.05,452.24,9044.75,8592.51,0,Central,Mobile App
104416,CUST00412,2025-04-30,Electronics,5,1702.88,0.0,0.0,8514.4,8514.4,0,North,Retail Store
104417,CUST00895,2025-10-20,Grocery,5,589.5,0.4,1179.0,2947.5,1768.5,0,North,Mobile App
104418,CUST00555,2025-05-17,Grocery,1,728.16,0.15,109.22,728.16,618.94,0,South,Online
104420,CUST00202,2025-10-11,Apparel,1,1188.99,0.0,0.0,1188.99,1188.99,0,East,Online
104421,CUST00771,2025-05-18,Sports,4,0.0,0.0,0.0,0.0,0.0,0,South,Online
104422,CUST00712,2025-08-17,Apparel,1,808.91,0.0,0.0,808.91,808.91,0,West,Mobile App
104423,CUST01020,2025-06-25,Sports,4,1145.45,0.05,229.09,4581.8,4352.71,0,South,Retail Store
104425,CUST00452,2025-12-17,Grocery,5,2324.75,0.0,0.0,11623.75,11623.75,0,East,Marketplace
104426,CUST00912,2024-08-16,Apparel,2,4341.31,0.0,0.0,8682.62,8682.62,0,Central,Online
104427,CUST00637,2024-09-01,Electronics,5,3250.68,0.0,0.0,16253.4,16253.4,0,North,Online
104428,CUST00632,2025-06-09,Home & Kitchen,4,4750.6,0.0,0.0,19002.4,19002.4,0,West,Marketplace
104429,CUST00621,2024-08-24,Apparel,1,1335.09,0.0,0.0,1335.09,1335.09,0,Central,Retail Store
104430,CUST00162,2024-11-22,Apparel,4,1900.88,0.0,0.0,7603.52,7603.52,0,South,Marketplace
104431,CUST00198,2024-10-24,Electronics,5,4420.45,0.0,0.0,22102.25,22102.25,0,West,Retail Store
104432,CUST01191,2024-12-09,Sports,1,4070.71,0.15,610.61,4070.71,-3460.1,1,South,Online
104433,CUST00497,2025-03-17,Grocery,1,229.82,0.4,91.93,229.82,137.89,0,East,Marketplace
104434,CUST00200,2024-10-03,Electronics,3,3538.27,0.0,0.0,10614.81,10614.81,0,East,Retail Store
104435,CUST00448,2024-07-10,Apparel,1,2770.84,0.05,138.54,2770.84,2632.3,0,East,Marketplace
104436,CUST00799,2025-02-23,Grocery,2,327.36,0.0,0.0,654.72,654.72,0,South,Marketplace
104437,CUST00320,2024-09-14,Home & Kitchen,5,2408.1,0.15,1806.08,12040.5,10234.42,0,South,Marketplace
104438,CUST00357,2025-01-05,Grocery,5,2235.28,0.0,0.0,11176.4,11176.4,0,East,Online
104439,CUST00813,2024-08-10,Grocery,1,1343.67,0.15,201.55,1343.67,1142.12,0,North,Online
104440,CUST00788,2025-04-04,Electronics,2,3370.79,0.1,674.16,6741.58,6067.42,0,North,Retail Store
104441,CUST01158,2025-08-04,Apparel,5,1849.1,0.0,0.0,9245.5,9245.5,0,North,Marketplace
104442,CUST00460,2024-04-20,Home & Kitchen,3,4321.01,0.0,0.0,12963.03,12963.03,0,West,Online
104443,CUST00677,2025-08-18,Electronics,1,3774.38,0.15,566.16,3774.38,3208.22,0,East,Online
104444,CUST01114,2024-04-30,Sports,5,799.88,0.0,0.0,3999.4,3999.4,0,South,Marketplace
104445,CUST00947,2025-01-13,Grocery,4,1995.21,0.0,0.0,7980.84,7980.84,0,West,Mobile App
104446,CUST00821,2024-10-17,Grocery,4,3780.07,0.0,0.0,15120.28,15120.28,0,South,Online
104447,CUST00324,2025-06-05,Electronics,2,3328.46,0.25,1664.23,6656.92,4992.69,0,Central,Retail Store
104448,CUST00222,2025-05-21,Beauty,5,683.04,0.0,0.0,3415.2,3415.2,0,East,Retail Store
104449,CUST00251,2025-02-25,Home & Kitchen,3,647.68,0.05,97.15,1943.04,1845.89,0,North,Online
104450,CUST00353,2024-05-14,Apparel,2,2482.98,0.0,0.0,4965.96,4965.96,0,North,Marketplace
104451,CUST00504,2025-03-29,Electronics,5,3420.66,0.0,0.0,17103.3,17103.3,0,West,Online
104452,CUST00990,2025-06-23,Apparel,3,1136.61,0.0,0.0,3409.83,3409.83,0,West,Marketplace
104453,CUST00837,2024-07-07,Electronics,5,1899.15,0.25,2373.94,9495.75,7121.81,0,Central,Mobile App
104454,CUST00512,2025-09-17,Apparel,5,3806.69,0.05,951.67,19033.45,18081.78,0,South,Marketplace
104455,CUST00753,2025-06-24,Electronics,4,4532.97,0.0,0.0,18131.88,18131.88,0,Central,Mobile App
104456,CUST00200,2024-09-23,Sports,2,4272.81,0.0,0.0,8545.62,8545.62,0,East,Retail Store
104457,CUST01023,2025-06-18,Sports,2,4546.67,0.05,454.67,9093.34,8638.67,0,East,Online
104458,CUST00694,2025-01-20,Apparel,4,0.0,0.25,0.0,0.0,0.0,0,North,Marketplace
104459,CUST00769,2025-05-07,Home & Kitchen,3,2677.86,0.0,0.0,8033.58,8033.58,0,Central,Online
104460,CUST00975,2024-10-05,Beauty,1,560.68,0.0,0.0,560.68,560.68,0,East,Online
104461,CUST00853,2025-08-30,Sports,4,960.54,0.0,0.0,3842.16,3842.16,0,East,Marketplace
104462,CUST01082,2025-08-05,Sports,5,2173.45,0.0,0.0,10867.25,10867.25,0,North,Online
104463,CUST00871,2024-10-12,Apparel,4,4908.17,0.05,981.63,19632.68,18651.05,0,North,Online
104464,CUST00306,2024-11-05,Grocery,5,3442.82,0.1,1721.41,17214.1,15492.69,0,West,Online
104465,CUST00181,2025-08-04,Sports,3,1058.3,0.15,476.24,3174.9,2698.66,0,West,Online
104466,CUST01063,2024-11-17,Apparel,2,1396.72,0.0,0.0,2793.44,2793.44,0,West,Online
104467,CUST00001,2024-09-06,Beauty,5,2821.84,0.0,0.0,14109.2,14109.2,0,Central,Mobile App
104468,CUST00956,2025-03-19,Grocery,2,1826.29,0.15,547.89,3652.58,-3104.69,1,East,Online
104469,CUST00245,2025-12-07,Sports,3,749.72,0.0,0.0,2249.16,2249.16,0,West,Online
104470,CUST01053,2024-12-12,Beauty,5,892.1,0.0,0.0,4460.5,4460.5,0,East,Retail Store
104471,CUST01092,2024-12-31,Electronics,5,4210.71,0.25,5263.39,21053.55,15790.16,0,North,Online
104472,CUST00100,2025-07-22,Home & Kitchen,3,2577.91,0.15,1160.06,7733.73,6573.67,0,West,Online
104473,CUST01167,2024-06-19,Electronics,3,4231.86,0.0,0.0,12695.58,12695.58,0,South,Online
104474,CUST01065,2025-07-25,Home & Kitchen,2,2279.19,0.15,683.76,4558.38,3874.62,0,Central,Retail Store
104475,CUST00727,2025-07-09,Sports,2,4369.3,0.15,1310.79,8738.6,7427.81,0,East,Online
104476,CUST00352,2025-09-12,Electronics,2,4221.68,0.25,2110.84,8443.36,6332.52,0,Central,Marketplace
104477,CUST00566,2024-02-06,Home & Kitchen,1,907.67,0.0,0.0,907.67,907.67,0,Central,Marketplace
104478,CUST00501,2024-11-07,Home & Kitchen,2,3233.96,0.0,0.0,6467.92,6467.92,0,South,Marketplace
104479,CUST00221,2025-05-01,Sports,4,3003.88,0.05,600.78,12015.52,11414.74,0,South,Marketplace
104480,CUST00407,2025-05-16,Grocery,1,3917.9,0.0,0.0,3917.9,3917.9,0,North,Marketplace
104481,CUST00399,2025-03-22,Sports,3,3166.12,0.15,1424.75,9498.36,8073.61,0,East,Online
104482,CUST00671,2025-06-09,Home & Kitchen,5,2832.8,0.4,5665.6,14164.0,8498.4,0,South,Online
104483,CUST00311,2025-05-31,Grocery,1,4113.79,0.0,0.0,4113.79,4113.79,0,North,Online
104484,CUST00303,2025-02-04,Sports,2,4821.01,0.05,482.1,9642.02,9159.92,0,East,Online
104485,CUST00403,2025-01-07,Apparel,1,2731.51,0.0,0.0,2731.51,2731.51,0,North,Online
104486,CUST00783,2024-08-27,Electronics,1,4429.55,0.0,0.0,4429.55,4429.55,0,Central,Online
104487,CUST00628,2025-08-31,Home & Kitchen,5,547.48,0.4,1094.96,2737.4,1642.44,0,West,Marketplace
104488,CUST00945,2024-08-07,Beauty,1,812.63,0.1,81.26,812.63,731.37,0,East,Online
104489,CUST00295,2024-07-30,Sports,5,2915.13,0.0,0.0,14575.65,14575.65,0,Central,Retail Store
104490,CUST01199,2024-12-05,Home & Kitchen,3,1967.75,0.15,885.49,5903.25,5017.76,0,East,Online
104491,CUST00201,2025-02-02,Grocery,5,1812.13,0.0,0.0,9060.65,9060.65,0,Central,Online
104492,CUST01178,2025-02-22,Home & Kitchen,3,1879.96,0.0,0.0,5639.88,5639.88,0,West,Retail Store
104493,CUST00988,2024-12-03,Home & Kitchen,2,1442.57,0.25,721.28,2885.14,2163.86,0,South,Online
104494,CUST01004,2024-02-20,Apparel,1,2082.47,0.1,208.25,2082.47,-1874.22,1,East,Online
104495,CUST00783,2024-11-05,Apparel,5,4037.89,0.0,0.0,20189.45,20189.45,0,Central,Online
104496,CUST00877,2024-06-10,Grocery,5,4637.06,0.05,1159.27,23185.3,22026.03,0,Central,Retail Store
104497,CUST01008,2025-09-22,Grocery,2,3913.63,0.0,0.0,7827.26,7827.26,0,North,Online
104498,CUST01192,2024-07-23,Apparel,5,593.87,0.0,0.0,2969.35,2969.35,0,West,Marketplace
104499,CUST01153,2024-05-25,Home & Kitchen,2,2580.07,0.0,0.0,5160.14,5160.14,0,North,Marketplace
104500,CUST00233,2024-04-06,Home & Kitchen,1,2527.35,0.0,0.0,2527.35,2527.35,0,Central,Online
104501,CUST00258,2024-02-17,Electronics,3,1860.15,0.0,0.0,5580.45,5580.45,0,Central,Retail Store
104503,CUST00555,2025-11-12,Beauty,3,656.66,0.0,0.0,1969.98,-1969.98,1,South,Online
104504,CUST00543,2024-03-31,Home & Kitchen,3,2067.48,0.0,0.0,6202.44,6202.44,0,South,Online
104505,CUST00986,2025-02-20,Grocery,4,1972.93,0.0,0.0,7891.72,7891.72,0,Central,Mobile App
104507,CUST00262,2024-12-05,Electronics,3,1099.11,0.0,0.0,3297.33,3297.33,0,West,Retail Store
104508,CUST00441,2024-08-12,Electronics,5,744.9,0.1,372.45,3724.5,3352.05,0,East,Marketplace
104509,CUST00173,2025-01-31,Grocery,5,2103.07,0.15,1577.3,10515.35,8938.05,0,North,Online
104510,CUST00793,2024-12-03,Grocery,2,4010.94,0.1,802.19,8021.88,7219.69,0,Central,Online
104511,CUST00001,2024-04-20,Home & Kitchen,4,4615.19,0.1,1846.08,18460.76,16614.68,0,Central,Mobile App
104512,CUST00556,2024-09-09,Home & Kitchen,4,3070.48,0.0,0.0,12281.92,12281.92,0,North,Mobile App
104513,CUST00408,2025-06-22,Grocery,3,3666.59,0.0,0.0,10999.77,10999.77,0,South,Mobile App
104514,CUST00693,2024-02-05,Grocery,5,3793.97,0.0,0.0,18969.85,18969.85,0,South,Marketplace
104515,CUST00826,2025-06-02,Electronics,5,3361.13,0.05,840.28,16805.65,15965.37,0,South,Marketplace
104516,CUST00620,2024-09-21,Electronics,2,0.0,0.0,0.0,0.0,0.0,0,Central,Marketplace
104517,CUST00130,2024-09-16,Home & Kitchen,5,3245.91,0.0,0.0,16229.55,16229.55,0,East,Marketplace
104518,CUST00672,2024-02-20,Electronics,3,1174.84,0.0,0.0,3524.52,-3524.52,1,West,Retail Store
104519,CUST00226,2024-09-10,Apparel,2,2690.11,0.25,1345.06,5380.22,4035.16,0,Central,Online
104520,CUST00280,2025-05-25,Electronics,5,2835.33,0.25,3544.16,14176.65,10632.49,0,Central,Marketplace
104521,CUST00903,2025-05-25,Home & Kitchen,1,3876.64,0.0,0.0,3876.64,3876.64,0,Central,Online
104522,CUST00299,2024-05-25,Beauty,5,2124.67,0.0,0.0,10623.35,10623.35,0,North,Marketplace
104523,CUST00832,2024-10-27,Grocery,3,4721.95,0.0,0.0,14165.85,14165.85,0,East,Marketplace
104524,CUST00630,2025-11-17,Beauty,5,2626.01,0.0,0.0,13130.05,-13130.05,1,East,Marketplace
104525,CUST00387,2025-02-22,Grocery,2,3931.49,0.25,1965.74,7862.98,5897.24,0,Central,Marketplace
104526,CUST01026,2024-09-09,Apparel,1,893.12,0.0,0.0,893.12,-893.12,1,East,Marketplace
104527,CUST00622,2024-04-29,Grocery,2,1156.52,0.0,0.0,2313.04,2313.04,0,Central,Online
104528,CUST00789,2025-01-18,Electronics,4,4860.34,0.1,1944.14,19441.36,17497.22,0,West,Online
104529,CUST00977,2025-06-24,Apparel,1,3199.98,0.0,0.0,3199.98,3199.98,0,South,Mobile App
104530,CUST01173,2025-05-01,Sports,4,232.79,0.1,93.12,931.16,-838.04,1,South,Online
104531,CUST00826,2024-12-25,Sports,1,1284.01,0.0,0.0,1284.01,1284.01,0,South,Marketplace
104532,CUST00962,2025-07-15,Electronics,4,1006.56,0.25,1006.56,4026.24,3019.68,0,West,Online
104533,CUST00701,2025-07-23,Beauty,1,3025.43,0.4,1210.17,3025.43,1815.26,0,East,Mobile App
104534,CUST00527,2024-10-27,Grocery,5,4135.78,0.05,1033.95,20678.9,19644.95,0,South,Online
104535,CUST01107,2025-08-03,Beauty,4,2467.14,0.25,2467.14,9868.56,7401.42,0,North,Marketplace
104536,CUST00497,2025-05-17,Home & Kitchen,1,3025.92,0.0,0.0,3025.92,3025.92,0,East,Marketplace
104537,CUST00737,2024-04-11,Electronics,3,4523.41,0.05,678.51,13570.23,12891.72,0,North,Online
104538,CUST00730,2024-12-16,Grocery,1,3790.02,0.0,0.0,3790.02,3790.02,0,South,Mobile App
104539,CUST00284,2025-12-12,Beauty,1,2220.14,0.0,0.0,2220.14,2220.14,0,South,Marketplace
104541,CUST01115,2025-05-23,Sports,1,4616.0,0.1,461.6,4616.0,4154.4,0,West,Marketplace
104542,CUST00113,2025-04-08,Sports,5,4248.53,0.25,5310.66,21242.65,15931.99,0,West,Online
104543,CUST00653,2024-05-19,Apparel,3,1143.21,0.15,514.44,3429.63,2915.19,0,North,Online
104544,CUST00689,2024-09-06,Beauty,5,2755.76,0.1,1377.88,13778.8,12400.92,0,West,Online
104546,CUST01131,2024-06-30,Sports,5,4037.9,0.0,0.0,20189.5,20189.5,0,North,Online
104548,CUST00488,2024-04-11,Apparel,1,3333.94,0.0,0.0,3333.94,3333.94,0,East,Online
104549,CUST00498,2025-02-09,Sports,2,3922.47,0.1,784.49,7844.94,7060.45,0,South,Online
104550,CUST00153,2025-03-15,Beauty,1,3380.13,0.0,0.0,3380.13,3380.13,0,North,Mobile App
104551,CUST00653,2024-04-26,Apparel,1,3045.05,0.05,152.25,3045.05,2892.8,0,North,Online
104552,CUST00861,2024-04-11,Grocery,1,255.93,0.1,25.59,255.93,-230.34,1,West,Marketplace
104553,CUST00533,2024-11-19,Electronics,3,3289.18,0.05,493.38,9867.54,9374.16,0,South,Mobile App
104554,CUST00937,2025-08-05,Sports,5,3495.86,0.1,1747.93,17479.3,15731.37,0,West,Retail Store
104555,CUST01098,2025-03-09,Electronics,2,1616.74,0.0,0.0,3233.48,3233.48,0,East,Marketplace
104556,CUST00966,2024-08-01,Grocery,2,4595.92,0.15,1378.78,9191.84,7813.06,0,West,Retail Store
104557,CUST00134,2024-10-20,Grocery,5,4004.51,0.0,0.0,20022.55,20022.55,0,Central,Online
104558,CUST01032,2024-03-09,Sports,2,1314.03,0.4,1051.22,2628.06,1576.84,0,West,Online
104559,CUST00442,2024-11-01,Electronics,5,710.27,0.0,0.0,3551.35,3551.35,0,West,Online
104560,CUST00954,2025-07-31,Grocery,3,3712.72,0.0,0.0,11138.16,11138.16,0,Central,Marketplace
104561,CUST00751,2025-03-24,Electronics,2,3200.48,0.15,960.14,6400.96,-5440.82,1,West,Marketplace
104562,CUST00703,2025-04-17,Sports,5,4753.28,0.0,0.0,23766.4,23766.4,0,North,Online
104563,CUST00959,2024-03-18,Electronics,5,1709.55,0.25,2136.94,8547.75,6410.81,0,Central,Online
104565,CUST00322,2025-06-28,Beauty,3,1599.48,0.0,0.0,4798.44,4798.44,0,North,Retail Store
104567,CUST00063,2024-12-31,Apparel,2,1088.13,0.0,0.0,2176.26,2176.26,0,West,Marketplace
104568,CUST00590,2025-08-12,Home & Kitchen,3,2664.24,0.0,0.0,7992.72,7992.72,0,North,Online
104569,CUST00382,2024-08-01,Grocery,5,3677.19,0.05,919.3,18385.95,17466.65,0,West,Mobile App
104570,CUST00140,2025-06-23,Home & Kitchen,1,3851.93,0.0,0.0,3851.93,3851.93,0,Central,Marketplace
104571,CUST00831,2024-07-19,Apparel,2,3976.72,0.25,1988.36,7953.44,5965.08,0,Central,Marketplace
104572,CUST00674,2024-10-02,Electronics,5,1962.43,0.15,1471.82,9812.15,8340.33,0,South,Online
104573,CUST00101,2025-10-26,Beauty,1,4787.96,0.05,239.4,4787.96,4548.56,0,South,Mobile App
104574,CUST00258,2024-02-17,Apparel,2,2746.0,0.0,0.0,5492.0,-5492.0,1,Central,Retail Store
104575,CUST00137,2025-12-05,Grocery,4,1499.07,0.0,0.0,5996.28,5996.28,0,South,Retail Store
104576,CUST00501,2025-03-17,Grocery,5,2320.15,0.4,4640.3,11600.75,6960.45,0,South,Marketplace
104577,CUST00964,2024-07-29,Sports,1,4431.19,0.0,0.0,4431.19,4431.19,0,South,Marketplace
104578,CUST00680,2024-12-26,Beauty,5,2525.99,0.0,0.0,12629.95,12629.95,0,West,Online
104579,CUST00361,2024-09-27,Beauty,1,4680.53,0.1,468.05,4680.53,4212.48,0,East,Mobile App
104580,CUST01023,2025-07-20,Sports,3,222.64,0.0,0.0,667.92,667.92,0,East,Online
104581,CUST00951,2025-01-23,Sports,3,3041.88,0.25,2281.41,9125.64,6844.23,0,East,Mobile App
104582,CUST00550,2025-02-20,Electronics,5,1589.75,0.15,1192.31,7948.75,6756.44,0,South,Online
104583,CUST01041,2024-07-02,Grocery,1,446.68,0.0,0.0,446.68,446.68,0,West,Marketplace
104585,CUST01177,2025-08-13,Apparel,5,3099.82,0.0,0.0,15499.1,15499.1,0,West,Retail Store
104586,CUST00824,2025-03-06,Electronics,4,2980.35,0.05,596.07,11921.4,11325.33,0,West,Online
104587,CUST00579,2025-10-01,Apparel,1,3814.79,0.05,190.74,3814.79,3624.05,0,West,Online
104589,CUST00678,2024-12-13,Beauty,4,2995.54,0.1,1198.22,11982.16,10783.94,0,South,Retail Store
104590,CUST00102,2025-04-22,Beauty,5,2245.32,0.15,1683.99,11226.6,9542.61,0,West,Marketplace
104591,CUST00766,2024-10-21,Beauty,3,2713.88,0.0,0.0,8141.64,8141.64,0,Central,Online
104592,CUST01049,2024-02-19,Beauty,1,3998.8,0.0,0.0,3998.8,3998.8,0,Central,Online
104593,CUST01148,2025-02-10,Grocery,5,3773.06,0.0,0.0,18865.3,18865.3,0,North,Retail Store
104594,CUST01051,2025-10-15,Sports,2,526.82,0.0,0.0,1053.64,1053.64,0,East,Mobile App
104595,CUST00735,2025-02-12,Home & Kitchen,2,1514.02,0.0,0.0,3028.04,3028.04,0,South,Marketplace
104596,CUST00179,2025-09-23,Electronics,2,2559.44,0.1,511.89,5118.88,4606.99,0,South,Retail Store
104597,CUST00693,2024-05-21,Electronics,1,4655.91,0.0,0.0,4655.91,-4655.91,1,South,Marketplace
104598,CUST00040,2025-03-02,Apparel,2,0.0,0.0,0.0,0.0,0.0,0,West,Online
104599,CUST00852,2025-05-25,Sports,5,4293.58,0.1,2146.79,21467.9,-19321.11,1,East,Online
104600,CUST00767,2024-06-17,Apparel,3,2462.46,0.0,0.0,7387.38,7387.38,0,South,Online
104601,CUST00302,2024-12-17,Home & Kitchen,1,3226.11,0.0,0.0,3226.11,3226.11,0,North,Online
104602,CUST00182,2024-07-25,Apparel,1,2181.5,0.0,0.0,2181.5,2181.5,0,North,Retail Store
104603,CUST00778,2025-11-13,Electronics,5,1921.76,0.0,0.0,9608.8,9608.8,0,South,Online
104604,CUST00320,2024-09-20,Sports,3,431.85,0.0,0.0,1295.55,1295.55,0,South,Marketplace
104605,CUST00237,2025-11-02,Apparel,3,3965.46,0.15,1784.46,11896.38,10111.92,0,West,Online
104606,CUST00678,2024-09-19,Electronics,5,3310.3,0.0,0.0,16551.5,-16551.5,1,South,Retail Store
104608,CUST00700,2025-07-14,Electronics,4,4594.92,0.0,0.0,18379.68,18379.68,0,West,Marketplace
104609,CUST00855,2024-10-28,Home & Kitchen,5,2882.14,0.1,1441.07,14410.7,12969.63,0,East,Online
104610,CUST00520,2025-07-15,Beauty,1,2944.98,0.15,441.75,2944.98,-2503.23,1,Central,Marketplace
104611,CUST00248,2025-09-24,Grocery,5,276.32,0.25,345.4,1381.6,1036.2,0,East,Online
104612,CUST00536,2025-05-29,Grocery,3,4924.55,0.0,0.0,14773.65,-14773.65,1,East,Online
104613,CUST00734,2025-09-19,Apparel,4,3592.15,0.0,0.0,14368.6,14368.6,0,East,Online
104614,CUST00184,2025-10-01,Grocery,3,1092.38,0.0,0.0,3277.14,3277.14,0,North,Mobile App
104615,CUST00891,2024-12-21,Apparel,2,1493.86,0.0,0.0,2987.72,2987.72,0,North,Online
104616,CUST00924,2024-05-23,Electronics,5,3300.86,0.1,1650.43,16504.3,14853.87,0,West,Retail Store
104617,CUST00691,2024-06-06,Home & Kitchen,1,4421.83,0.0,0.0,4421.83,4421.83,0,South,Marketplace
104618,CUST00499,2024-05-14,Beauty,5,4222.47,0.1,2111.24,21112.35,19001.11,0,West,Marketplace
104619,CUST00739,2024-11-28,Grocery,2,2121.59,0.15,636.48,4243.18,3606.7,0,North,Online
104620,CUST01054,2025-05-21,Sports,5,1969.44,0.0,0.0,9847.2,9847.2,0,Central,Online
104621,CUST00164,2024-09-13,Sports,4,1559.65,0.25,1559.65,6238.6,-4678.95,1,East,Marketplace
104622,CUST00118,2025-10-23,Apparel,2,1815.65,0.05,181.57,3631.3,3449.73,0,East,Online
104623,CUST00264,2024-04-28,Apparel,1,1111.91,0.1,111.19,1111.91,1000.72,0,South,Marketplace
104624,CUST00267,2024-09-26,Beauty,5,1171.7,0.05,292.92,5858.5,5565.58,0,North,Online
104625,CUST00585,2024-08-23,Grocery,5,3813.7,0.05,953.42,19068.5,18115.08,0,West,Online
104626,CUST00823,2024-10-03,Beauty,5,1040.95,0.0,0.0,5204.75,5204.75,0,Central,Mobile App
104627,CUST01137,2024-07-28,Home & Kitchen,5,3989.67,0.0,0.0,19948.35,-19948.35,1,West,Online
104628,CUST00034,2025-11-15,Beauty,5,2886.71,0.1,1443.36,14433.55,12990.19,0,Central,Mobile App
104629,CUST00068,2024-12-07,Electronics,5,1202.28,0.0,0.0,6011.4,6011.4,0,South,Retail Store
104630,CUST00182,2024-06-04,Apparel,4,1467.69,0.0,0.0,5870.76,5870.76,0,North,Retail Store
104631,CUST00909,2024-11-11,Electronics,3,375.25,0.0,0.0,1125.75,1125.75,0,South,Marketplace
104632,CUST00705,2025-12-27,Grocery,3,4377.6,0.1,1313.28,13132.8,11819.52,0,Central,Retail Store
104633,CUST00886,2025-03-14,Sports,5,2393.39,0.0,0.0,11966.95,11966.95,0,East,Marketplace
104634,CUST00051,2024-02-25,Sports,1,1767.24,0.0,0.0,1767.24,1767.24,0,East,Retail Store
104635,CUST00678,2024-08-11,Home & Kitchen,3,1971.34,0.05,295.7,5914.02,5618.32,0,South,Retail Store
104636,CUST00045,2025-01-01,Home & Kitchen,4,4199.81,0.15,2519.89,16799.24,14279.35,0,North,Marketplace
104637,CUST00757,2025-07-16,Beauty,1,1770.21,0.0,0.0,1770.21,1770.21,0,South,Online
104638,CUST01159,2024-04-18,Home & Kitchen,4,2034.55,0.15,1220.73,8138.2,6917.47,0,South,Retail Store
104639,CUST00354,2024-08-03,Apparel,2,1809.51,0.0,0.0,3619.02,3619.02,0,East,Online
104640,CUST00326,2024-08-21,Apparel,2,3804.45,0.0,0.0,7608.9,7608.9,0,East,Online
104641,CUST00772,2024-08-02,Apparel,5,2508.91,0.0,0.0,12544.55,12544.55,0,South,Mobile App
104642,CUST00220,2025-03-29,Grocery,1,3460.02,0.0,0.0,3460.02,3460.02,0,West,Retail Store
104643,CUST00083,2024-12-28,Apparel,3,2951.59,0.0,0.0,8854.77,8854.77,0,East,Marketplace
104644,CUST01136,2025-03-23,Home & Kitchen,2,2662.95,0.0,0.0,5325.9,5325.9,0,Central,Online
104645,CUST01142,2024-11-11,Sports,5,3922.38,0.1,1961.19,19611.9,17650.71,0,Central,Online
104646,CUST00026,2024-04-20,Sports,5,2441.39,0.25,3051.74,12206.95,9155.21,0,East,Online
104647,CUST00130,2025-03-26,Beauty,2,4337.44,0.0,0.0,8674.88,8674.88,0,East,Marketplace
104648,CUST00141,2025-07-01,Apparel,4,4947.21,0.0,0.0,19788.84,19788.84,0,West,Online
104649,CUST01047,2024-11-12,Grocery,5,3390.05,0.0,0.0,16950.25,16950.25,0,East,Marketplace
104650,CUST00469,2024-12-08,Sports,3,2723.79,0.0,0.0,8171.37,8171.37,0,West,Retail Store
104651,CUST00962,2025-05-01,Beauty,5,1780.33,0.0,0.0,8901.65,8901.65,0,West,Online
104652,CUST00250,2024-10-26,Electronics,2,4088.47,0.0,0.0,8176.94,8176.94,0,Central,Marketplace
104653,CUST01091,2024-08-08,Beauty,3,2181.27,0.0,0.0,6543.81,6543.81,0,South,Online
104654,CUST00805,2025-06-16,Sports,4,4588.54,0.1,1835.42,18354.16,16518.74,0,South,Marketplace
104655,CUST00165,2024-07-30,Sports,1,2068.05,0.0,0.0,2068.05,2068.05,0,Central,Retail Store
104656,CUST00922,2025-03-22,Electronics,5,830.15,0.0,0.0,4150.75,4150.75,0,Central,Online
104657,CUST01158,2025-08-03,Beauty,3,2434.9,0.0,0.0,7304.7,7304.7,0,North,Marketplace
104658,CUST00493,2025-02-28,Sports,2,876.33,0.0,0.0,1752.66,1752.66,0,West,Online
104661,CUST01063,2025-02-14,Beauty,2,0.0,0.1,0.0,0.0,0.0,0,West,Online
104662,CUST00763,2025-01-21,Sports,2,2127.37,0.1,425.47,4254.74,3829.27,0,West,Mobile App
104663,CUST00748,2024-12-15,Sports,5,313.94,0.1,156.97,1569.7,1412.73,0,West,Marketplace
104664,CUST00893,2025-02-03,Electronics,5,1487.02,0.1,743.51,7435.1,6691.59,0,West,Marketplace
104665,CUST00887,2025-04-08,Home & Kitchen,2,852.1,0.0,0.0,1704.2,1704.2,0,South,Online
104667,CUST00263,2025-01-28,Apparel,1,4721.37,0.05,236.07,4721.37,4485.3,0,West,Marketplace
104668,CUST00323,2024-04-02,Sports,3,3390.32,0.0,0.0,10170.96,-10170.96,1,North,Online
104669,CUST01097,2025-01-16,Grocery,3,2023.99,0.15,910.8,6071.97,5161.17,0,West,Online
104670,CUST00155,2024-08-10,Electronics,4,1774.51,0.4,2839.22,7098.04,4258.82,0,Central,Retail Store
104671,CUST00390,2025-04-04,Home & Kitchen,1,3214.33,0.05,160.72,3214.33,3053.61,0,South,Online
104672,CUST00309,2024-06-02,Beauty,4,841.2,0.25,841.2,3364.8,2523.6,0,Central,Retail Store
104673,CUST00269,2024-12-14,Beauty,1,2027.01,0.0,0.0,2027.01,2027.01,0,South,Online
104674,CUST01062,2024-05-24,Home & Kitchen,1,720.56,0.0,0.0,720.56,720.56,0,Central,Marketplace
104675,CUST00871,2024-12-16,Sports,2,2556.81,0.25,1278.4,5113.62,3835.22,0,North,Online
104676,CUST00316,2024-06-06,Apparel,3,4656.1,0.0,0.0,13968.3,13968.3,0,South,Online
104677,CUST01191,2024-11-12,Electronics,2,4108.44,0.0,0.0,8216.88,8216.88,0,South,Online
104678,CUST00001,2024-05-15,Apparel,5,1121.16,0.0,0.0,5605.8,5605.8,0,Central,Mobile App
104679,CUST00826,2025-04-24,Grocery,3,1491.57,0.0,0.0,4474.71,4474.71,0,South,Marketplace
104680,CUST00926,2024-11-14,Sports,2,0.0,0.0,0.0,0.0,0.0,0,South,Marketplace
104681,CUST00001,2024-11-26,Sports,2,687.69,0.0,0.0,1375.38,1375.38,0,Central,Mobile App
104682,CUST00509,2024-01-14,Apparel,2,604.18,0.0,0.0,1208.36,1208.36,0,South,Online
104683,CUST01053,2024-12-25,Beauty,2,4071.83,0.0,0.0,8143.66,8143.66,0,East,Retail Store
104684,CUST00039,2024-10-17,Grocery,4,608.4,0.0,0.0,2433.6,2433.6,0,Central,Online
104685,CUST00561,2024-01-22,Sports,3,3419.72,0.0,0.0,10259.16,10259.16,0,West,Online
104686,CUST00731,2025-08-19,Apparel,5,2366.58,0.05,591.64,11832.9,11241.26,0,South,Online
104687,CUST00349,2024-12-30,Sports,4,4349.98,0.0,0.0,17399.92,17399.92,0,Central,Online
104688,CUST00114,2024-11-21,Electronics,2,1085.74,0.0,0.0,2171.48,2171.48,0,East,Marketplace
104689,CUST00911,2025-04-04,Home & Kitchen,4,337.85,0.1,135.14,1351.4,1216.26,0,Central,Marketplace
104690,CUST00332,2024-11-25,Beauty,2,2501.53,0.05,250.15,5003.06,4752.91,0,North,Marketplace
104691,CUST00616,2025-04-29,Sports,2,2846.27,0.15,853.88,5692.54,4838.66,0,West,Online
104692,CUST00897,2025-05-01,Beauty,2,1071.81,0.0,0.0,2143.62,2143.62,0,West,Retail Store
104693,CUST00391,2025-08-27,Home & Kitchen,3,3085.52,0.0,0.0,9256.56,9256.56,0,East,Marketplace
104694,CUST00932,2025-05-16,Electronics,1,0.0,0.05,0.0,0.0,0.0,0,Central,Marketplace
104695,CUST00751,2025-03-14,Apparel,3,2885.55,0.0,0.0,8656.65,8656.65,0,West,Marketplace
104696,CUST00883,2025-09-22,Home & Kitchen,5,4611.9,0.15,3458.92,23059.5,19600.58,0,Central,Marketplace
104697,CUST00534,2024-08-01,Sports,5,1846.14,0.0,0.0,9230.7,9230.7,0,North,Online
104698,CUST00029,2025-01-08,Sports,1,2912.57,0.0,0.0,2912.57,2912.57,0,North,Marketplace
104699,CUST00939,2025-09-10,Beauty,1,1769.6,0.1,176.96,1769.6,1592.64,0,Central,Retail Store
104700,CUST00766,2024-11-01,Home & Kitchen,4,305.57,0.0,0.0,1222.28,1222.28,0,Central,Online
104701,CUST01091,2024-12-06,Home & Kitchen,2,4006.66,0.0,0.0,8013.32,8013.32,0,South,Online
104702,CUST00219,2024-06-22,Home & Kitchen,1,2024.37,0.0,0.0,2024.37,2024.37,0,North,Online
104703,CUST00351,2024-11-28,Grocery,5,4722.97,0.0,0.0,23614.85,23614.85,0,South,Retail Store
104704,CUST01193,2025-04-18,Grocery,4,4384.54,0.15,2630.72,17538.16,14907.44,0,East,Marketplace
104705,CUST00769,2025-05-28,Apparel,3,932.09,0.15,419.44,2796.27,2376.83,0,Central,Online
104706,CUST00832,2025-02-01,Grocery,5,703.98,0.1,351.99,3519.9,3167.91,0,East,Marketplace
104707,CUST00192,2024-12-29,Home & Kitchen,3,3038.78,0.0,0.0,9116.34,9116.34,0,South,Retail Store
104708,CUST00419,2025-05-19,Grocery,1,739.91,0.1,73.99,739.91,665.92,0,Central,Marketplace
104709,CUST00972,2025-01-15,Sports,4,4789.79,0.0,0.0,19159.16,-19159.16,1,West,Retail Store
104710,CUST00359,2024-07-31,Beauty,4,2974.02,0.0,0.0,11896.08,11896.08,0,North,Online
104711,CUST01040,2025-02-21,Electronics,3,4494.5,0.1,1348.35,13483.5,12135.15,0,North,Marketplace
104712,CUST00529,2025-02-08,Apparel,1,566.09,0.05,28.3,566.09,537.79,0,South,Online
104714,CUST00623,2024-06-24,Home & Kitchen,2,4179.59,0.0,0.0,8359.18,8359.18,0,North,Online
104715,CUST00760,2025-06-05,Apparel,3,2312.37,0.25,1734.28,6937.11,5202.83,0,Central,Marketplace
104716,CUST01044,2025-06-02,Sports,5,3220.55,0.0,0.0,16102.75,-16102.75,1,South,Online
104717,CUST01159,2024-05-01,Electronics,2,263.68,0.1,52.74,527.36,474.62,0,South,Retail Store
104718,CUST00744,2025-02-01,Grocery,5,833.92,0.25,1042.4,4169.6,3127.2,0,East,Online
104719,CUST00237,2025-06-26,Home & Kitchen,3,2252.19,0.0,0.0,6756.57,6756.57,0,West,Online
104720,CUST00322,2025-03-21,Sports,3,1548.32,0.0,0.0,4644.96,4644.96,0,North,Retail Store
104721,CUST01096,2025-10-16,Electronics,4,1770.82,0.0,0.0,7083.28,7083.28,0,Central,Online
104722,CUST00565,2025-07-02,Beauty,3,2479.48,0.0,0.0,7438.44,7438.44,0,Central,Online
104723,CUST00708,2025-07-06,Sports,3,1733.34,0.0,0.0,5200.02,5200.02,0,Central,Mobile App
104724,CUST00206,2024-07-16,Grocery,2,2857.63,0.0,0.0,5715.26,5715.26,0,North,Online
104725,CUST00386,2025-03-04,Grocery,2,4167.39,0.0,0.0,8334.78,8334.78,0,Central,Online
104726,CUST00232,2024-05-20,Apparel,3,4419.08,0.1,1325.72,13257.24,11931.52,0,West,Retail Store
104727,CUST01114,2024-02-01,Beauty,3,3349.99,0.1,1005.0,10049.97,9044.97,0,South,Marketplace
104728,CUST00224,2025-04-19,Sports,2,4033.38,0.0,0.0,8066.76,8066.76,0,West,Mobile App
104729,CUST00231,2025-01-29,Home & Kitchen,1,4790.15,0.05,239.51,4790.15,4550.64,0,East,Marketplace
104730,CUST01155,2024-08-09,Sports,2,3891.9,0.0,0.0,7783.8,7783.8,0,Central,Online
104731,CUST00692,2025-05-27,Grocery,1,4228.77,0.0,0.0,4228.77,4228.77,0,North,Mobile App
104732,CUST00667,2025-03-09,Grocery,5,1698.19,0.0,0.0,8490.95,8490.95,0,East,Marketplace
104733,CUST00888,2025-08-08,Electronics,4,879.07,0.15,527.44,3516.28,2988.84,0,North,Marketplace
104734,CUST00544,2024-12-04,Sports,2,3462.0,0.0,0.0,6924.0,6924.0,0,North,Marketplace
104735,CUST00564,2025-05-20,Electronics,2,2519.61,0.1,503.92,5039.22,4535.3,0,North,Marketplace
104736,CUST00505,2025-07-02,Electronics,5,2279.16,0.0,0.0,11395.8,11395.8,0,South,Marketplace
104737,CUST01149,2024-09-16,Sports,1,2788.63,0.0,0.0,2788.63,2788.63,0,North,Retail Store
104738,CUST00372,2025-02-24,Grocery,3,3906.01,0.05,585.9,11718.03,11132.13,0,Central,Retail Store
104739,CUST00937,2025-07-29,Electronics,4,4465.53,0.0,0.0,17862.12,-17862.12,1,West,Retail Store
104740,CUST01036,2024-07-17,Home & Kitchen,4,1948.82,0.0,0.0,7795.28,7795.28,0,East,Marketplace
104741,CUST00302,2024-12-09,Sports,1,212.44,0.25,53.11,212.44,159.33,0,North,Online
104742,CUST00523,2024-09-01,Grocery,1,3113.46,0.15,467.02,3113.46,2646.44,0,Central,Marketplace
104743,CUST00202,2025-02-20,Home & Kitchen,2,278.06,0.0,0.0,556.12,556.12,0,East,Online
104744,CUST00769,2025-04-27,Grocery,2,2262.74,0.0,0.0,4525.48,4525.48,0,Central,Online
104745,CUST00834,2025-02-17,Electronics,2,3285.28,0.1,657.06,6570.56,5913.5,0,West,Online
104746,CUST00454,2025-06-15,Apparel,1,4413.53,0.1,441.35,4413.53,3972.18,0,South,Online
104747,CUST00117,2024-07-17,Sports,4,824.99,0.0,0.0,3299.96,3299.96,0,East,Marketplace
104748,CUST01000,2024-05-25,Apparel,5,3178.09,0.0,0.0,15890.45,15890.45,0,West,Retail Store
104749,CUST00135,2025-01-10,Sports,3,4709.95,0.05,706.49,14129.85,13423.36,0,Central,Retail Store
104750,CUST00443,2024-07-24,Beauty,1,912.45,0.15,136.87,912.45,775.58,0,Central,Online
104751,CUST00307,2024-04-16,Beauty,2,1105.51,0.0,0.0,2211.02,2211.02,0,South,Online
104752,CUST00126,2025-01-02,Grocery,3,3227.55,0.0,0.0,9682.65,9682.65,0,North,Marketplace
104753,CUST00092,2024-04-12,Home & Kitchen,2,1796.98,0.0,0.0,3593.96,3593.96,0,West,Online
104754,CUST00976,2024-12-12,Beauty,1,1677.24,0.0,0.0,1677.24,1677.24,0,Central,Online
104755,CUST00196,2025-08-22,Grocery,3,3733.53,0.05,560.03,11200.59,10640.56,0,South,Mobile App
104756,CUST00189,2025-07-18,Sports,2,4029.77,0.0,0.0,8059.54,8059.54,0,Central,Online
104757,CUST00861,2024-04-20,Home & Kitchen,2,3541.9,0.0,0.0,7083.8,7083.8,0,West,Marketplace
104758,CUST01139,2025-04-29,Grocery,2,3239.17,0.1,647.83,6478.34,5830.51,0,North,Online
104759,CUST00229,2025-07-10,Electronics,2,986.36,0.4,789.09,1972.72,1183.63,0,East,Online
104760,CUST00314,2025-04-04,Apparel,5,2755.25,0.15,2066.44,13776.25,11709.81,0,Central,Marketplace
104761,CUST00700,2025-02-19,Grocery,1,4591.44,0.0,0.0,4591.44,4591.44,0,West,Marketplace
104762,CUST00441,2024-08-27,Grocery,3,2336.37,0.15,1051.37,7009.11,5957.74,0,East,Marketplace
104763,CUST00813,2024-08-10,Electronics,5,4566.23,0.05,1141.56,22831.15,21689.59,0,North,Online
104764,CUST00288,2024-02-11,Apparel,4,4801.12,0.25,4801.12,19204.48,14403.36,0,South,Online
104765,CUST00617,2025-07-05,Sports,2,521.57,0.25,260.79,1043.14,782.35,0,West,Online
104766,CUST00624,2025-05-04,Home & Kitchen,3,1635.22,0.0,0.0,4905.66,4905.66,0,South,Online
104767,CUST00720,2024-01-22,Electronics,1,3129.99,0.0,0.0,3129.99,3129.99,0,Central,Online
104768,CUST00765,2024-11-26,Electronics,1,4362.64,0.0,0.0,4362.64,4362.64,0,Central,Retail Store
104769,CUST00285,2025-02-18,Electronics,4,3779.18,0.0,0.0,15116.72,15116.72,0,Central,Online
104770,CUST00266,2025-12-09,Grocery,3,3513.33,0.0,0.0,10539.99,10539.99,0,East,Mobile App
104771,CUST00755,2025-12-16,Sports,5,4579.3,0.0,0.0,22896.5,22896.5,0,West,Online
104772,CUST00652,2024-11-13,Electronics,3,2356.27,0.0,0.0,7068.81,7068.81,0,South,Online
104773,CUST00053,2024-06-04,Apparel,1,3230.28,0.0,0.0,3230.28,-3230.28,1,North,Online
104774,CUST00392,2025-03-06,Home & Kitchen,3,2402.52,0.0,0.0,7207.56,7207.56,0,South,Mobile App
104775,CUST00006,2024-08-04,Home & Kitchen,1,0.0,0.0,0.0,0.0,0.0,0,East,Retail Store
104776,CUST00900,2024-08-02,Grocery,4,2350.44,0.05,470.09,9401.76,8931.67,0,West,Online
104777,CUST00336,2024-05-04,Grocery,5,3456.74,0.15,2592.55,17283.7,14691.15,0,West,Online
104778,CUST00508,2025-05-31,Grocery,4,1039.89,0.1,415.96,4159.56,3743.6,0,West,Online
104780,CUST00394,2024-04-14,Home & Kitchen,3,3415.75,0.0,0.0,10247.25,10247.25,0,South,Retail Store
104781,CUST00143,2024-09-07,Beauty,2,2134.71,0.0,0.0,4269.42,4269.42,0,West,Marketplace
104782,CUST00559,2024-03-27,Apparel,2,4800.66,0.0,0.0,9601.32,9601.32,0,Central,Retail Store
104783,CUST00070,2024-08-24,Home & Kitchen,5,3474.81,0.0,0.0,17374.05,17374.05,0,South,Marketplace
104784,CUST00046,2024-11-21,Sports,1,4096.38,0.0,0.0,4096.38,4096.38,0,North,Online
104785,CUST00401,2024-11-21,Apparel,5,3120.93,0.0,0.0,15604.65,15604.65,0,West,Online
104786,CUST00946,2025-02-28,Sports,3,640.42,0.0,0.0,1921.26,1921.26,0,North,Online
104787,CUST00388,2025-11-13,Apparel,4,2093.13,0.0,0.0,8372.52,8372.52,0,South,Online
104788,CUST00584,2025-11-12,Sports,1,3695.97,0.1,369.6,3695.97,3326.37,0,Central,Marketplace
104789,CUST00052,2024-09-01,Sports,5,383.83,0.05,95.96,1919.15,-1823.19,1,South,Marketplace
104790,CUST00438,2024-10-22,Home & Kitchen,2,289.59,0.0,0.0,579.18,579.18,0,West,Online
104791,CUST00191,2024-10-01,Electronics,3,2479.77,0.15,1115.9,7439.31,6323.41,0,South,Online
104792,CUST00224,2025-02-22,Home & Kitchen,5,3348.41,0.15,2511.31,16742.05,14230.74,0,West,Mobile App
104794,CUST00309,2024-07-05,Grocery,3,1221.61,0.15,549.72,3664.83,3115.11,0,Central,Retail Store
104795,CUST00243,2025-03-30,Grocery,2,2735.18,0.0,0.0,5470.36,5470.36,0,East,Marketplace
104796,CUST00130,2024-10-11,Beauty,4,4488.86,0.0,0.0,17955.44,17955.44,0,East,Marketplace
104797,CUST00329,2025-01-11,Grocery,3,2356.64,0.0,0.0,7069.92,7069.92,0,North,Online
104798,CUST00855,2024-12-15,Home & Kitchen,4,3976.38,0.0,0.0,15905.52,15905.52,0,East,Online
104799,CUST00055,2024-03-05,Beauty,2,3922.61,0.0,0.0,7845.22,7845.22,0,West,Marketplace
104800,CUST00068,2025-01-18,Sports,1,1519.5,0.0,0.0,1519.5,1519.5,0,South,Retail Store
104801,CUST00381,2024-12-20,Beauty,1,2002.64,0.0,0.0,2002.64,-2002.64,1,South,Mobile App
104802,CUST01025,2025-06-25,Electronics,2,255.11,0.05,25.51,510.22,484.71,0,East,Marketplace
104803,CUST00864,2025-07-11,Home & Kitchen,2,1446.29,0.15,433.89,2892.58,2458.69,0,North,Mobile App
104804,CUST00649,2024-11-01,Beauty,1,2031.45,0.05,101.57,2031.45,1929.88,0,North,Online
104805,CUST00821,2024-07-14,Apparel,3,3336.63,0.0,0.0,10009.89,10009.89,0,South,Online
104806,CUST00955,2025-06-15,Grocery,4,4079.53,0.0,0.0,16318.12,16318.12,0,East,Marketplace
104807,CUST00343,2025-04-19,Sports,2,4561.74,0.0,0.0,9123.48,9123.48,0,East,Online
104808,CUST01162,2024-10-22,Beauty,1,3376.42,0.0,0.0,3376.42,3376.42,0,East,Retail Store
104809,CUST00392,2024-09-26,Sports,4,1190.57,0.0,0.0,4762.28,4762.28,0,South,Mobile App
104810,CUST00196,2025-06-08,Home & Kitchen,2,2654.7,0.0,0.0,5309.4,5309.4,0,South,Mobile App
104811,CUST00981,2024-06-29,Home & Kitchen,3,3413.19,0.0,0.0,10239.57,10239.57,0,West,Retail Store
104812,CUST00704,2025-06-08,Home & Kitchen,5,418.79,0.15,314.09,2093.95,1779.86,0,North,Online
104813,CUST00032,2024-07-12,Home & Kitchen,4,4245.43,0.1,1698.17,16981.72,15283.55,0,South,Mobile App
104815,CUST00925,2024-12-03,Grocery,1,1068.46,0.0,0.0,1068.46,1068.46,0,East,Online
104816,CUST01128,2025-03-16,Electronics,3,2571.34,0.0,0.0,7714.02,7714.02,0,North,Marketplace
104817,CUST00877,2024-06-08,Beauty,3,277.32,0.1,83.2,831.96,748.76,0,Central,Retail Store
104818,CUST00226,2024-08-13,Grocery,3,4569.67,0.05,685.45,13709.01,13023.56,0,Central,Online
104820,CUST00316,2024-05-09,Grocery,5,595.15,0.0,0.0,2975.75,2975.75,0,South,Online
104821,CUST00233,2024-08-02,Beauty,1,4400.33,0.1,440.03,4400.33,3960.3,0,Central,Online
104822,CUST00374,2024-05-11,Grocery,2,253.31,0.1,50.66,506.62,455.96,0,East,Retail Store
104823,CUST00196,2025-10-09,Electronics,1,1819.3,0.0,0.0,1819.3,1819.3,0,South,Mobile App
104824,CUST00879,2024-05-26,Beauty,4,0.0,0.0,0.0,0.0,0.0,0,West,Retail Store
104825,CUST00649,2024-10-04,Sports,5,3016.87,0.0,0.0,15084.35,15084.35,0,North,Online
104826,CUST00207,2024-05-11,Apparel,1,675.65,0.25,168.91,675.65,506.74,0,South,Online
104827,CUST00070,2024-10-03,Beauty,1,4345.76,0.0,0.0,4345.76,4345.76,0,South,Marketplace
104828,CUST00065,2025-04-12,Home & Kitchen,5,4621.91,0.1,2310.96,23109.55,20798.59,0,North,Online
104829,CUST00857,2025-12-13,Home & Kitchen,2,2842.28,0.05,284.23,5684.56,5400.33,0,South,Retail Store
104830,CUST00614,2024-09-23,Electronics,2,815.92,0.0,0.0,1631.84,1631.84,0,East,Marketplace
104831,CUST00688,2024-07-10,Home & Kitchen,3,678.79,0.0,0.0,2036.37,2036.37,0,South,Online
104832,CUST00152,2024-05-02,Electronics,4,1798.34,0.0,0.0,7193.36,7193.36,0,North,Retail Store
104834,CUST00728,2024-06-25,Grocery,5,1656.73,0.0,0.0,8283.65,8283.65,0,Central,Online
104835,CUST00830,2024-11-25,Electronics,4,2817.66,0.0,0.0,11270.64,11270.64,0,West,Online
104837,CUST01155,2024-12-28,Beauty,3,4169.54,0.0,0.0,12508.62,12508.62,0,Central,Online
104838,CUST00182,2024-07-09,Apparel,1,3661.89,0.0,0.0,3661.89,-3661.89,1,North,Retail Store
104839,CUST01102,2025-10-05,Beauty,2,4181.75,0.0,0.0,8363.5,-8363.5,1,East,Mobile App
104840,CUST00231,2025-04-05,Home & Kitchen,1,2597.35,0.0,0.0,2597.35,2597.35,0,East,Marketplace
104841,CUST00132,2025-01-20,Sports,4,1476.63,0.05,295.33,5906.52,5611.19,0,North,Online
104842,CUST00345,2025-05-20,Home & Kitchen,4,3527.8,0.1,1411.12,14111.2,12700.08,0,West,Online
104843,CUST01148,2024-11-15,Home & Kitchen,4,4176.13,0.4,6681.81,16704.52,10022.71,0,North,Retail Store
104844,CUST00148,2025-06-25,Grocery,1,4637.44,0.0,0.0,4637.44,4637.44,0,North,Online
104846,CUST00496,2025-07-02,Beauty,4,559.4,0.25,559.4,2237.6,1678.2,0,West,Online
104847,CUST00784,2025-09-14,Home & Kitchen,4,3954.12,0.0,0.0,15816.48,15816.48,0,Central,Marketplace
104848,CUST00592,2024-11-15,Home & Kitchen,1,1458.09,0.0,0.0,1458.09,1458.09,0,East,Online
104849,CUST01150,2025-06-15,Sports,3,0.0,0.0,0.0,0.0,0.0,0,North,Online
104850,CUST00600,2024-11-08,Beauty,3,0.0,0.1,0.0,0.0,0.0,0,Central,Retail Store
104851,CUST01023,2025-11-16,Grocery,2,3045.07,0.0,0.0,6090.14,-6090.14,1,East,Online
104852,CUST00343,2024-09-24,Apparel,2,4251.02,0.25,2125.51,8502.04,6376.53,0,East,Online
104853,CUST00464,2025-05-08,Home & Kitchen,5,2756.89,0.0,0.0,13784.45,13784.45,0,North,Online
104854,CUST00036,2025-05-06,Beauty,2,662.65,0.0,0.0,1325.3,1325.3,0,West,Retail Store
104855,CUST00247,2024-06-22,Beauty,2,4413.08,0.0,0.0,8826.16,8826.16,0,East,Online
104856,CUST00884,2025-06-01,Electronics,2,3570.46,0.0,0.0,7140.92,7140.92,0,West,Online
104857,CUST00911,2025-12-23,Apparel,1,3350.55,0.0,0.0,3350.55,3350.55,0,Central,Marketplace
104858,CUST00435,2024-05-10,Electronics,4,4589.77,0.1,1835.91,18359.08,16523.17,0,North,Online
104859,CUST00849,2024-11-24,Electronics,3,2979.69,0.0,0.0,8939.07,8939.07,0,West,Online
104860,CUST00470,2025-11-22,Beauty,2,4211.63,0.05,421.16,8423.26,8002.1,0,West,Marketplace
104861,CUST00859,2024-10-14,Sports,3,4607.65,0.0,0.0,13822.95,13822.95,0,Central,Mobile App
104862,CUST00798,2025-05-25,Electronics,2,3053.47,0.0,0.0,6106.94,6106.94,0,West,Marketplace
104863,CUST00686,2024-09-25,Electronics,3,975.28,0.0,0.0,2925.84,2925.84,0,South,Online
104864,CUST00612,2024-12-25,Apparel,3,1899.91,0.0,0.0,5699.73,5699.73,0,South,Online
104865,CUST00465,2024-06-30,Electronics,5,2572.61,0.0,0.0,12863.05,12863.05,0,West,Mobile App
104866,CUST00956,2024-11-29,Grocery,1,2751.65,0.1,275.17,2751.65,-2476.48,1,East,Online
104867,CUST00947,2024-12-06,Apparel,4,746.43,0.0,0.0,2985.72,2985.72,0,West,Mobile App
104868,CUST00203,2024-07-25,Home & Kitchen,3,499.42,0.0,0.0,1498.26,1498.26,0,East,Retail Store
104869,CUST00059,2025-02-24,Grocery,4,4487.59,0.15,2692.55,17950.36,15257.81,0,West,Marketplace
104870,CUST00501,2024-12-17,Home & Kitchen,5,2169.68,0.0,0.0,10848.4,10848.4,0,South,Marketplace
104871,CUST00768,2024-09-18,Home & Kitchen,5,1779.95,0.0,0.0,8899.75,8899.75,0,East,Online
104872,CUST00346,2025-04-05,Sports,2,2974.01,0.0,0.0,5948.02,5948.02,0,South,Online
104873,CUST00948,2024-04-08,Electronics,5,850.85,0.05,212.71,4254.25,4041.54,0,East,Online
104874,CUST00705,2025-05-24,Electronics,3,1609.95,0.1,482.99,4829.85,4346.86,0,Central,Retail Store
104875,CUST00365,2025-04-12,Grocery,1,3693.7,0.0,0.0,3693.7,3693.7,0,Central,Online
104876,CUST00839,2025-02-01,Sports,5,3940.35,0.0,0.0,19701.75,19701.75,0,East,Online
104877,CUST00120,2024-10-02,Apparel,5,1102.73,0.0,0.0,5513.65,5513.65,0,South,Marketplace
104878,CUST00029,2024-03-28,Sports,3,3044.8,0.05,456.72,9134.4,8677.68,0,North,Marketplace
104879,CUST01140,2025-06-24,Apparel,3,1818.79,0.0,0.0,5456.37,5456.37,0,North,Retail Store
104880,CUST00639,2024-05-14,Grocery,4,1140.27,0.0,0.0,4561.08,4561.08,0,Central,Retail Store
104881,CUST00845,2025-04-21,Electronics,5,3010.24,0.25,3762.8,15051.2,11288.4,0,Central,Online
104882,CUST00327,2025-07-21,Electronics,1,0.0,0.05,0.0,0.0,0.0,0,West,Online
104883,CUST00346,2025-08-06,Home & Kitchen,5,4647.31,0.0,0.0,23236.55,23236.55,0,South,Online
104885,CUST00508,2025-06-07,Home & Kitchen,2,1659.99,0.4,1327.99,3319.98,1991.99,0,West,Online
104886,CUST00337,2025-02-09,Apparel,4,2064.56,0.0,0.0,8258.24,8258.24,0,Central,Mobile App
104887,CUST00439,2024-09-18,Beauty,3,2261.91,0.0,0.0,6785.73,6785.73,0,South,Mobile App
104888,CUST00593,2025-04-10,Electronics,4,3519.86,0.0,0.0,14079.44,14079.44,0,North,Online
104889,CUST00861,2024-07-17,Beauty,4,3245.41,0.05,649.08,12981.64,12332.56,0,West,Marketplace
104890,CUST00004,2024-09-30,Beauty,1,2605.3,0.05,130.27,2605.3,2475.03,0,East,Online
104891,CUST00106,2025-03-06,Apparel,1,699.63,0.05,34.98,699.63,664.65,0,North,Retail Store
104892,CUST00161,2025-03-10,Beauty,3,2138.91,0.0,0.0,6416.73,6416.73,0,Central,Mobile App
104893,CUST00459,2024-08-02,Grocery,1,642.76,0.0,0.0,642.76,-642.76,1,South,Online
104894,CUST00189,2025-03-05,Sports,2,1524.99,0.0,0.0,3049.98,3049.98,0,Central,Online
104895,CUST01145,2024-05-21,Electronics,4,2448.47,0.0,0.0,9793.88,9793.88,0,West,Online
104896,CUST00216,2024-05-13,Sports,3,4457.86,0.0,0.0,13373.58,13373.58,0,South,Online
104897,CUST00439,2025-01-10,Beauty,2,3503.84,0.1,700.77,7007.68,6306.91,0,South,Mobile App
104898,CUST00784,2025-08-23,Beauty,1,4212.72,0.0,0.0,4212.72,4212.72,0,Central,Marketplace
104899,CUST01040,2024-12-09,Electronics,4,3491.33,0.4,5586.13,13965.32,8379.19,0,North,Marketplace
104900,CUST00336,2024-04-02,Grocery,5,4260.94,0.0,0.0,21304.7,21304.7,0,West,Online
104901,CUST00777,2024-12-12,Sports,2,4119.38,0.0,0.0,8238.76,8238.76,0,South,Marketplace
104902,CUST00807,2024-07-10,Sports,4,426.09,0.4,681.74,1704.36,1022.62,0,South,Online
104903,CUST00848,2025-05-28,Electronics,1,1018.26,0.15,152.74,1018.26,865.52,0,South,Mobile App
104904,CUST00700,2025-03-05,Beauty,3,4005.24,0.15,1802.36,12015.72,10213.36,0,West,Marketplace
104905,CUST00156,2024-09-17,Beauty,3,550.52,0.0,0.0,1651.56,1651.56,0,Central,Online
104906,CUST00572,2025-06-24,Sports,5,4156.02,0.05,1039.0,20780.1,19741.1,0,South,Online
104907,CUST01009,2024-07-31,Grocery,3,2875.96,0.0,0.0,8627.88,8627.88,0,East,Online
104908,CUST01101,2025-05-09,Beauty,5,4446.87,0.4,8893.74,22234.35,13340.61,0,South,Mobile App
104909,CUST00298,2025-07-22,Grocery,5,0.0,0.25,0.0,0.0,0.0,0,Central,Marketplace
104910,CUST00725,2025-06-07,Beauty,3,2311.61,0.0,0.0,6934.83,6934.83,0,West,Marketplace
104911,CUST00052,2024-12-09,Sports,1,956.94,0.0,0.0,956.94,956.94,0,South,Marketplace
104912,CUST00517,2025-01-19,Electronics,1,947.32,0.0,0.0,947.32,947.32,0,West,Online
104913,CUST00817,2025-03-17,Grocery,4,4944.02,0.25,4944.02,19776.08,14832.06,0,Central,Online
104914,CUST00875,2024-11-18,Home & Kitchen,4,4556.08,0.4,7289.73,18224.32,10934.59,0,South,Marketplace
104915,CUST00974,2025-01-07,Beauty,2,1915.02,0.0,0.0,3830.04,3830.04,0,East,Retail Store
104916,CUST00168,2024-11-15,Grocery,3,3386.6,0.0,0.0,10159.8,10159.8,0,West,Online
104917,CUST00980,2024-05-01,Grocery,3,3859.48,0.1,1157.84,11578.44,10420.6,0,West,Marketplace
104918,CUST00385,2024-04-07,Grocery,1,1612.88,0.0,0.0,1612.88,1612.88,0,North,Marketplace
104919,CUST00108,2024-12-26,Grocery,1,2221.19,0.15,333.18,2221.19,1888.01,0,West,Retail Store
104920,CUST00293,2025-07-16,Grocery,2,1538.45,0.4,1230.76,3076.9,1846.14,0,Central,Online
104921,CUST00191,2024-07-31,Beauty,3,528.02,0.0,0.0,1584.06,1584.06,0,South,Online
104922,CUST00330,2024-07-30,Apparel,5,2521.18,0.0,0.0,12605.9,12605.9,0,West,Online
104923,CUST00539,2024-09-30,Electronics,3,3152.28,0.0,0.0,9456.84,9456.84,0,South,Online
104924,CUST00849,2024-07-26,Beauty,1,441.09,0.05,22.05,441.09,419.04,0,West,Online
104925,CUST00976,2024-09-25,Electronics,5,4829.02,0.0,0.0,24145.1,24145.1,0,Central,Online
104926,CUST01162,2024-10-21,Beauty,2,1238.84,0.15,371.65,2477.68,2106.03,0,East,Retail Store
104927,CUST00258,2024-09-05,Electronics,4,1087.94,0.1,435.18,4351.76,3916.58,0,Central,Retail Store
104928,CUST00810,2024-02-10,Grocery,2,4160.67,0.0,0.0,8321.34,8321.34,0,North,Online
104929,CUST00804,2025-07-26,Electronics,3,300.22,0.4,360.26,900.66,540.4,0,Central,Online
104930,CUST01144,2024-01-15,Grocery,3,4369.88,0.0,0.0,13109.64,13109.64,0,South,Online
104931,CUST00390,2025-03-26,Sports,3,3200.54,0.0,0.0,9601.62,9601.62,0,South,Online
104932,CUST00615,2024-05-17,Grocery,3,4314.62,0.0,0.0,12943.86,12943.86,0,South,Marketplace
104933,CUST00284,2025-06-24,Sports,4,3364.97,0.0,0.0,13459.88,13459.88,0,South,Marketplace
104934,CUST00131,2025-03-31,Beauty,3,4961.66,0.0,0.0,14884.98,14884.98,0,West,Retail Store
104935,CUST00380,2025-03-29,Electronics,1,4091.74,0.05,204.59,4091.74,3887.15,0,South,Online
104936,CUST00609,2025-04-04,Home & Kitchen,5,2721.75,0.0,0.0,13608.75,13608.75,0,East,Marketplace
104937,CUST00195,2024-09-16,Apparel,1,1629.59,0.05,81.48,1629.59,1548.11,0,South,Online
104938,CUST00349,2024-09-11,Apparel,5,2845.98,0.1,1422.99,14229.9,12806.91,0,Central,Online
104939,CUST01051,2025-08-03,Electronics,5,4352.8,0.0,0.0,21764.0,21764.0,0,East,Mobile App
104940,CUST00254,2024-04-10,Beauty,4,2489.82,0.1,995.93,9959.28,8963.35,0,Central,Mobile App
104941,CUST00099,2024-11-12,Home & Kitchen,2,3971.13,0.0,0.0,7942.26,7942.26,0,East,Marketplace
104942,CUST00888,2024-09-30,Beauty,4,1524.11,0.15,914.47,6096.44,5181.97,0,North,Marketplace
104943,CUST01037,2024-07-08,Electronics,2,654.11,0.0,0.0,1308.22,1308.22,0,North,Online
104944,CUST00771,2025-12-12,Home & Kitchen,3,4024.94,0.0,0.0,12074.82,12074.82,0,South,Online
104945,CUST00506,2025-08-06,Sports,2,1112.68,0.05,111.27,2225.36,2114.09,0,North,Online
104946,CUST00635,2025-08-20,Beauty,3,3930.37,0.0,0.0,11791.11,11791.11,0,West,Online
104947,CUST00831,2024-07-08,Beauty,1,3382.62,0.1,338.26,3382.62,3044.36,0,Central,Marketplace
104948,CUST00134,2024-11-16,Home & Kitchen,2,407.95,0.0,0.0,815.9,-815.9,1,Central,Online
104949,CUST00459,2024-09-17,Home & Kitchen,5,2106.71,0.0,0.0,10533.55,10533.55,0,South,Online
104950,CUST00628,2025-11-12,Beauty,3,941.07,0.0,0.0,2823.21,2823.21,0,West,Marketplace
104951,CUST00372,2025-03-10,Apparel,2,989.64,0.4,791.71,1979.28,1187.57,0,Central,Retail Store
104952,CUST00281,2024-07-22,Apparel,2,2357.31,0.0,0.0,4714.62,4714.62,0,West,Marketplace
104953,CUST00053,2024-06-01,Sports,1,224.56,0.0,0.0,224.56,224.56,0,North,Online
104954,CUST01120,2025-07-06,Home & Kitchen,2,3647.6,0.05,364.76,7295.2,6930.44,0,South,Online
104955,CUST00384,2025-07-09,Home & Kitchen,1,3002.33,0.05,150.12,3002.33,2852.21,0,Central,Retail Store
104956,CUST00811,2024-06-23,Beauty,5,4544.03,0.05,1136.01,22720.15,21584.14,0,North,Marketplace
104957,CUST00823,2024-11-06,Apparel,1,0.0,0.0,0.0,0.0,0.0,0,Central,Mobile App
104958,CUST01083,2025-04-20,Electronics,4,3133.75,0.05,626.75,12535.0,11908.25,0,West,Online
104959,CUST01125,2025-09-09,Electronics,4,1426.63,0.0,0.0,5706.52,5706.52,0,North,Online
104960,CUST00801,2024-11-04,Grocery,3,311.64,0.15,140.24,934.92,794.68,0,North,Marketplace
104961,CUST00464,2024-07-01,Sports,2,1141.97,0.05,114.2,2283.94,2169.74,0,North,Online
104962,CUST00381,2024-05-07,Grocery,5,3148.49,0.05,787.12,15742.45,14955.33,0,South,Mobile App
104963,CUST00195,2025-04-21,Electronics,4,1871.81,0.0,0.0,7487.24,7487.24,0,South,Online
104964,CUST01021,2024-09-20,Grocery,1,4852.92,0.0,0.0,4852.92,4852.92,0,West,Online
104965,CUST00554,2024-07-20,Apparel,2,3487.23,0.05,348.72,6974.46,6625.74,0,West,Online
104966,CUST00646,2024-04-10,Home & Kitchen,1,4920.1,0.0,0.0,4920.1,4920.1,0,South,Mobile App
104967,CUST01097,2025-01-12,Apparel,3,1080.3,0.0,0.0,3240.9,3240.9,0,West,Online
104968,CUST01180,2024-06-26,Apparel,5,4179.63,0.0,0.0,20898.15,20898.15,0,Central,Online
104969,CUST00629,2025-09-29,Home & Kitchen,2,535.56,0.0,0.0,1071.12,1071.12,0,West,Online
104970,CUST01178,2024-11-20,Home & Kitchen,2,4766.11,0.15,1429.83,9532.22,8102.39,0,West,Retail Store
104971,CUST00940,2025-04-17,Beauty,4,626.04,0.0,0.0,2504.16,2504.16,0,South,Online
104972,CUST00136,2025-07-27,Electronics,5,2797.96,0.4,5595.92,13989.8,8393.88,0,East,Online
104974,CUST00987,2024-03-06,Electronics,2,4835.67,0.0,0.0,9671.34,9671.34,0,Central,Online
104975,CUST00720,2024-02-01,Grocery,1,3562.28,0.0,0.0,3562.28,3562.28,0,Central,Online
104977,CUST00779,2025-05-20,Grocery,5,1298.7,0.15,974.02,6493.5,5519.48,0,Central,Online
104978,CUST00058,2025-06-24,Sports,3,2674.51,0.05,401.18,8023.53,7622.35,0,Central,Retail Store
104979,CUST00590,2025-04-11,Apparel,2,4050.29,0.05,405.03,8100.58,7695.55,0,North,Online
104980,CUST01161,2025-07-09,Grocery,1,620.34,0.15,93.05,620.34,527.29,0,South,Online
104981,CUST01178,2024-11-04,Sports,4,505.59,0.0,0.0,2022.36,2022.36,0,West,Retail Store
104982,CUST00371,2024-08-22,Grocery,5,1444.23,0.0,0.0,7221.15,7221.15,0,South,Marketplace
104985,CUST00356,2025-06-07,Electronics,2,3475.48,0.0,0.0,6950.96,6950.96,0,Central,Online
104986,CUST00363,2024-07-29,Apparel,1,1748.58,0.0,0.0,1748.58,1748.58,0,South,Online
104987,CUST01041,2024-08-05,Apparel,2,1808.95,0.0,0.0,3617.9,3617.9,0,West,Marketplace
104988,CUST00233,2024-10-13,Grocery,2,2917.42,0.1,583.48,5834.84,-5251.36,1,Central,Online
104989,CUST00481,2025-06-20,Beauty,3,4366.11,0.0,0.0,13098.33,13098.33,0,North,Mobile App
104990,CUST00985,2024-02-16,Beauty,5,4598.49,0.1,2299.25,22992.45,20693.2,0,Central,Marketplace
104991,CUST01179,2025-01-09,Sports,5,3619.96,0.0,0.0,18099.8,18099.8,0,East,Marketplace
104992,CUST00798,2025-04-01,Sports,3,792.01,0.1,237.6,2376.03,2138.43,0,West,Marketplace
104993,CUST01108,2025-09-27,Home & Kitchen,1,1513.74,0.0,0.0,1513.74,1513.74,0,East,Online
104994,CUST00093,2024-06-15,Home & Kitchen,5,2588.77,0.0,0.0,12943.85,12943.85,0,North,Online
104995,CUST00870,2024-02-13,Sports,5,3093.35,0.1,1546.68,15466.75,13920.07,0,West,Online
104996,CUST01073,2025-10-02,Beauty,2,3136.38,0.0,0.0,6272.76,-6272.76,1,North,Retail Store
104997,CUST00073,2025-05-11,Grocery,2,2939.94,0.0,0.0,5879.88,-5879.88,1,South,Marketplace
104998,CUST01151,2025-07-17,Home & Kitchen,2,2668.31,0.0,0.0,5336.62,5336.62,0,South,Online
104999,CUST00833,2025-09-14,Home & Kitchen,4,1160.35,0.0,0.0,4641.4,4641.4,0,Central,Online
105000,CUST00800,2025-03-24,Electronics,3,587.15,0.0,0.0,1761.45,1761.45,0,East,Online
105001,CUST00777,2025-04-13,Apparel,5,487.24,0.0,0.0,2436.2,2436.2,0,South,Marketplace
105002,CUST00161,2025-03-26,Electronics,5,3172.42,0.0,0.0,15862.1,15862.1,0,Central,Mobile App
105003,CUST00959,2024-04-22,Home & Kitchen,5,1747.66,0.0,0.0,8738.3,8738.3,0,Central,Online
105004,CUST00566,2024-03-03,Home & Kitchen,1,4098.79,0.0,0.0,4098.79,4098.79,0,Central,Marketplace
105006,CUST00043,2024-10-10,Apparel,4,437.71,0.15,262.63,1750.84,1488.21,0,East,Retail Store
105007,CUST01073,2024-12-11,Home & Kitchen,5,3166.59,0.1,1583.3,15832.95,14249.65,0,North,Retail Store
105008,CUST00622,2025-11-02,Beauty,5,3884.02,0.15,2913.02,19420.1,16507.08,0,Central,Online
105010,CUST00037,2024-04-08,Apparel,5,3765.78,0.0,0.0,18828.9,18828.9,0,South,Online
105011,CUST00995,2024-12-25,Electronics,5,4949.86,0.0,0.0,24749.3,24749.3,0,West,Marketplace
105012,CUST00208,2025-03-01,Apparel,4,2067.29,0.0,0.0,8269.16,8269.16,0,West,Online
105013,CUST00992,2025-04-02,Home & Kitchen,1,2938.06,0.0,0.0,2938.06,2938.06,0,Central,Online
105014,CUST00007,2024-06-22,Apparel,4,3000.35,0.1,1200.14,12001.4,10801.26,0,Central,Retail Store
105015,CUST01176,2025-01-10,Electronics,1,1296.99,0.1,129.7,1296.99,1167.29,0,Central,Retail Store
105016,CUST01090,2025-02-03,Grocery,1,4142.46,0.0,0.0,4142.46,4142.46,0,South,Online
105018,CUST00953,2024-07-29,Home & Kitchen,2,1940.4,0.0,0.0,3880.8,3880.8,0,South,Online
105019,CUST00256,2025-08-06,Electronics,4,3393.42,0.0,0.0,13573.68,13573.68,0,Central,Marketplace
105020,CUST00950,2025-12-12,Home & Kitchen,3,3245.74,0.05,486.86,9737.22,9250.36,0,South,Online
105021,CUST00826,2025-02-09,Sports,1,576.84,0.05,28.84,576.84,548.0,0,South,Marketplace
105022,CUST01060,2025-08-19,Electronics,1,2005.9,0.05,100.3,2005.9,1905.6,0,Central,Retail Store
105023,CUST00289,2024-06-29,Sports,5,1718.83,0.1,859.42,8594.15,-7734.73,1,West,Marketplace
105024,CUST00192,2025-07-16,Apparel,3,2077.29,0.05,311.59,6231.87,-5920.28,1,South,Retail Store
105025,CUST00881,2025-04-16,Sports,4,4546.45,0.1,1818.58,18185.8,16367.22,0,South,Online
105026,CUST00644,2025-02-01,Beauty,4,3487.85,0.0,0.0,13951.4,13951.4,0,West,Mobile App
105027,CUST01049,2024-07-01,Grocery,4,843.24,0.0,0.0,3372.96,3372.96,0,Central,Online
105028,CUST00354,2025-02-09,Apparel,1,1752.01,0.0,0.0,1752.01,1752.01,0,East,Online
105029,CUST01034,2024-03-20,Beauty,5,4693.06,0.0,0.0,23465.3,-23465.3,1,East,Marketplace
105030,CUST01107,2025-07-17,Apparel,4,371.19,0.0,0.0,1484.76,1484.76,0,North,Marketplace
105031,CUST00443,2024-10-07,Beauty,5,4339.83,0.0,0.0,21699.15,21699.15,0,Central,Online
105032,CUST00723,2025-06-06,Home & Kitchen,3,4830.13,0.0,0.0,14490.39,14490.39,0,East,Online
105033,CUST00561,2024-02-09,Sports,1,2414.67,0.0,0.0,2414.67,2414.67,0,West,Online
105034,CUST00359,2024-07-19,Grocery,3,1733.92,0.0,0.0,5201.76,5201.76,0,North,Online
105035,CUST00476,2025-01-29,Electronics,4,2660.1,0.0,0.0,10640.4,10640.4,0,Central,Online
105036,CUST00633,2025-01-17,Electronics,1,4660.88,0.0,0.0,4660.88,4660.88,0,East,Retail Store
105037,CUST00555,2025-04-02,Grocery,3,1858.63,0.0,0.0,5575.89,5575.89,0,South,Online
105038,CUST00117,2024-04-18,Electronics,5,581.69,0.1,290.84,2908.45,2617.61,0,East,Marketplace
105039,CUST00971,2024-09-19,Apparel,5,3320.82,0.05,830.2,16604.1,15773.9,0,North,Online
105040,CUST00628,2025-09-26,Sports,3,264.33,0.0,0.0,792.99,-792.99,1,West,Marketplace
105041,CUST00844,2025-03-31,Grocery,5,813.2,0.0,0.0,4066.0,4066.0,0,North,Marketplace
105042,CUST00787,2024-09-26,Grocery,3,4343.86,0.1,1303.16,13031.58,11728.42,0,East,Online
105043,CUST00173,2025-04-24,Beauty,4,1898.88,0.0,0.0,7595.52,7595.52,0,North,Online
105044,CUST00770,2024-09-04,Beauty,3,213.42,0.0,0.0,640.26,640.26,0,Central,Marketplace
105045,CUST00500,2025-06-08,Home & Kitchen,3,2605.83,0.15,1172.62,7817.49,6644.87,0,South,Marketplace
105046,CUST01172,2024-12-29,Apparel,3,255.49,0.1,76.65,766.47,689.82,0,West,Online
105047,CUST00449,2025-06-14,Sports,4,1785.32,0.0,0.0,7141.28,7141.28,0,West,Marketplace
105048,CUST00869,2024-08-12,Home & Kitchen,3,3985.33,0.05,597.8,11955.99,11358.19,0,West,Marketplace
105049,CUST00231,2025-03-02,Home & Kitchen,4,1891.36,0.0,0.0,7565.44,7565.44,0,East,Marketplace
105050,CUST00367,2025-10-19,Sports,5,2534.08,0.0,0.0,12670.4,12670.4,0,East,Retail Store
105051,CUST00662,2024-11-17,Apparel,4,3851.78,0.1,1540.71,15407.12,13866.41,0,West,Online
105052,CUST00069,2024-06-15,Apparel,5,1515.45,0.1,757.72,7577.25,6819.53,0,North,Marketplace
105053,CUST00260,2025-03-20,Beauty,2,3631.27,0.0,0.0,7262.54,7262.54,0,West,Retail Store
105054,CUST01012,2024-11-23,Apparel,1,2625.03,0.0,0.0,2625.03,2625.03,0,South,Mobile App
105055,CUST00185,2025-06-02,Grocery,2,1030.52,0.4,824.42,2061.04,1236.62,0,North,Retail Store
105056,CUST00427,2024-05-28,Beauty,1,3888.08,0.0,0.0,3888.08,3888.08,0,South,Retail Store
105057,CUST00131,2025-02-16,Grocery,5,1831.28,0.0,0.0,9156.4,9156.4,0,West,Retail Store
105058,CUST00186,2025-06-02,Grocery,2,1704.56,0.05,170.46,3409.12,3238.66,0,North,Marketplace
105059,CUST00250,2024-09-03,Sports,1,4766.92,0.0,0.0,4766.92,4766.92,0,Central,Marketplace
105060,CUST00448,2024-08-13,Apparel,5,1883.55,0.0,0.0,9417.75,9417.75,0,East,Marketplace
105061,CUST01051,2025-09-18,Grocery,5,4431.82,0.4,8863.64,22159.1,13295.46,0,East,Mobile App
105062,CUST00437,2025-05-08,Home & Kitchen,5,4824.83,0.0,0.0,24124.15,24124.15,0,North,Mobile App
105063,CUST01179,2025-09-14,Sports,5,3399.35,0.1,1699.68,16996.75,15297.07,0,East,Marketplace
105064,CUST01128,2024-05-26,Home & Kitchen,2,2947.33,0.0,0.0,5894.66,5894.66,0,North,Marketplace
105066,CUST00971,2025-01-14,Electronics,3,667.47,0.4,800.96,2002.41,1201.45,0,North,Online
105067,CUST00413,2025-03-23,Grocery,3,3892.35,0.0,0.0,11677.05,11677.05,0,North,Mobile App
105068,CUST00554,2024-04-22,Apparel,1,3533.09,0.0,0.0,3533.09,3533.09,0,West,Online
105069,CUST01166,2025-05-10,Electronics,1,4674.83,0.0,0.0,4674.83,4674.83,0,East,Marketplace
105070,CUST00632,2025-10-04,Electronics,3,4277.04,0.0,0.0,12831.12,12831.12,0,West,Marketplace
105071,CUST00006,2024-10-31,Sports,3,1677.23,0.0,0.0,5031.69,5031.69,0,East,Retail Store
105073,CUST01062,2024-12-07,Beauty,2,2738.29,0.15,821.49,5476.58,4655.09,0,Central,Marketplace
105074,CUST00771,2025-03-17,Beauty,2,4294.55,0.05,429.46,8589.1,8159.64,0,South,Online
105075,CUST01088,2024-04-14,Beauty,1,3117.54,0.0,0.0,3117.54,3117.54,0,East,Marketplace
105076,CUST00920,2024-03-28,Electronics,1,1705.0,0.1,170.5,1705.0,1534.5,0,South,Retail Store
105077,CUST00244,2025-10-22,Electronics,4,860.46,0.0,0.0,3441.84,3441.84,0,East,Online
105078,CUST00190,2024-09-28,Home & Kitchen,1,2823.0,0.25,705.75,2823.0,2117.25,0,West,Online
105079,CUST00149,2025-04-25,Grocery,2,4998.04,0.1,999.61,9996.08,8996.47,0,West,Online
105080,CUST00216,2024-10-30,Electronics,4,2796.23,0.15,1677.74,11184.92,9507.18,0,South,Online
105081,CUST00248,2025-07-05,Grocery,2,3806.24,0.1,761.25,7612.48,6851.23,0,East,Online
105082,CUST00057,2024-04-23,Electronics,4,341.42,0.1,136.57,1365.68,1229.11,0,Central,Online
105083,CUST00477,2024-01-17,Home & Kitchen,3,1179.55,0.0,0.0,3538.65,3538.65,0,Central,Online
105084,CUST00939,2024-07-14,Sports,1,2274.07,0.0,0.0,2274.07,2274.07,0,Central,Retail Store
105085,CUST01029,2025-07-07,Home & Kitchen,1,265.93,0.0,0.0,265.93,265.93,0,Central,Online
105086,CUST00616,2025-04-19,Apparel,2,1417.6,0.05,141.76,2835.2,2693.44,0,West,Online
105087,CUST00961,2025-06-22,Beauty,5,1002.08,0.0,0.0,5010.4,5010.4,0,West,Retail Store
105088,CUST00750,2025-08-15,Beauty,1,672.03,0.0,0.0,672.03,672.03,0,Central,Online
105089,CUST00575,2024-10-05,Grocery,2,4515.33,0.0,0.0,9030.66,9030.66,0,Central,Online
105090,CUST00998,2025-03-23,Sports,1,3770.86,0.0,0.0,3770.86,3770.86,0,Central,Retail Store
105091,CUST01030,2024-05-13,Sports,1,553.38,0.4,221.35,553.38,332.03,0,North,Online
105092,CUST00686,2024-10-03,Electronics,1,2921.22,0.05,146.06,2921.22,2775.16,0,South,Online
105093,CUST00716,2024-01-29,Grocery,5,258.02,0.1,129.01,1290.1,1161.09,0,West,Marketplace
105094,CUST01110,2025-02-11,Grocery,5,2437.27,0.0,0.0,12186.35,12186.35,0,East,Retail Store
105095,CUST00440,2025-07-06,Home & Kitchen,4,4020.04,0.0,0.0,16080.16,16080.16,0,Central,Marketplace
105096,CUST00648,2024-02-08,Home & Kitchen,3,816.39,0.0,0.0,2449.17,2449.17,0,West,Mobile App
105097,CUST00345,2025-06-01,Sports,2,368.74,0.4,294.99,737.48,442.49,0,West,Online
105098,CUST00982,2024-04-16,Beauty,5,2133.02,0.0,0.0,10665.1,10665.1,0,South,Online
105099,CUST00564,2025-07-08,Home & Kitchen,1,3373.99,0.0,0.0,3373.99,3373.99,0,North,Marketplace
105100,CUST01078,2025-05-09,Grocery,1,1840.59,0.0,0.0,1840.59,1840.59,0,West,Marketplace
105101,CUST00224,2025-11-06,Sports,3,4457.48,0.0,0.0,13372.44,13372.44,0,West,Mobile App
105102,CUST00940,2025-08-28,Grocery,1,4288.36,0.0,0.0,4288.36,4288.36,0,South,Online
105103,CUST01181,2025-10-10,Beauty,5,1203.32,0.0,0.0,6016.6,6016.6,0,North,Online
105104,CUST00462,2025-02-20,Electronics,4,1043.94,0.1,417.58,4175.76,3758.18,0,Central,Marketplace
105106,CUST00981,2024-04-21,Beauty,2,4437.33,0.1,887.47,8874.66,7987.19,0,West,Retail Store
105107,CUST01027,2025-01-23,Sports,4,1592.91,0.15,955.75,6371.64,5415.89,0,North,Online
105108,CUST00045,2025-03-26,Home & Kitchen,4,949.16,0.0,0.0,3796.64,3796.64,0,North,Marketplace
105109,CUST00265,2024-05-06,Beauty,4,2019.33,0.05,403.87,8077.32,7673.45,0,North,Online
105110,CUST01142,2024-12-06,Home & Kitchen,4,2182.95,0.05,436.59,8731.8,8295.21,0,Central,Online
105111,CUST00167,2025-04-10,Electronics,2,3477.08,0.0,0.0,6954.16,6954.16,0,North,Online
105112,CUST00098,2025-08-14,Apparel,5,4664.39,0.1,2332.2,23321.95,20989.75,0,Central,Marketplace
105113,CUST00789,2024-07-28,Apparel,3,2376.36,0.15,1069.36,7129.08,6059.72,0,West,Online
105114,CUST00436,2024-03-29,Home & Kitchen,4,1342.93,0.0,0.0,5371.72,5371.72,0,Central,Online
105115,CUST00328,2024-10-09,Home & Kitchen,3,3703.53,0.0,0.0,11110.59,11110.59,0,North,Online
105116,CUST01102,2025-03-08,Apparel,2,1383.6,0.0,0.0,2767.2,2767.2,0,East,Mobile App
105117,CUST00118,2025-07-06,Grocery,1,3293.17,0.0,0.0,3293.17,3293.17,0,East,Online
105118,CUST01083,2025-01-19,Grocery,2,2495.97,0.25,1247.98,4991.94,3743.96,0,West,Online
105119,CUST00553,2025-10-13,Home & Kitchen,3,3184.67,0.0,0.0,9554.01,9554.01,0,East,Retail Store
105120,CUST00841,2024-10-09,Apparel,2,4299.19,0.0,0.0,8598.38,8598.38,0,Central,Marketplace
105121,CUST00406,2025-07-12,Home & Kitchen,3,4741.97,0.0,0.0,14225.91,14225.91,0,Central,Retail Store
105122,CUST01088,2024-04-23,Home & Kitchen,5,2218.56,0.0,0.0,11092.8,11092.8,0,East,Marketplace
105123,CUST00265,2024-07-12,Sports,1,4640.28,0.1,464.03,4640.28,4176.25,0,North,Online
105124,CUST00776,2024-10-29,Home & Kitchen,5,721.24,0.25,901.55,3606.2,2704.65,0,Central,Retail Store
105125,CUST00748,2025-04-09,Sports,2,405.56,0.1,81.11,811.12,-730.01,1,West,Marketplace
105126,CUST00715,2025-02-17,Grocery,2,1172.95,0.0,0.0,2345.9,2345.9,0,West,Mobile App
105127,CUST00602,2024-09-16,Grocery,1,291.15,0.05,14.56,291.15,276.59,0,East,Online
105128,CUST00679,2025-09-29,Sports,3,3908.64,0.0,0.0,11725.92,11725.92,0,East,Marketplace
105129,CUST00159,2024-10-26,Sports,3,3297.4,0.0,0.0,9892.2,9892.2,0,Central,Online
105130,CUST00716,2024-01-14,Grocery,5,4813.15,0.05,1203.29,24065.75,22862.46,0,West,Marketplace
105131,CUST00754,2024-09-27,Grocery,1,2383.72,0.1,238.37,2383.72,2145.35,0,West,Retail Store
105132,CUST01090,2024-08-13,Sports,2,1253.25,0.05,125.32,2506.5,2381.18,0,South,Online
105133,CUST00474,2025-07-26,Home & Kitchen,3,3954.33,0.0,0.0,11862.99,11862.99,0,East,Online
105135,CUST00964,2024-09-24,Apparel,5,3852.21,0.0,0.0,19261.05,19261.05,0,South,Marketplace
105136,CUST01037,2024-02-25,Apparel,5,3092.74,0.0,0.0,15463.7,15463.7,0,North,Online
105137,CUST01176,2024-12-11,Grocery,5,1212.44,0.0,0.0,6062.2,6062.2,0,Central,Retail Store
105138,CUST00139,2025-11-05,Sports,2,2714.6,0.1,542.92,5429.2,4886.28,0,East,Online
105139,CUST00378,2024-04-22,Sports,3,4401.71,0.15,1980.77,13205.13,11224.36,0,Central,Retail Store
105140,CUST01066,2024-02-25,Electronics,4,2809.76,0.0,0.0,11239.04,11239.04,0,South,Mobile App
105141,CUST00542,2025-02-02,Sports,3,1867.07,0.0,0.0,5601.21,5601.21,0,West,Online
105142,CUST00533,2025-03-13,Sports,4,2595.58,0.0,0.0,10382.32,10382.32,0,South,Mobile App
105143,CUST01178,2024-07-22,Apparel,5,822.8,0.0,0.0,4114.0,4114.0,0,West,Retail Store
105144,CUST00740,2024-07-02,Sports,3,1700.18,0.0,0.0,5100.54,5100.54,0,East,Retail Store
105145,CUST00972,2025-05-07,Apparel,3,2844.37,0.0,0.0,8533.11,8533.11,0,West,Retail Store
105146,CUST01129,2025-06-14,Sports,5,1934.26,0.0,0.0,9671.3,9671.3,0,Central,Marketplace
105147,CUST00352,2025-08-26,Grocery,2,2223.26,0.0,0.0,4446.52,4446.52,0,Central,Marketplace
105148,CUST00749,2024-12-06,Home & Kitchen,5,2963.0,0.0,0.0,14815.0,14815.0,0,North,Online
105149,CUST00304,2024-08-22,Home & Kitchen,4,3625.6,0.0,0.0,14502.4,14502.4,0,North,Marketplace
105150,CUST01009,2024-08-16,Home & Kitchen,3,1750.71,0.1,525.21,5252.13,4726.92,0,East,Online
105151,CUST00262,2024-12-21,Electronics,5,2181.32,0.05,545.33,10906.6,10361.27,0,West,Retail Store
105152,CUST00775,2025-04-06,Sports,5,2959.96,0.0,0.0,14799.8,14799.8,0,Central,Retail Store
105153,CUST00879,2024-05-20,Sports,1,4359.98,0.0,0.0,4359.98,4359.98,0,West,Retail Store
105154,CUST00638,2025-03-23,Electronics,3,4261.35,0.0,0.0,12784.05,12784.05,0,North,Online
105155,CUST00389,2024-12-25,Grocery,4,4374.84,0.15,2624.9,17499.36,14874.46,0,North,Marketplace
105156,CUST00979,2025-04-30,Sports,3,1209.54,0.0,0.0,3628.62,3628.62,0,Central,Marketplace
105157,CUST00528,2025-04-28,Apparel,4,4269.53,0.0,0.0,17078.12,17078.12,0,North,Marketplace
105158,CUST01099,2024-09-13,Electronics,2,1254.95,0.0,0.0,2509.9,2509.9,0,West,Marketplace
105159,CUST00251,2024-08-24,Home & Kitchen,3,1785.75,0.0,0.0,5357.25,5357.25,0,North,Online
105160,CUST00966,2024-06-29,Apparel,2,3609.96,0.0,0.0,7219.92,7219.92,0,West,Retail Store
105161,CUST00793,2025-06-25,Sports,4,592.36,0.05,118.47,2369.44,2250.97,0,Central,Online
105162,CUST00412,2025-08-07,Home & Kitchen,2,2627.57,0.0,0.0,5255.14,-5255.14,1,North,Retail Store
105163,CUST00202,2025-04-11,Electronics,4,4188.69,0.1,1675.48,16754.76,15079.28,0,East,Online
105164,CUST00897,2024-12-29,Home & Kitchen,2,4673.82,0.05,467.38,9347.64,-8880.26,1,West,Retail Store
105165,CUST01019,2024-09-19,Beauty,5,834.56,0.0,0.0,4172.8,4172.8,0,North,Retail Store
105166,CUST01141,2025-02-03,Sports,1,623.55,0.0,0.0,623.55,-623.55,1,North,Retail Store
105167,CUST01138,2024-04-01,Electronics,4,3438.34,0.25,3438.34,13753.36,10315.02,0,South,Online
105168,CUST00743,2024-12-09,Grocery,1,4026.44,0.0,0.0,4026.44,-4026.44,1,West,Online
105169,CUST00963,2025-01-02,Electronics,3,4518.7,0.1,1355.61,13556.1,12200.49,0,South,Online
105170,CUST01066,2024-11-06,Home & Kitchen,5,3460.98,0.0,0.0,17304.9,17304.9,0,South,Mobile App
105172,CUST00241,2025-02-12,Home & Kitchen,2,1509.45,0.0,0.0,3018.9,3018.9,0,Central,Online
105174,CUST00152,2024-09-27,Beauty,3,1814.75,0.25,1361.06,5444.25,4083.19,0,North,Retail Store
105175,CUST01078,2025-03-04,Apparel,3,634.98,0.0,0.0,1904.94,1904.94,0,West,Marketplace
105176,CUST00207,2024-07-31,Grocery,4,2175.56,0.1,870.22,8702.24,7832.02,0,South,Online
105177,CUST00729,2024-11-03,Sports,1,4470.54,0.25,1117.64,4470.54,3352.9,0,East,Online
105178,CUST00686,2024-08-29,Grocery,5,3477.01,0.0,0.0,17385.05,17385.05,0,South,Online
105179,CUST00846,2025-07-09,Home & Kitchen,1,3440.15,0.0,0.0,3440.15,3440.15,0,West,Marketplace
105180,CUST00033,2025-03-13,Grocery,3,3039.65,0.0,0.0,9118.95,9118.95,0,East,Online
105181,CUST00787,2024-12-04,Beauty,5,1648.3,0.0,0.0,8241.5,8241.5,0,East,Online
105182,CUST00297,2024-08-24,Beauty,3,3361.06,0.25,2520.8,10083.18,7562.38,0,West,Retail Store
105183,CUST00489,2024-12-19,Beauty,1,3851.56,0.4,1540.62,3851.56,2310.94,0,South,Retail Store
105184,CUST00162,2024-10-17,Grocery,5,448.68,0.0,0.0,2243.4,2243.4,0,South,Marketplace
105185,CUST00982,2024-04-27,Electronics,1,1781.97,0.0,0.0,1781.97,1781.97,0,South,Online
105186,CUST00618,2025-03-31,Sports,3,3874.85,0.4,4649.82,11624.55,-6974.73,1,South,Online
105187,CUST00577,2025-04-21,Grocery,1,2881.03,0.0,0.0,2881.03,2881.03,0,North,Marketplace
105188,CUST00618,2025-05-24,Apparel,2,4913.87,0.0,0.0,9827.74,9827.74,0,South,Online
105189,CUST00730,2024-11-25,Sports,2,2791.91,0.0,0.0,5583.82,5583.82,0,South,Mobile App
105190,CUST00071,2024-09-18,Electronics,1,1686.72,0.0,0.0,1686.72,1686.72,0,East,Retail Store
105191,CUST00947,2025-07-29,Beauty,5,3567.12,0.1,1783.56,17835.6,16052.04,0,West,Mobile App
105192,CUST00727,2025-06-23,Apparel,4,3106.89,0.05,621.38,12427.56,11806.18,0,East,Online
105193,CUST01182,2025-06-25,Apparel,4,399.18,0.0,0.0,1596.72,1596.72,0,South,Marketplace
105194,CUST00166,2024-05-09,Electronics,3,3327.54,0.0,0.0,9982.62,9982.62,0,North,Retail Store
105195,CUST00888,2024-10-23,Home & Kitchen,2,3219.1,0.0,0.0,6438.2,6438.2,0,North,Marketplace
105196,CUST00178,2025-06-16,Electronics,5,855.31,0.0,0.0,4276.55,4276.55,0,North,Online
105197,CUST00294,2025-03-25,Sports,1,4316.76,0.0,0.0,4316.76,4316.76,0,Central,Online
105198,CUST00758,2024-05-17,Grocery,4,3567.94,0.15,2140.76,14271.76,12131.0,0,Central,Retail Store
105199,CUST00885,2024-12-14,Apparel,5,3539.33,0.0,0.0,17696.65,17696.65,0,South,Online
105200,CUST01058,2025-03-06,Apparel,5,2162.02,0.1,1081.01,10810.1,9729.09,0,South,Marketplace
105201,CUST00113,2025-05-15,Apparel,4,3723.52,0.15,2234.11,14894.08,12659.97,0,West,Online
105203,CUST00973,2025-01-24,Grocery,4,4219.71,0.0,0.0,16878.84,16878.84,0,East,Retail Store
105204,CUST00323,2024-05-06,Apparel,3,1578.88,0.05,236.83,4736.64,4499.81,0,North,Online
105205,CUST01189,2024-04-10,Home & Kitchen,5,3685.39,0.0,0.0,18426.95,18426.95,0,West,Marketplace
105206,CUST00758,2024-06-20,Electronics,4,2430.49,0.0,0.0,9721.96,9721.96,0,Central,Retail Store
105207,CUST00032,2025-06-16,Sports,4,3193.33,0.25,3193.33,12773.32,9579.99,0,South,Mobile App
105208,CUST00891,2025-02-03,Sports,4,3893.22,0.0,0.0,15572.88,15572.88,0,North,Online
105209,CUST00478,2025-02-24,Home & Kitchen,2,886.83,0.0,0.0,1773.66,1773.66,0,East,Marketplace
105210,CUST00166,2025-01-29,Grocery,5,4311.72,0.0,0.0,21558.6,21558.6,0,North,Retail Store
105211,CUST01015,2025-02-24,Apparel,2,327.72,0.0,0.0,655.44,655.44,0,East,Online
105212,CUST00533,2024-12-08,Grocery,4,2958.15,0.15,1774.89,11832.6,10057.71,0,South,Mobile App
105213,CUST01178,2024-08-19,Grocery,5,1815.15,0.05,453.79,9075.75,8621.96,0,West,Retail Store
105214,CUST01070,2024-08-26,Home & Kitchen,3,872.27,0.15,392.52,2616.81,2224.29,0,West,Online
105215,CUST00392,2025-09-18,Sports,3,4834.43,0.0,0.0,14503.29,14503.29,0,South,Mobile App
105216,CUST00619,2024-11-03,Home & Kitchen,4,897.18,0.0,0.0,3588.72,3588.72,0,West,Online
105217,CUST00090,2024-12-26,Home & Kitchen,2,2701.9,0.0,0.0,5403.8,5403.8,0,South,Online
105218,CUST00667,2025-01-19,Sports,1,3824.01,0.0,0.0,3824.01,3824.01,0,East,Marketplace
105220,CUST00177,2025-07-16,Sports,3,4803.76,0.25,3602.82,14411.28,10808.46,0,West,Marketplace
105221,CUST00858,2024-07-17,Home & Kitchen,2,3138.74,0.1,627.75,6277.48,5649.73,0,Central,Online
105222,CUST00872,2025-07-30,Home & Kitchen,5,3648.07,0.0,0.0,18240.35,18240.35,0,North,Online
105223,CUST00523,2025-01-28,Grocery,3,587.3,0.0,0.0,1761.9,1761.9,0,Central,Marketplace
105224,CUST00023,2024-09-06,Grocery,4,1125.36,0.0,0.0,4501.44,4501.44,0,East,Marketplace
105225,CUST01187,2025-01-02,Grocery,4,1364.79,0.1,545.92,5459.16,4913.24,0,North,Retail Store
105226,CUST00532,2024-10-22,Grocery,1,3131.44,0.0,0.0,3131.44,3131.44,0,Central,Online
105227,CUST00496,2025-08-31,Apparel,4,3774.61,0.0,0.0,15098.44,-15098.44,1,West,Online
105228,CUST00831,2024-06-01,Home & Kitchen,3,2920.46,0.0,0.0,8761.38,-8761.38,1,Central,Marketplace
105229,CUST00552,2025-06-10,Beauty,1,2378.24,0.15,356.74,2378.24,2021.5,0,North,Marketplace
105230,CUST00570,2024-08-18,Home & Kitchen,3,1592.81,0.0,0.0,4778.43,4778.43,0,East,Retail Store
105231,CUST00023,2024-08-16,Apparel,2,2742.67,0.0,0.0,5485.34,5485.34,0,East,Marketplace
105232,CUST00707,2025-09-12,Home & Kitchen,2,3130.15,0.15,939.04,6260.3,5321.26,0,South,Retail Store
105233,CUST00071,2024-08-12,Beauty,4,4645.4,0.0,0.0,18581.6,18581.6,0,East,Retail Store
105234,CUST01080,2025-09-03,Sports,5,832.12,0.0,0.0,4160.6,-4160.6,1,North,Marketplace
105235,CUST00200,2024-08-21,Sports,1,1102.01,0.0,0.0,1102.01,1102.01,0,East,Retail Store
105236,CUST00002,2025-06-22,Beauty,4,844.76,0.0,0.0,3379.04,-3379.04,1,East,Online
105237,CUST01180,2024-10-06,Apparel,3,1840.3,0.05,276.04,5520.9,5244.86,0,Central,Online
105238,CUST00804,2025-09-26,Beauty,5,3397.24,0.05,849.31,16986.2,16136.89,0,Central,Online
105239,CUST00608,2024-09-02,Home & Kitchen,5,1410.85,0.0,0.0,7054.25,7054.25,0,South,Marketplace
105240,CUST00642,2025-06-14,Electronics,1,1924.08,0.25,481.02,1924.08,1443.06,0,North,Online
105241,CUST00831,2024-06-11,Sports,2,2181.98,0.0,0.0,4363.96,4363.96,0,Central,Marketplace
105242,CUST00928,2025-12-20,Apparel,1,2002.68,0.4,801.07,2002.68,1201.61,0,West,Online
105243,CUST00606,2024-05-21,Sports,3,1440.48,0.0,0.0,4321.44,4321.44,0,West,Marketplace
105244,CUST01080,2025-06-24,Sports,4,4485.29,0.0,0.0,17941.16,17941.16,0,North,Marketplace
105245,CUST00251,2024-09-19,Home & Kitchen,5,2818.85,0.0,0.0,14094.25,14094.25,0,North,Online
105246,CUST00335,2025-04-26,Home & Kitchen,5,3494.09,0.0,0.0,17470.45,17470.45,0,Central,Mobile App
105247,CUST00977,2025-08-03,Sports,5,1034.55,0.0,0.0,5172.75,5172.75,0,South,Mobile App
105248,CUST00860,2025-09-01,Electronics,5,272.4,0.15,204.3,1362.0,1157.7,0,South,Marketplace
105249,CUST00056,2025-03-18,Electronics,3,3674.07,0.0,0.0,11022.21,11022.21,0,West,Retail Store
105250,CUST00976,2024-09-30,Apparel,1,1329.05,0.0,0.0,1329.05,1329.05,0,Central,Online
105251,CUST00977,2025-08-11,Electronics,3,4492.22,0.0,0.0,13476.66,13476.66,0,South,Mobile App
105252,CUST00677,2025-05-06,Beauty,4,4386.04,0.15,2631.62,17544.16,14912.54,0,East,Online
105253,CUST00565,2025-05-02,Electronics,4,1279.53,0.0,0.0,5118.12,5118.12,0,Central,Online
105254,CUST00753,2024-12-05,Home & Kitchen,4,2911.14,0.0,0.0,11644.56,-11644.56,1,Central,Mobile App
105255,CUST00670,2024-11-07,Sports,3,1077.47,0.05,161.62,3232.41,3070.79,0,West,Online
105256,CUST00793,2025-03-20,Home & Kitchen,2,4124.8,0.05,412.48,8249.6,7837.12,0,Central,Online
105257,CUST01034,2024-11-25,Apparel,1,2939.34,0.0,0.0,2939.34,2939.34,0,East,Marketplace
105258,CUST00600,2024-10-18,Apparel,5,4936.37,0.0,0.0,24681.85,24681.85,0,Central,Retail Store
105259,CUST01135,2025-04-25,Home & Kitchen,4,4810.88,0.05,962.18,19243.52,18281.34,0,South,Marketplace
105260,CUST00586,2025-07-12,Grocery,5,2902.61,0.0,0.0,14513.05,14513.05,0,Central,Online
105261,CUST00624,2024-08-20,Grocery,4,2780.39,0.1,1112.16,11121.56,-10009.4,1,South,Online
105262,CUST00344,2025-09-20,Apparel,4,2522.13,0.4,4035.41,10088.52,6053.11,0,Central,Mobile App
105263,CUST01057,2025-09-21,Grocery,2,0.0,0.1,0.0,0.0,-0.0,1,East,Marketplace
105264,CUST00355,2025-02-09,Beauty,2,2681.03,0.0,0.0,5362.06,5362.06,0,Central,Online
105265,CUST00333,2024-04-01,Home & Kitchen,3,1918.35,0.0,0.0,5755.05,-5755.05,1,East,Retail Store
105266,CUST00533,2024-11-13,Sports,2,0.0,0.0,0.0,0.0,-0.0,1,South,Mobile App
105267,CUST01177,2025-08-10,Home & Kitchen,5,255.6,0.1,127.8,1278.0,1150.2,0,West,Retail Store
105268,CUST00109,2025-04-17,Sports,4,4620.41,0.0,0.0,18481.64,18481.64,0,Central,Online
105269,CUST00825,2024-01-31,Sports,4,2089.82,0.25,2089.82,8359.28,6269.46,0,East,Marketplace
105270,CUST00799,2024-09-23,Home & Kitchen,4,2226.24,0.0,0.0,8904.96,8904.96,0,South,Marketplace
105271,CUST01057,2025-05-27,Home & Kitchen,4,4419.54,0.0,0.0,17678.16,17678.16,0,East,Marketplace
105272,CUST00388,2025-03-31,Grocery,1,1957.44,0.0,0.0,1957.44,1957.44,0,South,Online
105273,CUST00970,2025-08-18,Electronics,3,355.63,0.1,106.69,1066.89,960.2,0,Central,Online
105275,CUST01136,2024-06-21,Apparel,2,679.52,0.0,0.0,1359.04,1359.04,0,Central,Online
105276,CUST00559,2024-12-29,Grocery,5,1029.34,0.15,772.0,5146.7,4374.7,0,Central,Retail Store
105277,CUST00131,2025-03-03,Grocery,4,710.49,0.0,0.0,2841.96,2841.96,0,West,Retail Store
105278,CUST00160,2024-03-10,Grocery,4,2092.23,0.0,0.0,8368.92,8368.92,0,North,Online
105279,CUST00895,2025-05-16,Sports,2,3395.32,0.0,0.0,6790.64,6790.64,0,North,Mobile App
105280,CUST00941,2024-10-10,Grocery,1,4176.16,0.15,626.42,4176.16,3549.74,0,South,Online
105281,CUST00817,2025-04-11,Sports,3,1404.3,0.15,631.93,4212.9,3580.97,0,Central,Online
105282,CUST00763,2025-01-13,Apparel,1,783.37,0.0,0.0,783.37,783.37,0,West,Mobile App
105283,CUST01181,2025-09-24,Beauty,2,349.79,0.15,104.94,699.58,594.64,0,North,Online
105284,CUST00384,2025-06-02,Grocery,3,4773.26,0.05,715.99,14319.78,-13603.79,1,Central,Retail Store
105285,CUST00276,2025-08-30,Beauty,5,770.41,0.4,1540.82,3852.05,2311.23,0,South,Online
105286,CUST01107,2025-07-09,Beauty,3,2461.3,0.05,369.2,7383.9,7014.7,0,North,Marketplace
105287,CUST00122,2024-04-16,Sports,5,1829.59,0.15,1372.19,9147.95,7775.76,0,South,Online
105288,CUST00970,2025-06-12,Home & Kitchen,1,1008.23,0.0,0.0,1008.23,1008.23,0,Central,Online
105289,CUST00989,2024-04-09,Beauty,1,2069.99,0.0,0.0,2069.99,2069.99,0,West,Mobile App
105290,CUST00429,2025-02-20,Apparel,2,3605.88,0.0,0.0,7211.76,7211.76,0,Central,Marketplace
105291,CUST00944,2024-05-08,Electronics,2,3951.98,0.0,0.0,7903.96,7903.96,0,Central,Online
105292,CUST00569,2024-12-28,Beauty,1,2098.67,0.15,314.8,2098.67,1783.87,0,South,Marketplace
105293,CUST00550,2025-09-10,Sports,4,230.53,0.15,138.32,922.12,783.8,0,South,Online
105294,CUST00380,2025-12-03,Sports,5,4926.62,0.25,6158.28,24633.1,18474.82,0,South,Online
105295,CUST00436,2024-08-16,Home & Kitchen,2,4796.45,0.0,0.0,9592.9,9592.9,0,Central,Online
105296,CUST00925,2024-12-04,Apparel,3,1363.35,0.0,0.0,4090.05,4090.05,0,East,Online
105297,CUST00505,2025-07-09,Electronics,2,3868.7,0.05,386.87,7737.4,7350.53,0,South,Marketplace
105298,CUST00588,2024-04-14,Beauty,3,1940.7,0.0,0.0,5822.1,5822.1,0,West,Online
105299,CUST00632,2025-06-10,Beauty,4,3407.26,0.0,0.0,13629.04,13629.04,0,West,Marketplace
105300,CUST00729,2025-08-04,Sports,4,628.55,0.0,0.0,2514.2,2514.2,0,East,Online
105301,CUST00302,2025-04-07,Beauty,2,1344.89,0.1,268.98,2689.78,2420.8,0,North,Online
105302,CUST00270,2024-12-08,Sports,5,4475.02,0.05,1118.75,22375.1,21256.35,0,Central,Online
105303,CUST00225,2025-02-23,Apparel,3,4291.23,0.0,0.0,12873.69,12873.69,0,West,Online
105304,CUST00344,2024-10-12,Apparel,1,1306.68,0.0,0.0,1306.68,1306.68,0,Central,Mobile App
105305,CUST00281,2025-06-23,Grocery,1,520.02,0.0,0.0,520.02,520.02,0,West,Marketplace
105306,CUST01095,2025-07-25,Beauty,2,758.74,0.0,0.0,1517.48,1517.48,0,North,Retail Store
105307,CUST01048,2024-02-18,Home & Kitchen,5,2885.91,0.25,3607.39,14429.55,10822.16,0,North,Retail Store
105308,CUST00205,2024-06-27,Electronics,3,2707.93,0.0,0.0,8123.79,8123.79,0,North,Online
105309,CUST00566,2024-04-08,Apparel,2,3312.56,0.15,993.77,6625.12,-5631.35,1,Central,Marketplace
105311,CUST01065,2025-08-16,Beauty,3,1346.99,0.0,0.0,4040.97,4040.97,0,Central,Retail Store
105312,CUST00120,2025-04-10,Beauty,4,400.55,0.25,400.55,1602.2,1201.65,0,South,Marketplace
105314,CUST00411,2024-10-30,Grocery,4,1959.5,0.0,0.0,7838.0,7838.0,0,South,Marketplace
105315,CUST00796,2025-06-12,Apparel,3,3375.97,0.15,1519.19,10127.91,8608.72,0,South,Retail Store
105316,CUST01161,2025-06-07,Sports,5,2982.08,0.15,2236.56,14910.4,12673.84,0,South,Online
105317,CUST01028,2025-04-29,Electronics,1,4212.5,0.0,0.0,4212.5,4212.5,0,West,Online
105318,CUST00632,2025-09-21,Electronics,4,3371.17,0.0,0.0,13484.68,-13484.68,1,West,Marketplace
105319,CUST00272,2024-04-24,Sports,2,3872.14,0.25,1936.07,7744.28,5808.21,0,West,Online
105320,CUST00617,2025-11-03,Sports,1,4486.79,0.0,0.0,4486.79,4486.79,0,West,Online
105321,CUST01167,2024-12-10,Beauty,1,3129.32,0.0,0.0,3129.32,3129.32,0,South,Online
105322,CUST00227,2025-03-28,Sports,5,1906.88,0.0,0.0,9534.4,9534.4,0,North,Online
105323,CUST00319,2025-07-23,Electronics,5,3721.71,0.15,2791.28,18608.55,15817.27,0,Central,Retail Store
105324,CUST00043,2024-10-04,Sports,5,4184.12,0.0,0.0,20920.6,20920.6,0,East,Retail Store
105325,CUST00241,2024-12-24,Apparel,5,2009.75,0.1,1004.88,10048.75,9043.87,0,Central,Online
105326,CUST00613,2024-06-18,Beauty,4,1099.98,0.0,0.0,4399.92,4399.92,0,North,Online
105327,CUST00589,2025-03-09,Electronics,1,1179.57,0.0,0.0,1179.57,1179.57,0,East,Retail Store
105328,CUST00041,2024-12-19,Grocery,4,1317.92,0.15,790.75,5271.68,4480.93,0,South,Online
105329,CUST00367,2025-03-09,Beauty,4,3637.61,0.05,727.52,14550.44,13822.92,0,East,Retail Store
105330,CUST00093,2025-02-22,Sports,5,3103.66,0.0,0.0,15518.3,15518.3,0,North,Online
105331,CUST00666,2025-07-04,Sports,1,2409.87,0.15,361.48,2409.87,2048.39,0,East,Retail Store
105332,CUST00963,2025-01-10,Sports,4,3623.74,0.25,3623.74,14494.96,10871.22,0,South,Online
105333,CUST00888,2024-09-04,Grocery,2,3369.8,0.0,0.0,6739.6,6739.6,0,North,Marketplace
105334,CUST00773,2024-03-28,Apparel,3,2345.0,0.25,1758.75,7035.0,5276.25,0,Central,Retail Store
105335,CUST01117,2024-10-10,Home & Kitchen,2,2191.78,0.1,438.36,4383.56,3945.2,0,Central,Marketplace
105336,CUST01155,2024-10-01,Sports,1,2159.16,0.05,107.96,2159.16,2051.2,0,Central,Online
105337,CUST00829,2025-03-26,Electronics,3,4917.9,0.25,3688.42,14753.7,11065.28,0,North,Online
105338,CUST00843,2024-12-24,Apparel,4,426.2,0.0,0.0,1704.8,1704.8,0,East,Retail Store
105339,CUST00664,2024-07-20,Home & Kitchen,2,2093.36,0.05,209.34,4186.72,3977.38,0,West,Mobile App
105340,CUST01194,2024-10-15,Home & Kitchen,1,3919.2,0.0,0.0,3919.2,3919.2,0,West,Retail Store
105341,CUST00282,2024-03-10,Beauty,1,2231.25,0.0,0.0,2231.25,2231.25,0,East,Marketplace
105342,CUST01076,2025-05-15,Sports,2,4346.18,0.15,1303.85,8692.36,7388.51,0,North,Mobile App
105343,CUST00758,2024-10-16,Electronics,1,3284.73,0.4,1313.89,3284.73,1970.84,0,Central,Retail Store
105345,CUST00610,2024-11-13,Beauty,2,1950.86,0.0,0.0,3901.72,3901.72,0,South,Retail Store
105346,CUST00700,2025-02-12,Home & Kitchen,3,4005.79,0.15,1802.61,12017.37,10214.76,0,West,Marketplace
105347,CUST00686,2025-03-04,Sports,2,4731.9,0.0,0.0,9463.8,9463.8,0,South,Online
105348,CUST00419,2025-03-24,Grocery,3,1350.95,0.0,0.0,4052.85,4052.85,0,Central,Marketplace
105349,CUST00043,2025-04-25,Sports,5,3039.36,0.05,759.84,15196.8,14436.96,0,East,Retail Store
105350,CUST01086,2024-06-05,Home & Kitchen,4,4404.42,0.05,880.88,17617.68,16736.8,0,South,Marketplace
105351,CUST00445,2025-04-16,Electronics,4,1902.45,0.0,0.0,7609.8,7609.8,0,North,Marketplace
105352,CUST00216,2024-04-24,Grocery,1,1500.36,0.0,0.0,1500.36,1500.36,0,South,Online
105353,CUST00009,2024-08-17,Grocery,1,759.84,0.0,0.0,759.84,759.84,0,North,Online
105354,CUST01030,2024-09-06,Sports,1,2907.57,0.05,145.38,2907.57,2762.19,0,North,Online
105355,CUST00872,2025-09-04,Home & Kitchen,3,2166.33,0.0,0.0,6498.99,6498.99,0,North,Online
105356,CUST00699,2025-04-02,Grocery,1,1608.92,0.0,0.0,1608.92,1608.92,0,Central,Mobile App
105357,CUST00420,2024-03-21,Beauty,5,2613.41,0.0,0.0,13067.05,13067.05,0,North,Online
105358,CUST00785,2024-04-19,Beauty,5,1346.25,0.15,1009.69,6731.25,5721.56,0,West,Retail Store
105359,CUST00871,2024-12-09,Grocery,3,440.35,0.05,66.05,1321.05,1255.0,0,North,Online
105360,CUST00037,2024-04-16,Grocery,3,894.54,0.0,0.0,2683.62,2683.62,0,South,Online
105362,CUST00819,2024-12-21,Electronics,2,4673.66,0.0,0.0,9347.32,9347.32,0,South,Online
105363,CUST01092,2025-01-21,Electronics,3,1486.63,0.25,1114.97,4459.89,3344.92,0,North,Online
105364,CUST00961,2025-10-04,Home & Kitchen,3,4171.48,0.0,0.0,12514.44,12514.44,0,West,Retail Store
105365,CUST00402,2024-09-27,Sports,3,4213.64,0.05,632.05,12640.92,12008.87,0,North,Marketplace
105366,CUST00153,2024-06-25,Electronics,1,1225.13,0.0,0.0,1225.13,1225.13,0,North,Mobile App
105367,CUST00444,2025-04-20,Electronics,2,3748.85,0.0,0.0,7497.7,7497.7,0,North,Marketplace
105368,CUST00777,2025-03-13,Home & Kitchen,4,4970.01,0.15,2982.01,19880.04,16898.03,0,South,Marketplace
105369,CUST00679,2025-07-25,Beauty,1,4602.06,0.0,0.0,4602.06,4602.06,0,East,Marketplace
105370,CUST00498,2025-02-23,Sports,4,3726.1,0.0,0.0,14904.4,14904.4,0,South,Online
105371,CUST00390,2025-03-24,Apparel,1,4381.24,0.25,1095.31,4381.24,3285.93,0,South,Online
105372,CUST00012,2024-04-08,Sports,2,2314.24,0.0,0.0,4628.48,4628.48,0,North,Online
105373,CUST00887,2025-10-04,Beauty,4,1057.28,0.05,211.46,4229.12,4017.66,0,South,Online
105374,CUST00735,2024-07-10,Sports,4,2109.28,0.0,0.0,8437.12,8437.12,0,South,Marketplace
105375,CUST00326,2025-06-13,Beauty,1,1344.13,0.0,0.0,1344.13,1344.13,0,East,Online
105376,CUST00079,2024-12-09,Grocery,5,2516.63,0.0,0.0,12583.15,12583.15,0,West,Online
105377,CUST00514,2024-03-06,Grocery,2,1958.28,0.0,0.0,3916.56,3916.56,0,South,Online
105378,CUST00296,2025-03-15,Beauty,2,3047.74,0.0,0.0,6095.48,6095.48,0,North,Online
105380,CUST00061,2024-12-16,Electronics,3,4055.81,0.0,0.0,12167.43,12167.43,0,West,Online
105381,CUST01189,2024-02-07,Apparel,4,1973.67,0.0,0.0,7894.68,7894.68,0,West,Marketplace
105382,CUST00960,2025-08-16,Electronics,3,1663.26,0.05,249.49,4989.78,4740.29,0,North,Online
105383,CUST00949,2025-06-01,Electronics,3,1734.92,0.15,780.71,5204.76,-4424.05,1,South,Retail Store
105384,CUST00811,2024-06-29,Home & Kitchen,5,4791.51,0.0,0.0,23957.55,23957.55,0,North,Marketplace
105385,CUST00668,2025-12-11,Grocery,5,3140.43,0.0,0.0,15702.15,15702.15,0,West,Marketplace
105386,CUST00079,2025-03-11,Grocery,3,4723.59,0.0,0.0,14170.77,14170.77,0,West,Online
105387,CUST01109,2025-03-10,Sports,5,3264.35,0.0,0.0,16321.75,16321.75,0,South,Online
105388,CUST00655,2025-04-30,Sports,1,4840.17,0.0,0.0,4840.17,4840.17,0,South,Marketplace
105389,CUST00763,2025-02-22,Electronics,3,3380.82,0.05,507.12,10142.46,9635.34,0,West,Mobile App
105390,CUST00716,2024-02-05,Beauty,1,3050.03,0.05,152.5,3050.03,2897.53,0,West,Marketplace
105391,CUST00928,2025-04-28,Home & Kitchen,4,591.4,0.0,0.0,2365.6,2365.6,0,West,Online
105392,CUST00983,2024-06-07,Apparel,5,2373.2,0.0,0.0,11866.0,11866.0,0,East,Online
105393,CUST00110,2024-12-06,Beauty,3,1256.32,0.0,0.0,3768.96,3768.96,0,Central,Mobile App
105395,CUST01182,2025-08-04,Apparel,1,4246.58,0.1,424.66,4246.58,3821.92,0,South,Marketplace
105396,CUST00759,2025-09-15,Beauty,5,2797.24,0.0,0.0,13986.2,13986.2,0,West,Online
105397,CUST00739,2024-11-30,Sports,5,4690.81,0.0,0.0,23454.05,23454.05,0,North,Online
105398,CUST00687,2024-05-22,Sports,4,4034.32,0.0,0.0,16137.28,16137.28,0,East,Online
105399,CUST00475,2025-04-15,Home & Kitchen,2,3739.21,0.0,0.0,7478.42,7478.42,0,East,Online
105400,CUST00503,2024-07-22,Apparel,2,2210.34,0.0,0.0,4420.68,4420.68,0,Central,Retail Store
105401,CUST00993,2024-08-11,Apparel,2,4105.89,0.1,821.18,8211.78,7390.6,0,West,Retail Store
105402,CUST01037,2024-11-05,Home & Kitchen,1,1175.6,0.0,0.0,1175.6,1175.6,0,North,Online
105403,CUST00429,2025-03-08,Home & Kitchen,1,3807.83,0.0,0.0,3807.83,3807.83,0,Central,Marketplace
105404,CUST00452,2025-01-31,Apparel,3,3664.05,0.0,0.0,10992.15,10992.15,0,East,Marketplace
105405,CUST00208,2025-03-07,Electronics,4,4953.11,0.0,0.0,19812.44,19812.44,0,West,Online
105406,CUST00479,2025-03-21,Sports,1,711.62,0.0,0.0,711.62,711.62,0,Central,Mobile App
105407,CUST00033,2025-07-10,Beauty,3,393.29,0.4,471.95,1179.87,707.92,0,East,Online
105408,CUST00866,2025-04-19,Sports,2,1856.16,0.0,0.0,3712.32,3712.32,0,South,Marketplace
105409,CUST01170,2024-12-16,Grocery,2,1050.45,0.0,0.0,2100.9,2100.9,0,North,Online
105410,CUST00942,2024-12-10,Sports,5,3548.35,0.0,0.0,17741.75,17741.75,0,North,Marketplace
105411,CUST00382,2024-09-11,Apparel,1,3362.36,0.05,168.12,3362.36,3194.24,0,West,Mobile App
105412,CUST00829,2025-04-19,Apparel,4,4148.47,0.25,4148.47,16593.88,12445.41,0,North,Online
105413,CUST00139,2024-09-30,Grocery,3,2299.0,0.05,344.85,6897.0,6552.15,0,East,Online
105414,CUST00042,2024-05-11,Electronics,5,3328.35,0.0,0.0,16641.75,16641.75,0,Central,Retail Store
105415,CUST00230,2025-08-06,Sports,2,1430.62,0.15,429.19,2861.24,2432.05,0,South,Mobile App
105416,CUST00152,2024-04-29,Apparel,1,3204.82,0.0,0.0,3204.82,3204.82,0,North,Retail Store
105417,CUST00469,2024-09-03,Home & Kitchen,5,2135.6,0.15,1601.7,10678.0,9076.3,0,West,Retail Store
105418,CUST00400,2024-10-14,Apparel,1,0.0,0.0,0.0,0.0,0.0,0,North,Online
105419,CUST00262,2024-12-06,Grocery,5,542.96,0.0,0.0,2714.8,2714.8,0,West,Retail Store
105420,CUST00004,2024-04-21,Electronics,5,829.0,0.15,621.75,4145.0,3523.25,0,East,Online
105421,CUST00470,2025-05-19,Grocery,3,765.37,0.0,0.0,2296.11,2296.11,0,West,Marketplace
105422,CUST00755,2025-02-14,Home & Kitchen,5,4421.69,0.0,0.0,22108.45,22108.45,0,West,Online
105423,CUST00839,2025-03-09,Grocery,1,474.16,0.25,118.54,474.16,355.62,0,East,Online
105424,CUST00582,2025-03-17,Grocery,1,754.85,0.05,37.74,754.85,717.11,0,South,Marketplace
105425,CUST00794,2025-06-04,Electronics,1,3824.55,0.0,0.0,3824.55,3824.55,0,South,Online
105426,CUST00038,2024-11-15,Apparel,3,1786.59,0.0,0.0,5359.77,5359.77,0,Central,Marketplace
105427,CUST00480,2024-07-25,Beauty,3,2112.06,0.0,0.0,6336.18,6336.18,0,West,Online
105428,CUST00225,2024-06-15,Home & Kitchen,1,479.02,0.0,0.0,479.02,479.02,0,West,Online
105429,CUST01051,2025-05-16,Home & Kitchen,1,997.6,0.0,0.0,997.6,-997.6,1,East,Mobile App
105430,CUST00848,2025-04-10,Home & Kitchen,2,4696.76,0.0,0.0,9393.52,9393.52,0,South,Mobile App
105431,CUST00173,2024-09-27,Apparel,3,4087.34,0.0,0.0,12262.02,12262.02,0,North,Online
105432,CUST00723,2025-03-17,Apparel,2,3321.0,0.05,332.1,6642.0,6309.9,0,East,Online
105433,CUST00012,2024-03-31,Sports,4,4983.04,0.0,0.0,19932.16,19932.16,0,North,Online
105434,CUST00933,2025-03-12,Apparel,5,1499.14,0.0,0.0,7495.7,7495.7,0,North,Online
105435,CUST00812,2025-01-16,Electronics,4,3587.49,0.0,0.0,14349.96,14349.96,0,North,Online
105436,CUST00840,2024-05-11,Home & Kitchen,1,4702.93,0.0,0.0,4702.93,4702.93,0,North,Retail Store
105437,CUST00841,2024-02-08,Beauty,1,1492.82,0.0,0.0,1492.82,1492.82,0,Central,Marketplace
105438,CUST00873,2024-06-22,Sports,3,4558.8,0.0,0.0,13676.4,13676.4,0,North,Mobile App
105439,CUST00421,2025-10-31,Beauty,1,4953.16,0.1,495.32,4953.16,4457.84,0,East,Marketplace
105440,CUST01182,2025-06-19,Grocery,3,2395.18,0.0,0.0,7185.54,7185.54,0,South,Marketplace
105441,CUST00835,2024-12-08,Apparel,4,299.83,0.0,0.0,1199.32,1199.32,0,North,Mobile App
105442,CUST00146,2025-08-04,Home & Kitchen,2,1106.22,0.1,221.24,2212.44,1991.2,0,West,Marketplace
105443,CUST00007,2024-07-06,Grocery,3,1181.8,0.0,0.0,3545.4,3545.4,0,Central,Retail Store
105444,CUST00508,2025-09-27,Sports,1,1876.9,0.0,0.0,1876.9,1876.9,0,West,Online
105445,CUST00635,2025-10-22,Home & Kitchen,4,2265.24,0.0,0.0,9060.96,9060.96,0,West,Online
105446,CUST00961,2025-07-07,Sports,2,3509.9,0.4,2807.92,7019.8,4211.88,0,West,Retail Store
105448,CUST00845,2025-03-07,Home & Kitchen,1,2033.06,0.15,304.96,2033.06,1728.1,0,Central,Online
105449,CUST01140,2025-04-09,Sports,1,2265.84,0.0,0.0,2265.84,-2265.84,1,North,Retail Store
105450,CUST00941,2024-04-30,Beauty,2,3267.27,0.05,326.73,6534.54,6207.81,0,South,Online
105451,CUST00570,2024-10-27,Grocery,5,1758.44,0.0,0.0,8792.2,8792.2,0,East,Retail Store
105452,CUST00902,2025-02-11,Home & Kitchen,1,3958.25,0.0,0.0,3958.25,3958.25,0,North,Retail Store
105453,CUST00378,2024-03-07,Electronics,4,1473.02,0.0,0.0,5892.08,5892.08,0,Central,Retail Store
105454,CUST00371,2024-04-29,Grocery,4,4375.87,0.0,0.0,17503.48,17503.48,0,South,Marketplace
105455,CUST00809,2024-10-04,Electronics,1,2915.79,0.0,0.0,2915.79,2915.79,0,North,Online
105456,CUST00809,2024-11-09,Grocery,2,723.63,0.0,0.0,1447.26,1447.26,0,North,Online
105457,CUST01169,2024-04-26,Sports,4,3568.57,0.0,0.0,14274.28,14274.28,0,East,Marketplace
105458,CUST00083,2024-08-12,Apparel,4,3213.08,0.0,0.0,12852.32,12852.32,0,East,Marketplace
105459,CUST00966,2024-06-02,Beauty,4,2399.82,0.0,0.0,9599.28,9599.28,0,West,Retail Store
105460,CUST00650,2024-01-21,Electronics,1,3781.41,0.0,0.0,3781.41,-3781.41,1,South,Online
105461,CUST00136,2025-05-14,Sports,2,4932.53,0.15,1479.76,9865.06,8385.3,0,East,Online
105462,CUST00996,2025-01-19,Home & Kitchen,2,3725.74,0.0,0.0,7451.48,7451.48,0,Central,Online
105463,CUST00254,2024-07-30,Grocery,3,4675.48,0.25,3506.61,14026.44,10519.83,0,Central,Mobile App
105464,CUST00354,2024-06-30,Home & Kitchen,3,487.13,0.0,0.0,1461.39,1461.39,0,East,Online
105465,CUST01133,2025-06-24,Beauty,5,3875.92,0.0,0.0,19379.6,19379.6,0,North,Online
105466,CUST00987,2024-03-04,Beauty,5,3399.58,0.25,4249.48,16997.9,12748.42,0,Central,Online
105467,CUST01006,2025-03-31,Electronics,5,4559.03,0.4,9118.06,22795.15,13677.09,0,West,Mobile App
105468,CUST00681,2025-07-23,Sports,2,1752.67,0.25,876.34,3505.34,-2629.0,1,North,Online
105469,CUST00409,2024-08-22,Home & Kitchen,2,3123.3,0.0,0.0,6246.6,6246.6,0,West,Online
105470,CUST00551,2025-09-14,Electronics,4,1402.99,0.0,0.0,5611.96,5611.96,0,Central,Online
105471,CUST00408,2025-08-11,Home & Kitchen,4,4408.85,0.05,881.77,17635.4,16753.63,0,South,Mobile App
105472,CUST00957,2025-11-02,Apparel,2,825.95,0.15,247.78,1651.9,1404.12,0,South,Online
105473,CUST01157,2024-10-07,Beauty,1,4160.44,0.0,0.0,4160.44,4160.44,0,South,Online
105474,CUST00110,2024-11-11,Electronics,2,2317.97,0.0,0.0,4635.94,-4635.94,1,Central,Mobile App
105475,CUST00556,2024-04-09,Electronics,1,1240.6,0.0,0.0,1240.6,1240.6,0,North,Mobile App
105476,CUST00094,2025-03-04,Sports,5,3715.42,0.0,0.0,18577.1,18577.1,0,East,Marketplace
105477,CUST00597,2025-08-06,Apparel,3,712.95,0.05,106.94,2138.85,-2031.91,1,West,Online
105478,CUST00700,2024-11-20,Apparel,3,1647.18,0.0,0.0,4941.54,4941.54,0,West,Marketplace
105479,CUST00917,2025-01-29,Home & Kitchen,4,4233.19,0.15,2539.91,16932.76,14392.85,0,West,Online
105480,CUST00759,2025-09-19,Sports,1,4598.47,0.1,459.85,4598.47,4138.62,0,West,Online
105481,CUST00585,2024-05-23,Beauty,5,3642.19,0.0,0.0,18210.95,18210.95,0,West,Online
105482,CUST00183,2024-08-07,Sports,1,573.77,0.1,57.38,573.77,516.39,0,South,Marketplace
105483,CUST00653,2024-10-10,Grocery,4,4262.29,0.4,6819.66,17049.16,10229.5,0,North,Online
105484,CUST00164,2024-10-15,Grocery,2,4539.81,0.0,0.0,9079.62,9079.62,0,East,Marketplace
105485,CUST00087,2024-11-15,Sports,5,3870.04,0.0,0.0,19350.2,19350.2,0,South,Retail Store
105486,CUST00724,2025-04-25,Home & Kitchen,2,3407.62,0.0,0.0,6815.24,6815.24,0,South,Retail Store
105487,CUST00222,2025-02-24,Sports,5,3910.91,0.0,0.0,19554.55,19554.55,0,East,Retail Store
105488,CUST01029,2025-06-19,Grocery,3,965.51,0.15,434.48,2896.53,-2462.05,1,Central,Online
105489,CUST00906,2024-04-27,Electronics,5,3383.67,0.15,2537.75,16918.35,14380.6,0,North,Online
105490,CUST00516,2025-05-19,Electronics,3,337.82,0.1,101.35,1013.46,912.11,0,West,Online
105491,CUST00900,2024-04-15,Grocery,1,379.97,0.0,0.0,379.97,379.97,0,West,Online
105492,CUST00658,2024-09-24,Electronics,5,2333.9,0.05,583.48,11669.5,11086.02,0,North,Marketplace
105493,CUST00796,2025-07-07,Beauty,5,3700.97,0.0,0.0,18504.85,-18504.85,1,South,Retail Store
105494,CUST01065,2025-08-28,Apparel,3,3690.33,0.0,0.0,11070.99,11070.99,0,Central,Retail Store
105495,CUST00644,2024-12-25,Home & Kitchen,4,2138.07,0.1,855.23,8552.28,7697.05,0,West,Mobile App
105496,CUST01198,2024-11-21,Grocery,3,3258.34,0.0,0.0,9775.02,9775.02,0,East,Mobile App
105497,CUST00160,2024-06-03,Sports,4,1806.68,0.0,0.0,7226.72,7226.72,0,North,Online
105498,CUST00522,2025-11-15,Beauty,4,4190.2,0.0,0.0,16760.8,16760.8,0,East,Online
105499,CUST00453,2025-01-20,Sports,3,2909.42,0.0,0.0,8728.26,8728.26,0,South,Retail Store
105501,CUST00474,2025-09-02,Sports,5,3664.82,0.4,7329.64,18324.1,10994.46,0,East,Online
105502,CUST00680,2025-04-01,Apparel,4,243.31,0.15,145.99,973.24,827.25,0,West,Online
105503,CUST01184,2025-10-03,Apparel,1,4549.97,0.0,0.0,4549.97,4549.97,0,South,Marketplace
105504,CUST01114,2024-02-14,Apparel,5,4099.0,0.4,8198.0,20495.0,12297.0,0,South,Marketplace
105505,CUST00357,2024-11-24,Electronics,2,4983.66,0.1,996.73,9967.32,8970.59,0,East,Online
105506,CUST00116,2025-11-08,Beauty,3,687.33,0.0,0.0,2061.99,2061.99,0,Central,Online
105507,CUST00157,2025-04-01,Apparel,5,315.93,0.0,0.0,1579.65,-1579.65,1,South,Marketplace
105508,CUST00801,2024-10-18,Home & Kitchen,2,1874.94,0.05,187.49,3749.88,3562.39,0,North,Marketplace
105509,CUST00916,2025-07-01,Electronics,1,278.55,0.0,0.0,278.55,278.55,0,North,Mobile App
105510,CUST01061,2025-06-09,Grocery,3,1284.56,0.0,0.0,3853.68,3853.68,0,Central,Online
105511,CUST00987,2024-05-05,Electronics,3,1887.4,0.0,0.0,5662.2,5662.2,0,Central,Online
105513,CUST00443,2025-03-04,Electronics,4,1480.01,0.05,296.0,5920.04,5624.04,0,Central,Online
105514,CUST00699,2025-07-26,Apparel,1,1311.1,0.0,0.0,1311.1,1311.1,0,Central,Mobile App
105515,CUST00474,2025-06-21,Sports,1,1832.07,0.0,0.0,1832.07,1832.07,0,East,Online
105516,CUST00383,2025-08-11,Grocery,3,2434.52,0.0,0.0,7303.56,7303.56,0,South,Marketplace
105517,CUST00647,2025-08-30,Electronics,4,750.29,0.0,0.0,3001.16,3001.16,0,Central,Retail Store
105518,CUST00653,2024-08-11,Apparel,5,4679.72,0.0,0.0,23398.6,23398.6,0,North,Online
105519,CUST00320,2024-06-29,Home & Kitchen,5,1469.77,0.0,0.0,7348.85,7348.85,0,South,Marketplace
105520,CUST00358,2025-05-30,Grocery,2,4603.79,0.0,0.0,9207.58,9207.58,0,Central,Online
105521,CUST00904,2025-01-14,Beauty,4,2408.3,0.0,0.0,9633.2,9633.2,0,East,Online
105522,CUST00565,2025-05-13,Grocery,1,3584.13,0.0,0.0,3584.13,3584.13,0,Central,Online
105523,CUST00804,2025-08-16,Grocery,3,1964.76,0.1,589.43,5894.28,5304.85,0,Central,Online
105524,CUST00432,2024-09-27,Sports,5,1053.21,0.0,0.0,5266.05,5266.05,0,Central,Online
105525,CUST00417,2024-03-10,Apparel,3,4265.49,0.15,1919.47,12796.47,-10877.0,1,North,Online
105526,CUST00885,2024-06-11,Grocery,2,3909.22,0.15,1172.77,7818.44,6645.67,0,South,Online
105527,CUST00687,2025-07-02,Grocery,1,4766.72,0.0,0.0,4766.72,4766.72,0,East,Online
105528,CUST00712,2025-08-31,Electronics,3,4840.45,0.15,2178.2,14521.35,12343.15,0,West,Mobile App
105529,CUST00893,2024-12-30,Electronics,4,4778.67,0.05,955.73,19114.68,18158.95,0,West,Marketplace
105530,CUST00355,2024-10-30,Beauty,4,3535.67,0.0,0.0,14142.68,14142.68,0,Central,Online
105531,CUST00245,2025-09-19,Home & Kitchen,3,4358.5,0.0,0.0,13075.5,13075.5,0,West,Online
105532,CUST00140,2024-10-19,Home & Kitchen,5,2757.02,0.0,0.0,13785.1,13785.1,0,Central,Marketplace
105533,CUST00666,2025-06-13,Apparel,4,1328.97,0.0,0.0,5315.88,5315.88,0,East,Retail Store
105534,CUST00459,2024-06-21,Home & Kitchen,2,2655.71,0.1,531.14,5311.42,4780.28,0,South,Online
105535,CUST00924,2024-05-02,Sports,4,1020.04,0.0,0.0,4080.16,-4080.16,1,West,Retail Store
105536,CUST00577,2024-11-04,Sports,5,4787.56,0.0,0.0,23937.8,-23937.8,1,North,Marketplace
105537,CUST00345,2025-12-20,Electronics,2,3992.46,0.0,0.0,7984.92,7984.92,0,West,Online
105538,CUST00378,2024-02-05,Apparel,3,3376.46,0.0,0.0,10129.38,10129.38,0,Central,Retail Store
105539,CUST00252,2024-06-12,Grocery,5,3405.12,0.0,0.0,17025.6,17025.6,0,West,Online
105540,CUST00470,2025-05-31,Beauty,3,4859.65,0.15,2186.84,14578.95,12392.11,0,West,Marketplace
105541,CUST00007,2024-05-19,Sports,1,1758.79,0.05,87.94,1758.79,1670.85,0,Central,Retail Store
105542,CUST01129,2025-04-09,Home & Kitchen,1,2684.45,0.0,0.0,2684.45,2684.45,0,Central,Marketplace
105543,CUST00001,2024-04-24,Electronics,4,1950.04,0.05,390.01,7800.16,7410.15,0,Central,Mobile App
105544,CUST01044,2025-07-14,Electronics,4,3289.77,0.0,0.0,13159.08,13159.08,0,South,Online
105545,CUST00270,2025-05-08,Beauty,2,4120.1,0.0,0.0,8240.2,8240.2,0,Central,Online
105546,CUST00466,2024-07-16,Electronics,2,3686.54,0.05,368.65,7373.08,7004.43,0,Central,Retail Store
105547,CUST00363,2025-01-28,Electronics,1,4662.74,0.0,0.0,4662.74,4662.74,0,South,Online
105548,CUST01083,2024-11-13,Grocery,4,3432.6,0.0,0.0,13730.4,13730.4,0,West,Online
105549,CUST00376,2025-07-18,Grocery,2,1453.58,0.0,0.0,2907.16,2907.16,0,West,Online
105550,CUST00544,2024-09-18,Home & Kitchen,4,2715.22,0.0,0.0,10860.88,10860.88,0,North,Marketplace
105551,CUST00612,2024-05-02,Grocery,3,2682.7,0.0,0.0,8048.1,8048.1,0,South,Online
105552,CUST00284,2025-12-31,Electronics,3,220.16,0.0,0.0,660.48,660.48,0,South,Marketplace
105553,CUST00471,2024-09-26,Grocery,3,2799.47,0.0,0.0,8398.41,8398.41,0,East,Marketplace
105554,CUST00344,2025-02-23,Apparel,4,3004.87,0.0,0.0,12019.48,12019.48,0,Central,Mobile App
105555,CUST00972,2024-10-24,Home & Kitchen,3,3722.27,0.0,0.0,11166.81,11166.81,0,West,Retail Store
105556,CUST01007,2024-02-08,Apparel,1,2586.87,0.0,0.0,2586.87,2586.87,0,East,Online
105557,CUST00877,2024-11-18,Grocery,3,4429.28,0.4,5315.14,13287.84,7972.7,0,Central,Retail Store
105558,CUST00228,2024-09-18,Electronics,1,3587.41,0.0,0.0,3587.41,3587.41,0,Central,Online
105559,CUST00241,2024-10-28,Beauty,1,369.21,0.05,18.46,369.21,350.75,0,Central,Online
105560,CUST00754,2024-10-26,Grocery,4,2049.59,0.0,0.0,8198.36,8198.36,0,West,Retail Store
105561,CUST00465,2024-08-27,Apparel,2,0.0,0.0,0.0,0.0,0.0,0,West,Mobile App
105562,CUST00570,2024-07-25,Electronics,1,521.24,0.0,0.0,521.24,521.24,0,East,Retail Store
105563,CUST00106,2025-04-04,Electronics,2,2255.05,0.0,0.0,4510.1,-4510.1,1,North,Retail Store
105565,CUST01162,2024-05-22,Grocery,2,4664.99,0.0,0.0,9329.98,9329.98,0,East,Retail Store
105566,CUST00767,2024-07-15,Apparel,1,1938.03,0.1,193.8,1938.03,1744.23,0,South,Online
105567,CUST00753,2025-03-14,Home & Kitchen,5,2267.71,0.0,0.0,11338.55,11338.55,0,Central,Mobile App
105568,CUST01131,2024-05-29,Grocery,3,1178.02,0.0,0.0,3534.06,3534.06,0,North,Online
105569,CUST00498,2025-09-01,Beauty,4,2244.34,0.0,0.0,8977.36,8977.36,0,South,Online
105570,CUST01109,2025-05-19,Grocery,4,2965.56,0.0,0.0,11862.24,11862.24,0,South,Online
105571,CUST00416,2024-06-04,Electronics,1,4497.59,0.0,0.0,4497.59,4497.59,0,Central,Marketplace
105572,CUST01085,2024-10-29,Sports,2,4141.8,0.25,2070.9,8283.6,6212.7,0,West,Online
105573,CUST00539,2025-05-07,Grocery,1,645.92,0.0,0.0,645.92,645.92,0,South,Online
105574,CUST00231,2025-07-25,Grocery,5,2522.83,0.15,1892.12,12614.15,10722.03,0,East,Marketplace
105575,CUST00901,2024-01-28,Apparel,5,4363.73,0.15,3272.8,21818.65,18545.85,0,East,Marketplace
105576,CUST00557,2024-06-02,Apparel,2,2231.7,0.0,0.0,4463.4,-4463.4,1,Central,Retail Store
105577,CUST01132,2025-03-01,Sports,2,1557.87,0.0,0.0,3115.74,3115.74,0,Central,Online
105578,CUST00227,2025-03-21,Apparel,2,3583.71,0.25,1791.86,7167.42,5375.56,0,North,Online
105579,CUST00396,2024-09-03,Electronics,2,2385.54,0.0,0.0,4771.08,4771.08,0,South,Retail Store
105580,CUST01190,2025-06-23,Home & Kitchen,1,1837.29,0.1,183.73,1837.29,1653.56,0,North,Retail Store
105581,CUST00128,2024-12-27,Beauty,2,343.71,0.0,0.0,687.42,687.42,0,South,Marketplace
105582,CUST01010,2024-08-01,Sports,5,1683.36,0.0,0.0,8416.8,8416.8,0,Central,Online
105583,CUST00164,2024-10-05,Electronics,5,4336.4,0.0,0.0,21682.0,21682.0,0,East,Marketplace
105584,CUST01041,2025-06-29,Sports,4,349.04,0.0,0.0,1396.16,1396.16,0,West,Marketplace
105585,CUST00723,2025-06-14,Sports,2,1492.87,0.25,746.44,2985.74,2239.3,0,East,Online
105586,CUST00492,2024-11-13,Beauty,2,697.48,0.15,209.24,1394.96,1185.72,0,Central,Retail Store
105587,CUST01189,2024-02-20,Sports,4,328.95,0.0,0.0,1315.8,1315.8,0,West,Marketplace
105588,CUST01166,2024-03-09,Grocery,3,3346.95,0.1,1004.08,10040.85,9036.77,0,East,Marketplace
105589,CUST01052,2024-02-19,Sports,4,4900.26,0.0,0.0,19601.04,19601.04,0,Central,Retail Store
105590,CUST00573,2024-05-10,Sports,2,2239.94,0.05,223.99,4479.88,4255.89,0,East,Marketplace
105591,CUST00739,2024-12-28,Electronics,5,4402.26,0.0,0.0,22011.3,22011.3,0,North,Online
105592,CUST00401,2025-01-15,Home & Kitchen,3,220.7,0.0,0.0,662.1,662.1,0,West,Online
105593,CUST00670,2024-09-10,Apparel,1,1978.5,0.0,0.0,1978.5,1978.5,0,West,Online
105594,CUST00298,2024-09-22,Grocery,2,0.0,0.0,0.0,0.0,0.0,0,Central,Marketplace
105595,CUST00927,2024-12-14,Home & Kitchen,2,2346.78,0.0,0.0,4693.56,4693.56,0,East,Online
105596,CUST00180,2025-05-14,Home & Kitchen,3,2714.11,0.0,0.0,8142.33,-8142.33,1,South,Online
105597,CUST00554,2024-02-09,Beauty,1,555.38,0.0,0.0,555.38,555.38,0,West,Online
105598,CUST01132,2025-01-25,Beauty,2,3258.18,0.0,0.0,6516.36,6516.36,0,Central,Online
105599,CUST00167,2025-09-21,Sports,5,3686.45,0.0,0.0,18432.25,18432.25,0,North,Online
105600,CUST00469,2024-09-30,Grocery,1,667.95,0.0,0.0,667.95,667.95,0,West,Retail Store
105601,CUST00571,2024-11-28,Apparel,1,3665.83,0.0,0.0,3665.83,3665.83,0,Central,Marketplace
105602,CUST00758,2024-12-18,Sports,1,3524.68,0.0,0.0,3524.68,3524.68,0,Central,Retail Store
105603,CUST00252,2024-07-07,Home & Kitchen,3,3339.43,0.0,0.0,10018.29,10018.29,0,West,Online
105604,CUST00953,2024-09-30,Apparel,2,3642.21,0.4,2913.77,7284.42,4370.65,0,South,Online
105605,CUST00076,2024-01-15,Sports,3,3651.02,0.0,0.0,10953.06,10953.06,0,West,Retail Store
105606,CUST01195,2025-01-31,Grocery,1,4775.03,0.0,0.0,4775.03,4775.03,0,North,Online
105607,CUST01082,2025-05-12,Beauty,5,3468.54,0.0,0.0,17342.7,17342.7,0,North,Online
105608,CUST00719,2024-07-24,Apparel,1,2313.97,0.0,0.0,2313.97,2313.97,0,South,Marketplace
105609,CUST00383,2025-07-13,Grocery,4,1003.59,0.0,0.0,4014.36,4014.36,0,South,Marketplace
105610,CUST01049,2024-09-18,Apparel,5,3815.41,0.0,0.0,19077.05,19077.05,0,Central,Online
105611,CUST00200,2024-12-27,Electronics,5,4846.09,0.1,2423.04,24230.45,21807.41,0,East,Retail Store
105612,CUST00414,2025-05-20,Grocery,1,416.02,0.15,62.4,416.02,353.62,0,North,Online
105613,CUST00476,2025-04-22,Home & Kitchen,2,1277.91,0.1,255.58,2555.82,2300.24,0,Central,Online
105614,CUST00408,2025-05-05,Beauty,4,1203.28,0.25,1203.28,4813.12,3609.84,0,South,Mobile App
105615,CUST00485,2025-02-21,Grocery,4,285.0,0.05,57.0,1140.0,1083.0,0,West,Retail Store
105617,CUST00921,2025-03-28,Beauty,1,4685.75,0.05,234.29,4685.75,4451.46,0,South,Online
105618,CUST01034,2024-04-07,Sports,1,2108.46,0.0,0.0,2108.46,-2108.46,1,East,Marketplace
105619,CUST00252,2024-09-28,Sports,4,2219.02,0.05,443.8,8876.08,8432.28,0,West,Online
105620,CUST00547,2024-09-22,Beauty,1,3229.93,0.0,0.0,3229.93,3229.93,0,West,Marketplace
105621,CUST00375,2025-01-16,Apparel,2,1998.52,0.0,0.0,3997.04,3997.04,0,South,Online
105623,CUST00945,2024-12-04,Electronics,4,805.1,0.1,322.04,3220.4,2898.36,0,East,Online
105624,CUST00958,2024-08-20,Home & Kitchen,3,2293.61,0.0,0.0,6880.83,6880.83,0,North,Online
105625,CUST01199,2025-03-24,Home & Kitchen,1,2051.44,0.15,307.72,2051.44,1743.72,0,East,Online
105626,CUST00309,2024-07-20,Electronics,1,2385.45,0.0,0.0,2385.45,2385.45,0,Central,Retail Store
105627,CUST00832,2025-04-19,Grocery,1,757.57,0.0,0.0,757.57,757.57,0,East,Marketplace
105628,CUST00477,2024-01-22,Home & Kitchen,2,3014.11,0.0,0.0,6028.22,6028.22,0,Central,Online
105629,CUST00820,2024-11-10,Apparel,1,1680.51,0.0,0.0,1680.51,1680.51,0,South,Online
105631,CUST00067,2024-12-16,Electronics,3,721.29,0.0,0.0,2163.87,2163.87,0,North,Online
105632,CUST01109,2024-09-16,Beauty,2,2488.6,0.0,0.0,4977.2,4977.2,0,South,Online
105633,CUST00187,2024-11-21,Sports,5,2876.39,0.0,0.0,14381.95,14381.95,0,Central,Retail Store
105634,CUST00174,2024-09-12,Apparel,2,2919.46,0.0,0.0,5838.92,5838.92,0,West,Retail Store
105635,CUST00559,2025-01-28,Sports,2,4107.68,0.0,0.0,8215.36,8215.36,0,Central,Retail Store
105636,CUST00458,2024-11-28,Electronics,2,4655.36,0.05,465.54,9310.72,8845.18,0,South,Online
105637,CUST00003,2024-10-23,Home & Kitchen,5,2353.71,0.0,0.0,11768.55,11768.55,0,South,Retail Store
105638,CUST00617,2025-11-15,Electronics,1,680.42,0.0,0.0,680.42,680.42,0,West,Online
105639,CUST00527,2025-01-12,Home & Kitchen,1,4972.56,0.1,497.26,4972.56,4475.3,0,South,Online
105640,CUST00379,2024-08-28,Apparel,2,3276.18,0.4,2620.94,6552.36,3931.42,0,West,Retail Store
105641,CUST01104,2025-11-07,Home & Kitchen,5,3497.71,0.1,1748.86,17488.55,-15739.69,1,Central,Online
105642,CUST00160,2025-03-27,Sports,2,710.85,0.0,0.0,1421.7,1421.7,0,North,Online
105643,CUST00500,2025-03-17,Electronics,2,4109.43,0.0,0.0,8218.86,8218.86,0,South,Marketplace
105644,CUST00532,2024-09-20,Beauty,5,3303.12,0.0,0.0,16515.6,16515.6,0,Central,Online
105645,CUST00766,2025-02-24,Apparel,1,3065.55,0.0,0.0,3065.55,3065.55,0,Central,Online
105646,CUST01043,2025-04-20,Sports,5,3593.09,0.0,0.0,17965.45,17965.45,0,South,Retail Store
105647,CUST00316,2024-06-29,Electronics,2,4335.24,0.0,0.0,8670.48,8670.48,0,South,Online
105648,CUST00569,2024-12-07,Home & Kitchen,3,712.08,0.15,320.44,2136.24,1815.8,0,South,Marketplace
105649,CUST00487,2024-08-29,Grocery,3,4738.58,0.0,0.0,14215.74,14215.74,0,Central,Retail Store
105650,CUST00325,2024-08-01,Apparel,4,1536.03,0.15,921.62,6144.12,5222.5,0,West,Mobile App
105651,CUST00846,2025-04-08,Beauty,2,2397.68,0.05,239.77,4795.36,4555.59,0,West,Marketplace
105652,CUST00501,2025-02-23,Home & Kitchen,2,4804.24,0.15,1441.27,9608.48,8167.21,0,South,Marketplace
105653,CUST00556,2024-08-02,Apparel,5,4843.25,0.0,0.0,24216.25,24216.25,0,North,Mobile App
105654,CUST01054,2024-10-17,Apparel,4,3728.9,0.4,5966.24,14915.6,8949.36,0,Central,Online
105655,CUST00769,2025-05-01,Beauty,3,1794.48,0.0,0.0,5383.44,-5383.44,1,Central,Online
105656,CUST00003,2025-02-23,Grocery,2,3191.84,0.0,0.0,6383.68,6383.68,0,South,Retail Store
105657,CUST00856,2025-09-15,Home & Kitchen,2,687.51,0.0,0.0,1375.02,1375.02,0,East,Retail Store
105658,CUST00995,2024-09-05,Grocery,5,1252.27,0.0,0.0,6261.35,6261.35,0,West,Marketplace
105659,CUST00226,2024-11-07,Home & Kitchen,3,2074.36,0.1,622.31,6223.08,5600.77,0,Central,Online
105660,CUST00061,2024-12-24,Grocery,2,895.17,0.0,0.0,1790.34,1790.34,0,West,Online
105661,CUST00895,2025-03-04,Grocery,3,3955.45,0.05,593.32,11866.35,11273.03,0,North,Mobile App
105662,CUST01168,2024-08-18,Apparel,5,4451.25,0.0,0.0,22256.25,22256.25,0,East,Online
105663,CUST00873,2024-11-12,Sports,3,3877.53,0.1,1163.26,11632.59,10469.33,0,North,Mobile App
105664,CUST01178,2025-07-22,Electronics,5,3263.51,0.15,2447.63,16317.55,13869.92,0,West,Retail Store
105665,CUST00782,2025-03-27,Beauty,3,1843.13,0.05,276.47,5529.39,5252.92,0,South,Marketplace
105666,CUST00187,2024-10-20,Sports,3,4618.33,0.0,0.0,13854.99,13854.99,0,Central,Retail Store
105667,CUST00025,2025-02-18,Apparel,3,4799.16,0.0,0.0,14397.48,14397.48,0,Central,Online
105668,CUST00146,2025-05-20,Apparel,4,1800.03,0.0,0.0,7200.12,7200.12,0,West,Marketplace
105669,CUST00524,2024-09-17,Electronics,4,2346.22,0.15,1407.73,9384.88,7977.15,0,Central,Online
105670,CUST00623,2024-10-13,Sports,1,2970.12,0.05,148.51,2970.12,2821.61,0,North,Online
105671,CUST00924,2024-11-29,Apparel,2,2781.42,0.0,0.0,5562.84,5562.84,0,West,Retail Store
105672,CUST00244,2025-12-14,Home & Kitchen,1,455.49,0.0,0.0,455.49,455.49,0,East,Online
105673,CUST00134,2024-11-15,Beauty,5,2881.86,0.0,0.0,14409.3,14409.3,0,Central,Online
105674,CUST01121,2025-04-10,Apparel,1,2298.26,0.0,0.0,2298.26,2298.26,0,Central,Marketplace
105675,CUST00930,2025-01-27,Apparel,3,4613.43,0.0,0.0,13840.29,13840.29,0,East,Online
105676,CUST00616,2025-05-15,Electronics,1,4133.99,0.0,0.0,4133.99,4133.99,0,West,Online
105677,CUST00073,2025-05-18,Grocery,3,797.9,0.25,598.42,2393.7,1795.28,0,South,Marketplace
105678,CUST00449,2025-02-27,Grocery,1,3492.38,0.1,349.24,3492.38,3143.14,0,West,Marketplace
105679,CUST00403,2025-05-06,Apparel,1,4393.55,0.0,0.0,4393.55,4393.55,0,North,Online
105680,CUST01168,2024-08-03,Beauty,3,2860.29,0.0,0.0,8580.87,8580.87,0,East,Online
105681,CUST00973,2025-06-26,Grocery,1,871.34,0.0,0.0,871.34,871.34,0,East,Retail Store
105682,CUST00863,2025-12-24,Electronics,1,0.0,0.0,0.0,0.0,0.0,0,North,Retail Store
105683,CUST00786,2024-03-18,Beauty,1,545.1,0.0,0.0,545.1,545.1,0,North,Retail Store
105684,CUST00175,2024-07-06,Apparel,3,1996.07,0.05,299.41,5988.21,5688.8,0,North,Retail Store
105686,CUST00221,2025-03-03,Apparel,3,234.08,0.0,0.0,702.24,702.24,0,South,Marketplace
105687,CUST00891,2025-04-23,Apparel,5,4124.39,0.15,3093.29,20621.95,17528.66,0,North,Online
105688,CUST00959,2024-04-08,Sports,1,4092.01,0.05,204.6,4092.01,3887.41,0,Central,Online
105689,CUST00975,2024-12-15,Sports,1,1451.72,0.15,217.76,1451.72,1233.96,0,East,Online
105690,CUST00714,2024-09-18,Apparel,2,1285.18,0.15,385.55,2570.36,2184.81,0,West,Retail Store
105691,CUST00631,2025-04-24,Sports,1,2091.5,0.0,0.0,2091.5,2091.5,0,Central,Marketplace
105692,CUST00210,2024-07-15,Sports,1,4818.7,0.1,481.87,4818.7,4336.83,0,West,Marketplace
105693,CUST00172,2024-07-21,Beauty,1,1229.49,0.05,61.47,1229.49,1168.02,0,North,Marketplace
105694,CUST00195,2025-01-31,Apparel,5,3025.5,0.0,0.0,15127.5,15127.5,0,South,Online
105695,CUST00355,2024-11-30,Sports,5,3113.42,0.0,0.0,15567.1,-15567.1,1,Central,Online
105696,CUST01194,2024-04-06,Apparel,5,4273.06,0.0,0.0,21365.3,21365.3,0,West,Retail Store
105697,CUST00166,2024-12-05,Grocery,4,4796.47,0.0,0.0,19185.88,19185.88,0,North,Retail Store
105698,CUST00570,2025-01-31,Grocery,3,3789.11,0.25,2841.83,11367.33,8525.5,0,East,Retail Store
105699,CUST00694,2025-03-15,Apparel,5,1824.1,0.05,456.02,9120.5,8664.48,0,North,Marketplace
105700,CUST01004,2024-03-16,Home & Kitchen,1,3912.88,0.0,0.0,3912.88,3912.88,0,East,Online
105701,CUST00490,2025-11-12,Sports,5,672.55,0.0,0.0,3362.75,3362.75,0,Central,Online
105702,CUST00606,2024-06-19,Home & Kitchen,1,236.94,0.0,0.0,236.94,236.94,0,West,Marketplace
105703,CUST00602,2024-07-28,Apparel,5,2756.98,0.15,2067.73,13784.9,11717.17,0,East,Online
105704,CUST00568,2024-05-05,Beauty,2,1481.87,0.0,0.0,2963.74,2963.74,0,North,Online
105705,CUST01171,2024-05-18,Home & Kitchen,2,480.74,0.0,0.0,961.48,961.48,0,Central,Retail Store
105706,CUST00976,2025-10-16,Beauty,2,3664.17,0.1,732.83,7328.34,6595.51,0,Central,Online
105707,CUST00631,2025-03-23,Grocery,3,3764.49,0.0,0.0,11293.47,11293.47,0,Central,Marketplace
105708,CUST00462,2025-09-26,Home & Kitchen,3,3212.28,0.0,0.0,9636.84,9636.84,0,Central,Marketplace
105709,CUST00795,2025-07-21,Electronics,4,204.98,0.0,0.0,819.92,-819.92,1,West,Mobile App
105710,CUST00752,2024-09-20,Grocery,5,868.21,0.0,0.0,4341.05,-4341.05,1,West,Mobile App
105711,CUST00783,2025-02-04,Grocery,2,1145.15,0.05,114.52,2290.3,2175.78,0,Central,Online
105712,CUST00338,2024-08-15,Sports,4,3418.28,0.0,0.0,13673.12,13673.12,0,North,Online
105713,CUST00989,2024-03-19,Sports,1,3605.32,0.0,0.0,3605.32,-3605.32,1,West,Mobile App
105714,CUST00228,2024-05-02,Sports,5,1280.2,0.1,640.1,6401.0,5760.9,0,Central,Online
105715,CUST00038,2025-07-07,Sports,4,2600.74,0.0,0.0,10402.96,10402.96,0,Central,Marketplace
105716,CUST00822,2024-01-26,Sports,2,1927.08,0.0,0.0,3854.16,3854.16,0,West,Marketplace
105717,CUST00703,2025-06-27,Grocery,2,3366.7,0.0,0.0,6733.4,6733.4,0,North,Online
105718,CUST00330,2024-10-03,Grocery,1,1117.68,0.25,279.42,1117.68,838.26,0,West,Online
105719,CUST01101,2025-06-19,Beauty,2,1596.17,0.1,319.23,3192.34,2873.11,0,South,Mobile App
105720,CUST01151,2025-04-23,Sports,3,3125.32,0.0,0.0,9375.96,9375.96,0,South,Online
105721,CUST00222,2024-11-03,Sports,1,1080.63,0.0,0.0,1080.63,1080.63,0,East,Retail Store
105722,CUST01037,2024-06-24,Grocery,5,469.61,0.0,0.0,2348.05,2348.05,0,North,Online
105723,CUST00459,2024-06-05,Beauty,2,4175.05,0.0,0.0,8350.1,8350.1,0,South,Online
105724,CUST00202,2024-09-02,Sports,3,4965.1,0.05,744.76,14895.3,14150.54,0,East,Online
105725,CUST00316,2024-05-23,Home & Kitchen,4,1938.9,0.0,0.0,7755.6,7755.6,0,South,Online
105726,CUST00074,2024-03-12,Grocery,3,526.53,0.25,394.9,1579.59,-1184.69,1,Central,Retail Store
105727,CUST00555,2025-04-18,Electronics,5,631.67,0.0,0.0,3158.35,3158.35,0,South,Online
105728,CUST00111,2024-04-23,Grocery,3,670.48,0.0,0.0,2011.44,2011.44,0,Central,Online
105729,CUST00219,2024-08-24,Apparel,4,337.4,0.05,67.48,1349.6,1282.12,0,North,Online
105730,CUST00184,2025-05-16,Apparel,5,4136.86,0.0,0.0,20684.3,20684.3,0,North,Mobile App
105731,CUST00176,2025-02-23,Sports,5,2574.36,0.0,0.0,12871.8,12871.8,0,West,Retail Store
105732,CUST00140,2024-12-28,Grocery,1,1776.41,0.0,0.0,1776.41,1776.41,0,Central,Marketplace
105733,CUST00392,2024-07-10,Grocery,3,728.37,0.0,0.0,2185.11,2185.11,0,South,Mobile App
105734,CUST00072,2025-02-03,Sports,4,1695.85,0.0,0.0,6783.4,6783.4,0,South,Online
105735,CUST01033,2024-09-21,Grocery,5,332.63,0.25,415.79,1663.15,1247.36,0,West,Retail Store
105736,CUST00571,2024-12-31,Home & Kitchen,1,3785.64,0.0,0.0,3785.64,3785.64,0,Central,Marketplace
105738,CUST00465,2025-01-28,Apparel,1,4485.98,0.0,0.0,4485.98,4485.98,0,West,Mobile App
105739,CUST00778,2025-06-24,Grocery,4,2500.32,0.0,0.0,10001.28,10001.28,0,South,Online
105740,CUST01051,2025-08-21,Apparel,1,3731.35,0.0,0.0,3731.35,3731.35,0,East,Mobile App
105742,CUST00372,2025-05-08,Home & Kitchen,2,3655.14,0.0,0.0,7310.28,7310.28,0,Central,Retail Store
105743,CUST00232,2024-03-23,Sports,3,2155.72,0.1,646.72,6467.16,5820.44,0,West,Retail Store
105744,CUST00302,2025-03-17,Home & Kitchen,2,1800.53,0.0,0.0,3601.06,3601.06,0,North,Online
105745,CUST00408,2025-04-23,Sports,4,4949.87,0.0,0.0,19799.48,-19799.48,1,South,Mobile App
105746,CUST00215,2025-08-27,Electronics,1,4643.71,0.0,0.0,4643.71,4643.71,0,West,Online
105747,CUST00003,2024-12-30,Grocery,2,4041.05,0.0,0.0,8082.1,8082.1,0,South,Retail Store
105748,CUST00176,2025-03-09,Apparel,3,1176.68,0.0,0.0,3530.04,3530.04,0,West,Retail Store
105749,CUST00165,2024-08-29,Home & Kitchen,2,4367.36,0.0,0.0,8734.72,-8734.72,1,Central,Retail Store
105750,CUST00772,2024-05-26,Sports,3,2872.84,0.4,3447.41,8618.52,5171.11,0,South,Mobile App
105751,CUST00150,2025-11-09,Sports,5,4359.8,0.0,0.0,21799.0,21799.0,0,West,Marketplace
105752,CUST01028,2025-08-14,Home & Kitchen,5,4526.22,0.0,0.0,22631.1,22631.1,0,West,Online
105753,CUST00637,2024-04-27,Beauty,5,4359.83,0.0,0.0,21799.15,21799.15,0,North,Online
105754,CUST00372,2024-12-31,Beauty,4,3806.0,0.0,0.0,15224.0,15224.0,0,Central,Retail Store
105755,CUST01181,2025-06-14,Home & Kitchen,3,3536.74,0.0,0.0,10610.22,10610.22,0,North,Online
105756,CUST00126,2025-05-19,Sports,5,3474.48,0.0,0.0,17372.4,17372.4,0,North,Marketplace
105757,CUST00417,2024-03-21,Beauty,2,4194.42,0.0,0.0,8388.84,8388.84,0,North,Online
105758,CUST00327,2025-08-16,Apparel,3,1858.53,0.1,557.56,5575.59,5018.03,0,West,Online
105759,CUST01082,2025-07-16,Beauty,4,755.09,0.05,151.02,3020.36,2869.34,0,North,Online
105760,CUST00966,2024-05-07,Electronics,3,4546.99,0.0,0.0,13640.97,-13640.97,1,West,Retail Store
105761,CUST00825,2025-03-12,Grocery,2,4296.08,0.05,429.61,8592.16,8162.55,0,East,Marketplace
105762,CUST00014,2024-05-19,Beauty,5,977.88,0.0,0.0,4889.4,4889.4,0,East,Marketplace
105763,CUST00382,2024-12-10,Beauty,4,4536.74,0.0,0.0,18146.96,18146.96,0,West,Mobile App
105764,CUST01195,2025-11-22,Sports,1,2024.76,0.0,0.0,2024.76,2024.76,0,North,Online
105765,CUST00007,2025-04-05,Grocery,1,203.91,0.4,81.56,203.91,122.35,0,Central,Retail Store
105766,CUST00237,2025-04-22,Beauty,1,723.46,0.0,0.0,723.46,723.46,0,West,Online
105767,CUST00022,2025-05-07,Sports,2,0.0,0.15,0.0,0.0,0.0,0,West,Online
105768,CUST00038,2024-09-22,Grocery,2,384.02,0.0,0.0,768.04,-768.04,1,Central,Marketplace
105769,CUST00509,2024-03-06,Apparel,4,3087.19,0.0,0.0,12348.76,12348.76,0,South,Online
105770,CUST00446,2025-12-26,Home & Kitchen,5,1047.4,0.1,523.7,5237.0,4713.3,0,North,Marketplace
105771,CUST00901,2024-05-22,Home & Kitchen,3,572.05,0.0,0.0,1716.15,1716.15,0,East,Marketplace
105772,CUST00522,2025-08-11,Grocery,5,1620.05,0.0,0.0,8100.25,8100.25,0,East,Online
105773,CUST01079,2025-03-16,Grocery,2,4128.56,0.15,1238.57,8257.12,7018.55,0,West,Online
105774,CUST00426,2024-05-30,Home & Kitchen,2,1703.19,0.0,0.0,3406.38,3406.38,0,East,Online
105775,CUST00873,2024-07-23,Beauty,2,1838.76,0.0,0.0,3677.52,3677.52,0,North,Mobile App
105776,CUST00605,2025-05-29,Home & Kitchen,5,4336.34,0.0,0.0,21681.7,21681.7,0,East,Retail Store
105777,CUST01068,2024-02-13,Apparel,3,1715.17,0.0,0.0,5145.51,5145.51,0,West,Marketplace
105778,CUST01078,2025-08-14,Grocery,3,605.56,0.1,181.67,1816.68,1635.01,0,West,Marketplace
105779,CUST00748,2024-12-30,Sports,5,2034.92,0.0,0.0,10174.6,10174.6,0,West,Marketplace
105781,CUST01199,2025-04-23,Apparel,1,644.08,0.0,0.0,644.08,644.08,0,East,Online
105782,CUST00591,2025-05-12,Grocery,5,1414.08,0.0,0.0,7070.4,7070.4,0,North,Marketplace
105783,CUST00909,2025-01-22,Beauty,2,2476.51,0.0,0.0,4953.02,4953.02,0,South,Marketplace
105784,CUST01104,2025-04-03,Electronics,4,4448.23,0.0,0.0,17792.92,17792.92,0,Central,Online
105785,CUST01053,2024-12-12,Grocery,1,1087.12,0.0,0.0,1087.12,1087.12,0,East,Retail Store
105786,CUST00379,2024-05-11,Beauty,4,736.11,0.0,0.0,2944.44,2944.44,0,West,Retail Store
105787,CUST00157,2025-01-29,Beauty,4,1531.54,0.05,306.31,6126.16,5819.85,0,South,Marketplace
105788,CUST00200,2024-09-22,Sports,2,1424.03,0.0,0.0,2848.06,2848.06,0,East,Retail Store
105789,CUST00161,2025-04-15,Apparel,3,838.15,0.0,0.0,2514.45,2514.45,0,Central,Mobile App
105790,CUST00973,2025-04-28,Grocery,5,1207.58,0.05,301.9,6037.9,5736.0,0,East,Retail Store
105791,CUST01063,2024-10-02,Electronics,5,4337.87,0.0,0.0,21689.35,21689.35,0,West,Online
105792,CUST00266,2025-09-24,Sports,5,850.98,0.25,1063.72,4254.9,3191.18,0,East,Mobile App
105793,CUST00626,2024-11-23,Sports,5,4686.52,0.25,5858.15,23432.6,17574.45,0,West,Retail Store
105794,CUST00217,2024-12-27,Home & Kitchen,2,1327.34,0.25,663.67,2654.68,1991.01,0,South,Retail Store
105795,CUST01121,2025-05-23,Beauty,5,721.6,0.1,360.8,3608.0,3247.2,0,Central,Marketplace
105796,CUST00578,2025-04-04,Electronics,4,3262.78,0.0,0.0,13051.12,13051.12,0,East,Marketplace
105797,CUST00917,2024-08-06,Home & Kitchen,3,2111.49,0.0,0.0,6334.47,6334.47,0,West,Online
105798,CUST01112,2025-04-26,Home & Kitchen,2,3147.48,0.0,0.0,6294.96,6294.96,0,Central,Online
105799,CUST00158,2025-02-16,Apparel,1,3630.39,0.25,907.6,3630.39,2722.79,0,East,Retail Store
105800,CUST01145,2024-07-31,Sports,1,365.03,0.0,0.0,365.03,365.03,0,West,Online
105801,CUST01173,2025-03-31,Apparel,2,4544.61,0.0,0.0,9089.22,9089.22,0,South,Online
105802,CUST00803,2024-09-26,Electronics,1,4395.81,0.0,0.0,4395.81,4395.81,0,West,Marketplace
105803,CUST01111,2024-12-29,Apparel,1,367.93,0.0,0.0,367.93,367.93,0,West,Retail Store
105804,CUST01173,2025-10-18,Beauty,5,1632.64,0.05,408.16,8163.2,7755.04,0,South,Online
105805,CUST01191,2024-10-23,Beauty,4,1424.62,0.0,0.0,5698.48,5698.48,0,South,Online
105806,CUST00226,2024-08-01,Grocery,1,1440.07,0.05,72.0,1440.07,1368.07,0,Central,Online
105807,CUST00715,2024-10-15,Sports,3,263.8,0.0,0.0,791.4,791.4,0,West,Mobile App
105808,CUST00520,2025-12-13,Electronics,2,4551.34,0.4,3641.07,9102.68,5461.61,0,Central,Marketplace
105809,CUST00441,2024-09-20,Beauty,1,4338.61,0.0,0.0,4338.61,4338.61,0,East,Marketplace
105810,CUST00741,2025-07-21,Grocery,2,3828.13,0.0,0.0,7656.26,7656.26,0,Central,Marketplace
105812,CUST01100,2025-01-24,Home & Kitchen,4,4382.62,0.0,0.0,17530.48,17530.48,0,South,Online
105813,CUST00648,2024-04-07,Sports,4,365.07,0.15,219.04,1460.28,1241.24,0,West,Mobile App
105814,CUST00163,2025-05-19,Electronics,4,853.42,0.0,0.0,3413.68,3413.68,0,South,Marketplace
105815,CUST00197,2025-01-07,Sports,1,726.39,0.0,0.0,726.39,726.39,0,South,Online
105816,CUST00512,2025-02-18,Grocery,3,4045.82,0.15,1820.62,12137.46,10316.84,0,South,Marketplace
105817,CUST00569,2024-04-13,Grocery,5,1755.2,0.05,438.8,8776.0,8337.2,0,South,Marketplace
105818,CUST00429,2025-02-22,Beauty,2,2529.1,0.0,0.0,5058.2,5058.2,0,Central,Marketplace
105819,CUST00285,2025-07-22,Home & Kitchen,4,4875.32,0.0,0.0,19501.28,19501.28,0,Central,Online
105820,CUST00283,2025-04-26,Electronics,2,2785.85,0.0,0.0,5571.7,5571.7,0,Central,Online
105821,CUST00386,2025-02-25,Apparel,2,1839.7,0.15,551.91,3679.4,3127.49,0,Central,Online
105822,CUST00395,2025-02-05,Electronics,3,636.77,0.4,764.12,1910.31,1146.19,0,North,Mobile App
105823,CUST00815,2025-03-22,Beauty,5,2285.72,0.0,0.0,11428.6,11428.6,0,South,Online
105824,CUST01173,2025-02-24,Home & Kitchen,2,2003.38,0.0,0.0,4006.76,4006.76,0,South,Online
105825,CUST00927,2024-06-24,Electronics,4,1367.86,0.1,547.14,5471.44,4924.3,0,East,Online
105826,CUST00193,2024-05-07,Electronics,4,2611.33,0.0,0.0,10445.32,10445.32,0,South,Online
105827,CUST00310,2024-10-19,Beauty,2,718.51,0.0,0.0,1437.02,1437.02,0,Central,Online
105828,CUST00775,2025-04-11,Home & Kitchen,1,2080.17,0.25,520.04,2080.17,1560.13,0,Central,Retail Store
105829,CUST00241,2025-03-24,Sports,5,4809.83,0.0,0.0,24049.15,24049.15,0,Central,Online
105830,CUST00902,2025-04-06,Home & Kitchen,1,4811.61,0.1,481.16,4811.61,4330.45,0,North,Retail Store
105831,CUST00149,2025-05-23,Home & Kitchen,4,2510.02,0.05,502.0,10040.08,-9538.08,1,West,Online
105832,CUST01049,2024-03-23,Beauty,4,4119.74,0.4,6591.58,16478.96,9887.38,0,Central,Online
105834,CUST00103,2024-09-14,Grocery,5,2352.31,0.0,0.0,11761.55,11761.55,0,East,Retail Store
105835,CUST01037,2024-02-12,Beauty,3,4723.9,0.0,0.0,14171.7,14171.7,0,North,Online
105836,CUST00192,2025-06-13,Beauty,3,2460.59,0.0,0.0,7381.77,7381.77,0,South,Retail Store
105837,CUST00584,2025-05-07,Sports,2,1140.27,0.0,0.0,2280.54,2280.54,0,Central,Marketplace
105838,CUST00650,2024-02-16,Beauty,4,3792.68,0.0,0.0,15170.72,15170.72,0,South,Online
105839,CUST00150,2025-02-28,Apparel,3,3000.99,0.0,0.0,9002.97,9002.97,0,West,Marketplace
105840,CUST00900,2024-01-27,Beauty,3,2787.2,0.15,1254.24,8361.6,7107.36,0,West,Online
105841,CUST00167,2025-03-08,Home & Kitchen,5,4740.32,0.0,0.0,23701.6,23701.6,0,North,Online
105842,CUST00809,2024-08-13,Beauty,4,4429.63,0.05,885.93,17718.52,16832.59,0,North,Online
105843,CUST01143,2025-12-08,Beauty,3,1904.04,0.0,0.0,5712.12,5712.12,0,Central,Online
105844,CUST00844,2025-03-31,Grocery,1,3950.08,0.0,0.0,3950.08,3950.08,0,North,Marketplace
105845,CUST00906,2024-10-23,Apparel,2,426.17,0.0,0.0,852.34,-852.34,1,North,Online
105846,CUST00903,2024-12-22,Grocery,5,4401.64,0.1,2200.82,22008.2,19807.38,0,Central,Online
105847,CUST00976,2025-10-05,Electronics,5,681.55,0.05,170.39,3407.75,3237.36,0,Central,Online
105848,CUST00065,2025-08-19,Beauty,4,747.32,0.0,0.0,2989.28,2989.28,0,North,Online
105849,CUST00944,2024-04-07,Home & Kitchen,5,4781.92,0.0,0.0,23909.6,23909.6,0,Central,Online
105850,CUST00149,2025-06-24,Apparel,2,4358.37,0.0,0.0,8716.74,8716.74,0,West,Online
105851,CUST00085,2025-02-12,Beauty,3,3916.49,0.0,0.0,11749.47,11749.47,0,East,Marketplace
105852,CUST01154,2025-01-03,Grocery,3,4936.09,0.0,0.0,14808.27,14808.27,0,South,Marketplace
105853,CUST00409,2024-08-27,Electronics,1,966.3,0.0,0.0,966.3,966.3,0,West,Online
105854,CUST00337,2024-10-21,Apparel,1,3745.48,0.0,0.0,3745.48,3745.48,0,Central,Mobile App
105855,CUST01146,2024-11-07,Home & Kitchen,3,2099.52,0.0,0.0,6298.56,6298.56,0,South,Online
105856,CUST01178,2024-07-16,Apparel,1,2098.57,0.15,314.79,2098.57,1783.78,0,West,Retail Store
105857,CUST00644,2025-07-04,Apparel,4,4818.32,0.0,0.0,19273.28,19273.28,0,West,Mobile App
105858,CUST01136,2024-07-01,Apparel,1,898.34,0.0,0.0,898.34,898.34,0,Central,Online
105859,CUST00504,2025-06-08,Home & Kitchen,4,1535.43,0.0,0.0,6141.72,6141.72,0,West,Online
105860,CUST01050,2024-11-27,Electronics,3,1102.38,0.1,330.71,3307.14,2976.43,0,North,Online
105861,CUST00711,2024-09-11,Electronics,2,3599.22,0.0,0.0,7198.44,7198.44,0,North,Mobile App
105862,CUST01099,2024-06-15,Apparel,5,3172.39,0.0,0.0,15861.95,15861.95,0,West,Marketplace
105863,CUST00152,2024-05-27,Grocery,2,4327.35,0.0,0.0,8654.7,-8654.7,1,North,Retail Store
105864,CUST01178,2024-09-11,Apparel,4,2567.25,0.0,0.0,10269.0,10269.0,0,West,Retail Store
105866,CUST00187,2024-05-31,Home & Kitchen,2,3086.91,0.0,0.0,6173.82,6173.82,0,Central,Retail Store
105867,CUST01131,2024-07-08,Electronics,3,1667.86,0.05,250.18,5003.58,4753.4,0,North,Online
105868,CUST00074,2024-08-15,Home & Kitchen,4,0.0,0.0,0.0,0.0,0.0,0,Central,Retail Store
105869,CUST00013,2025-05-23,Apparel,2,4352.33,0.0,0.0,8704.66,8704.66,0,East,Marketplace
105870,CUST00170,2024-09-09,Grocery,1,765.28,0.0,0.0,765.28,765.28,0,East,Marketplace
105871,CUST00240,2025-03-02,Grocery,4,3514.7,0.15,2108.82,14058.8,11949.98,0,East,Online
105872,CUST00206,2024-06-09,Grocery,4,4255.26,0.15,2553.16,17021.04,14467.88,0,North,Online
105873,CUST00357,2025-02-27,Apparel,4,2196.81,0.0,0.0,8787.24,8787.24,0,East,Online
105874,CUST00379,2024-04-27,Grocery,1,4053.88,0.0,0.0,4053.88,4053.88,0,West,Retail Store
105875,CUST00552,2025-06-19,Home & Kitchen,3,2391.27,0.0,0.0,7173.81,7173.81,0,North,Marketplace
105876,CUST00073,2025-05-16,Grocery,3,3409.93,0.1,1022.98,10229.79,9206.81,0,South,Marketplace
105877,CUST00235,2025-01-20,Home & Kitchen,2,2873.18,0.05,287.32,5746.36,5459.04,0,Central,Mobile App
105878,CUST00506,2025-05-08,Electronics,4,3260.73,0.0,0.0,13042.92,13042.92,0,North,Online
105879,CUST00118,2025-10-12,Home & Kitchen,2,3239.53,0.1,647.91,6479.06,5831.15,0,East,Online
105880,CUST00229,2025-05-06,Home & Kitchen,5,3571.49,0.0,0.0,17857.45,17857.45,0,East,Online
105881,CUST00093,2024-07-13,Beauty,3,2517.41,0.0,0.0,7552.23,7552.23,0,North,Online
105882,CUST00349,2024-10-07,Apparel,4,1221.74,0.0,0.0,4886.96,4886.96,0,Central,Online
105883,CUST01172,2024-05-25,Home & Kitchen,5,784.89,0.0,0.0,3924.45,3924.45,0,West,Online
105884,CUST00183,2024-06-27,Apparel,1,3833.07,0.0,0.0,3833.07,3833.07,0,South,Marketplace
105885,CUST00245,2025-12-30,Electronics,2,2017.61,0.0,0.0,4035.22,4035.22,0,West,Online
105886,CUST00269,2024-11-09,Sports,4,4685.01,0.1,1874.0,18740.04,16866.04,0,South,Online
105887,CUST00272,2024-03-07,Home & Kitchen,4,4429.05,0.0,0.0,17716.2,17716.2,0,West,Online
105888,CUST00204,2025-04-04,Electronics,3,668.61,0.05,100.29,2005.83,1905.54,0,North,Online
105889,CUST00789,2024-09-02,Sports,4,1091.5,0.0,0.0,4366.0,4366.0,0,West,Online
105890,CUST00321,2025-03-03,Home & Kitchen,3,4496.58,0.25,3372.44,13489.74,10117.3,0,West,Online
105891,CUST01060,2025-10-08,Grocery,1,4887.44,0.15,733.12,4887.44,4154.32,0,Central,Retail Store
105892,CUST00515,2024-09-18,Beauty,3,524.87,0.05,78.73,1574.61,1495.88,0,West,Retail Store
105893,CUST00522,2025-06-10,Apparel,1,4639.12,0.0,0.0,4639.12,4639.12,0,East,Online
105894,CUST00658,2024-08-09,Grocery,2,1710.7,0.15,513.21,3421.4,2908.19,0,North,Marketplace
105895,CUST00187,2025-04-07,Beauty,4,3799.09,0.15,2279.45,15196.36,12916.91,0,Central,Retail Store
105896,CUST00085,2025-10-06,Sports,3,3318.82,0.1,995.65,9956.46,8960.81,0,East,Marketplace
105897,CUST00689,2024-07-16,Sports,4,3679.34,0.05,735.87,14717.36,13981.49,0,West,Online
105898,CUST00153,2024-12-25,Beauty,5,1404.53,0.05,351.13,7022.65,6671.52,0,North,Mobile App
105899,CUST01055,2024-12-21,Home & Kitchen,2,4100.06,0.0,0.0,8200.12,8200.12,0,East,Online
105900,CUST00487,2024-09-06,Sports,4,3344.72,0.0,0.0,13378.88,13378.88,0,Central,Retail Store
105901,CUST00415,2025-01-06,Sports,2,2445.72,0.0,0.0,4891.44,4891.44,0,North,Online
105902,CUST00416,2024-07-23,Sports,4,2013.93,0.1,805.57,8055.72,7250.15,0,Central,Marketplace
105903,CUST00886,2025-03-18,Apparel,4,2842.15,0.0,0.0,11368.6,11368.6,0,East,Marketplace
105904,CUST00596,2025-05-15,Grocery,1,1458.21,0.0,0.0,1458.21,1458.21,0,North,Online
105905,CUST00133,2024-11-30,Home & Kitchen,2,3295.53,0.0,0.0,6591.06,6591.06,0,North,Online
105906,CUST01190,2024-12-25,Beauty,1,2029.69,0.0,0.0,2029.69,2029.69,0,North,Retail Store
105907,CUST00960,2025-12-16,Home & Kitchen,5,1751.65,0.05,437.91,8758.25,8320.34,0,North,Online
105908,CUST01094,2025-10-27,Grocery,4,2424.59,0.0,0.0,9698.36,9698.36,0,West,Retail Store
105909,CUST00101,2025-08-10,Beauty,2,1450.48,0.05,145.05,2900.96,2755.91,0,South,Mobile App
105910,CUST00951,2025-10-09,Home & Kitchen,2,4865.43,0.0,0.0,9730.86,9730.86,0,East,Mobile App
105911,CUST01091,2025-04-02,Electronics,3,363.24,0.0,0.0,1089.72,1089.72,0,South,Online
105912,CUST00690,2024-10-13,Electronics,4,439.81,0.15,263.89,1759.24,1495.35,0,South,Online
105913,CUST01146,2025-03-21,Home & Kitchen,3,1228.46,0.05,184.27,3685.38,3501.11,0,South,Online
105914,CUST00822,2024-03-26,Grocery,2,4370.45,0.0,0.0,8740.9,8740.9,0,West,Marketplace
105915,CUST00557,2024-07-23,Electronics,4,916.44,0.15,549.86,3665.76,3115.9,0,Central,Retail Store
105916,CUST00991,2025-09-20,Electronics,1,651.01,0.0,0.0,651.01,651.01,0,North,Marketplace
105917,CUST01031,2025-01-05,Grocery,4,3759.79,0.0,0.0,15039.16,15039.16,0,North,Online
105918,CUST00455,2025-08-31,Sports,4,4470.68,0.0,0.0,17882.72,17882.72,0,North,Retail Store
105919,CUST00922,2025-05-05,Electronics,3,1762.64,0.0,0.0,5287.92,5287.92,0,Central,Online
105920,CUST01109,2024-12-18,Apparel,1,3591.87,0.0,0.0,3591.87,3591.87,0,South,Online
105921,CUST00608,2024-06-24,Grocery,2,254.39,0.0,0.0,508.78,508.78,0,South,Marketplace
105922,CUST00564,2025-05-04,Beauty,1,4757.38,0.0,0.0,4757.38,4757.38,0,North,Marketplace
105924,CUST00011,2025-08-01,Grocery,3,495.28,0.0,0.0,1485.84,1485.84,0,West,Retail Store
105925,CUST01032,2024-01-24,Electronics,3,1917.39,0.4,2300.87,5752.17,3451.3,0,West,Online
105926,CUST00818,2024-10-26,Beauty,2,0.0,0.1,0.0,0.0,0.0,0,North,Online
105927,CUST01133,2025-09-28,Grocery,3,270.45,0.1,81.14,811.35,730.21,0,North,Online
105928,CUST00561,2024-04-07,Grocery,2,1141.36,0.0,0.0,2282.72,2282.72,0,West,Online
105929,CUST00162,2024-10-24,Electronics,1,2353.83,0.0,0.0,2353.83,2353.83,0,South,Marketplace
105930,CUST00115,2024-10-08,Grocery,5,3153.05,0.0,0.0,15765.25,-15765.25,1,North,Mobile App
105931,CUST01089,2024-08-05,Sports,5,560.85,0.0,0.0,2804.25,2804.25,0,West,Marketplace
105932,CUST00074,2024-04-11,Electronics,1,4363.47,0.0,0.0,4363.47,4363.47,0,Central,Retail Store
105933,CUST00997,2025-04-09,Sports,2,4849.7,0.0,0.0,9699.4,9699.4,0,East,Online
105934,CUST00643,2025-07-21,Home & Kitchen,5,3284.75,0.0,0.0,16423.75,16423.75,0,Central,Mobile App
105935,CUST00757,2025-05-19,Apparel,5,2414.61,0.1,1207.3,12073.05,-10865.75,1,South,Online
105936,CUST00399,2025-01-08,Electronics,4,4919.35,0.0,0.0,19677.4,19677.4,0,East,Online
105937,CUST00424,2025-04-12,Electronics,5,2328.66,0.25,2910.82,11643.3,8732.48,0,Central,Retail Store
105938,CUST00818,2024-04-06,Apparel,1,4548.2,0.15,682.23,4548.2,3865.97,0,North,Online
105939,CUST00168,2025-04-23,Home & Kitchen,1,3296.28,0.0,0.0,3296.28,3296.28,0,West,Online
105940,CUST00678,2025-04-04,Home & Kitchen,4,1061.54,0.0,0.0,4246.16,4246.16,0,South,Retail Store
105941,CUST00917,2024-11-28,Grocery,2,3499.4,0.0,0.0,6998.8,6998.8,0,West,Online
105942,CUST00722,2025-07-16,Apparel,2,4382.13,0.15,1314.64,8764.26,7449.62,0,Central,Marketplace
105943,CUST00597,2025-07-05,Beauty,1,4691.45,0.05,234.57,4691.45,4456.88,0,West,Online
105944,CUST00816,2024-06-28,Electronics,1,2770.53,0.0,0.0,2770.53,2770.53,0,West,Mobile App
105945,CUST00188,2025-03-02,Home & Kitchen,1,4104.83,0.0,0.0,4104.83,4104.83,0,North,Retail Store
105946,CUST00996,2024-09-30,Apparel,4,3844.24,0.0,0.0,15376.96,15376.96,0,Central,Online
105947,CUST01039,2025-05-16,Apparel,5,4344.78,0.0,0.0,21723.9,21723.9,0,Central,Marketplace
105948,CUST00062,2025-04-06,Electronics,1,1745.99,0.0,0.0,1745.99,1745.99,0,South,Marketplace
105949,CUST01117,2024-10-01,Home & Kitchen,5,3305.37,0.15,2479.03,16526.85,-14047.82,1,Central,Marketplace
105950,CUST00125,2025-09-18,Electronics,5,4610.73,0.0,0.0,23053.65,-23053.65,1,North,Online
105951,CUST00835,2025-01-26,Beauty,5,2302.62,0.0,0.0,11513.1,11513.1,0,North,Mobile App
105952,CUST00789,2024-10-03,Electronics,2,4531.06,0.15,1359.32,9062.12,7702.8,0,West,Online
105953,CUST00135,2025-04-09,Home & Kitchen,5,3845.97,0.4,7691.94,19229.85,11537.91,0,Central,Retail Store
105954,CUST01034,2024-03-04,Beauty,1,4590.0,0.0,0.0,4590.0,4590.0,0,East,Marketplace
105955,CUST00278,2024-08-12,Sports,2,3168.53,0.15,950.56,6337.06,5386.5,0,East,Online
105956,CUST00109,2025-06-21,Beauty,5,4033.46,0.25,5041.82,20167.3,15125.48,0,Central,Online
105957,CUST00548,2025-06-07,Home & Kitchen,3,4391.58,0.0,0.0,13174.74,13174.74,0,South,Mobile App
105958,CUST00799,2024-05-01,Grocery,2,4303.54,0.15,1291.06,8607.08,7316.02,0,South,Marketplace
105959,CUST00926,2024-11-10,Sports,3,2098.16,0.0,0.0,6294.48,6294.48,0,South,Marketplace
105960,CUST00200,2024-12-13,Apparel,3,386.12,0.0,0.0,1158.36,1158.36,0,East,Retail Store
105961,CUST00862,2025-04-14,Grocery,3,3883.72,0.0,0.0,11651.16,11651.16,0,North,Marketplace
105962,CUST00775,2025-07-29,Home & Kitchen,1,2426.74,0.0,0.0,2426.74,2426.74,0,Central,Retail Store
105963,CUST00219,2024-12-08,Beauty,2,3874.2,0.25,1937.1,7748.4,5811.3,0,North,Online
105964,CUST00887,2024-11-26,Grocery,2,1759.89,0.1,351.98,3519.78,3167.8,0,South,Online
105965,CUST00823,2025-01-08,Apparel,5,4659.83,0.0,0.0,23299.15,23299.15,0,Central,Mobile App
105966,CUST00371,2024-03-08,Apparel,3,328.66,0.0,0.0,985.98,985.98,0,South,Marketplace
105967,CUST01100,2024-03-22,Home & Kitchen,5,1252.74,0.05,313.18,6263.7,5950.52,0,South,Online
105968,CUST01039,2025-09-20,Home & Kitchen,2,1404.5,0.0,0.0,2809.0,2809.0,0,Central,Marketplace
105969,CUST00823,2024-11-17,Beauty,3,2803.6,0.0,0.0,8410.8,8410.8,0,Central,Mobile App
105970,CUST00962,2025-02-16,Sports,2,782.24,0.05,78.22,1564.48,1486.26,0,West,Online
105971,CUST00384,2025-05-08,Electronics,5,1825.31,0.0,0.0,9126.55,-9126.55,1,Central,Retail Store
105972,CUST00200,2025-03-10,Beauty,3,4902.81,0.0,0.0,14708.43,14708.43,0,East,Retail Store
105973,CUST00230,2025-06-25,Apparel,1,706.35,0.25,176.59,706.35,529.76,0,South,Mobile App
105974,CUST00299,2024-07-13,Electronics,2,3623.23,0.15,1086.97,7246.46,6159.49,0,North,Marketplace
105975,CUST00533,2025-05-02,Sports,1,2035.81,0.0,0.0,2035.81,2035.81,0,South,Mobile App
105976,CUST01122,2024-12-24,Sports,2,1793.67,0.0,0.0,3587.34,3587.34,0,East,Online
105977,CUST00656,2024-04-02,Grocery,3,4670.96,0.4,5605.15,14012.88,8407.73,0,East,Retail Store
105978,CUST01028,2025-04-23,Sports,1,3145.17,0.0,0.0,3145.17,3145.17,0,West,Online
105979,CUST00464,2024-09-17,Electronics,5,4848.75,0.4,9697.5,24243.75,14546.25,0,North,Online
105980,CUST00578,2025-04-17,Sports,4,614.43,0.25,614.43,2457.72,1843.29,0,East,Marketplace
105981,CUST00102,2024-04-17,Beauty,2,4755.82,0.0,0.0,9511.64,9511.64,0,West,Marketplace
105982,CUST00634,2024-12-30,Electronics,2,4168.93,0.0,0.0,8337.86,8337.86,0,Central,Online
105984,CUST00178,2025-04-09,Sports,1,4545.02,0.0,0.0,4545.02,4545.02,0,North,Online
105985,CUST00510,2025-03-03,Grocery,5,2451.03,0.0,0.0,12255.15,-12255.15,1,Central,Retail Store
105986,CUST00685,2024-09-06,Home & Kitchen,5,1623.2,0.0,0.0,8116.0,8116.0,0,East,Online
105987,CUST00388,2025-03-22,Electronics,5,1957.18,0.0,0.0,9785.9,9785.9,0,South,Online
105988,CUST00896,2025-05-18,Grocery,2,3142.27,0.05,314.23,6284.54,5970.31,0,South,Online
105989,CUST00662,2024-12-25,Electronics,5,1504.12,0.0,0.0,7520.6,7520.6,0,West,Online
105990,CUST00774,2024-06-27,Beauty,2,1436.15,0.0,0.0,2872.3,2872.3,0,North,Online
105991,CUST00949,2025-08-14,Electronics,1,4308.3,0.0,0.0,4308.3,4308.3,0,South,Retail Store
105992,CUST00196,2025-04-12,Sports,3,2170.34,0.0,0.0,6511.02,6511.02,0,South,Mobile App
105993,CUST00703,2025-04-26,Beauty,4,4831.07,0.0,0.0,19324.28,19324.28,0,North,Online
105994,CUST00484,2025-03-23,Electronics,4,1925.93,0.0,0.0,7703.72,7703.72,0,East,Online
105995,CUST00269,2024-12-09,Grocery,3,2570.04,0.0,0.0,7710.12,7710.12,0,South,Online
105996,CUST00872,2025-07-31,Grocery,1,737.65,0.15,110.65,737.65,627.0,0,North,Online
105997,CUST00792,2024-04-25,Home & Kitchen,4,4640.14,0.0,0.0,18560.56,-18560.56,1,West,Online
105999,CUST00714,2024-09-11,Beauty,2,4147.34,0.0,0.0,8294.68,8294.68,0,West,Retail Store
106000,CUST00860,2025-10-02,Beauty,5,2531.56,0.1,1265.78,12657.8,11392.02,0,South,Marketplace
106001,CUST00133,2024-11-08,Electronics,3,4603.63,0.15,2071.63,13810.89,11739.26,0,North,Online
106002,CUST00463,2025-06-28,Beauty,4,2196.87,0.0,0.0,8787.48,8787.48,0,South,Mobile App
106003,CUST00098,2025-03-04,Electronics,1,921.6,0.0,0.0,921.6,-921.6,1,Central,Marketplace
106004,CUST00983,2024-10-19,Electronics,3,4526.37,0.0,0.0,13579.11,13579.11,0,East,Online
106005,CUST00490,2025-11-19,Home & Kitchen,5,1353.54,0.0,0.0,6767.7,6767.7,0,Central,Online
106006,CUST00238,2024-07-25,Grocery,4,4718.13,0.0,0.0,18872.52,18872.52,0,South,Retail Store
106007,CUST00560,2025-07-07,Home & Kitchen,3,1823.58,0.05,273.54,5470.74,5197.2,0,East,Online
106008,CUST00105,2025-03-13,Electronics,2,4590.23,0.0,0.0,9180.46,9180.46,0,East,Online
106009,CUST00244,2025-09-10,Apparel,2,4714.26,0.05,471.43,9428.52,8957.09,0,East,Online
106011,CUST00476,2025-01-21,Apparel,4,4462.06,0.0,0.0,17848.24,17848.24,0,Central,Online
106012,CUST00918,2025-07-27,Electronics,2,748.98,0.0,0.0,1497.96,1497.96,0,Central,Marketplace
106013,CUST00976,2025-03-28,Apparel,3,1620.6,0.0,0.0,4861.8,4861.8,0,Central,Online
106014,CUST00185,2025-02-11,Home & Kitchen,5,3730.47,0.0,0.0,18652.35,18652.35,0,North,Retail Store
106015,CUST00977,2025-09-09,Grocery,1,1984.41,0.0,0.0,1984.41,1984.41,0,South,Mobile App
106016,CUST00567,2024-12-13,Home & Kitchen,2,1309.53,0.0,0.0,2619.06,2619.06,0,North,Marketplace
106017,CUST00141,2025-03-29,Sports,4,4570.25,0.15,2742.15,18281.0,15538.85,0,West,Online
106019,CUST00226,2024-07-27,Beauty,5,1372.48,0.1,686.24,6862.4,6176.16,0,Central,Online
106021,CUST00597,2025-06-27,Home & Kitchen,3,4658.8,0.0,0.0,13976.4,13976.4,0,West,Online
106022,CUST00036,2025-07-29,Home & Kitchen,2,1006.87,0.0,0.0,2013.74,2013.74,0,West,Retail Store
106023,CUST00728,2025-02-05,Sports,4,2605.74,0.1,1042.3,10422.96,9380.66,0,Central,Online
106024,CUST00157,2025-11-27,Beauty,5,2295.43,0.0,0.0,11477.15,11477.15,0,South,Marketplace
106025,CUST00079,2025-03-08,Apparel,1,3730.76,0.0,0.0,3730.76,3730.76,0,West,Online
106026,CUST00010,2025-03-18,Grocery,4,206.13,0.0,0.0,824.52,824.52,0,East,Mobile App
106027,CUST01143,2025-03-25,Sports,5,4526.85,0.15,3395.14,22634.25,-19239.11,1,Central,Online
106028,CUST00262,2024-12-19,Home & Kitchen,2,4602.16,0.25,2301.08,9204.32,6903.24,0,West,Retail Store
106029,CUST00107,2024-08-02,Home & Kitchen,4,3674.76,0.05,734.95,14699.04,13964.09,0,West,Marketplace
106030,CUST00732,2024-06-24,Electronics,3,791.54,0.05,118.73,2374.62,2255.89,0,North,Retail Store
106031,CUST00176,2025-05-03,Beauty,2,3794.25,0.0,0.0,7588.5,7588.5,0,West,Retail Store
106032,CUST00767,2024-07-28,Grocery,3,0.0,0.0,0.0,0.0,0.0,0,South,Online
106033,CUST00876,2024-08-10,Home & Kitchen,5,4357.36,0.0,0.0,21786.8,21786.8,0,South,Marketplace
106034,CUST01151,2025-01-29,Apparel,2,4968.37,0.1,993.67,9936.74,8943.07,0,South,Online
106035,CUST01108,2025-02-19,Electronics,1,406.25,0.0,0.0,406.25,406.25,0,East,Online
106036,CUST00769,2025-06-13,Home & Kitchen,5,414.51,0.05,103.63,2072.55,1968.92,0,Central,Online
106037,CUST00030,2025-06-24,Electronics,4,1662.53,0.0,0.0,6650.12,6650.12,0,East,Marketplace
106038,CUST00633,2024-12-18,Grocery,2,2144.4,0.0,0.0,4288.8,4288.8,0,East,Retail Store
106039,CUST01066,2024-06-26,Grocery,4,2034.67,0.1,813.87,8138.68,7324.81,0,South,Mobile App
106040,CUST01136,2025-10-31,Apparel,2,4783.03,0.0,0.0,9566.06,9566.06,0,Central,Online
106041,CUST00299,2024-06-19,Beauty,3,1841.78,0.05,276.27,5525.34,5249.07,0,North,Marketplace
106042,CUST00741,2025-06-17,Electronics,5,4806.81,0.05,1201.7,24034.05,22832.35,0,Central,Marketplace
106043,CUST00029,2024-03-06,Home & Kitchen,1,2193.41,0.0,0.0,2193.41,2193.41,0,North,Marketplace
106044,CUST00363,2025-04-21,Home & Kitchen,1,2241.45,0.0,0.0,2241.45,2241.45,0,South,Online
106045,CUST00222,2024-10-28,Sports,4,988.66,0.0,0.0,3954.64,3954.64,0,East,Retail Store
106046,CUST00569,2024-03-13,Home & Kitchen,5,1421.87,0.0,0.0,7109.35,7109.35,0,South,Marketplace
106047,CUST00999,2025-04-22,Beauty,1,3054.74,0.25,763.68,3054.74,2291.06,0,South,Online
106048,CUST00326,2024-06-23,Beauty,2,2244.23,0.05,224.42,4488.46,4264.04,0,East,Online
106049,CUST00325,2024-07-03,Home & Kitchen,2,967.64,0.0,0.0,1935.28,1935.28,0,West,Mobile App
106050,CUST00832,2025-06-27,Grocery,4,4801.62,0.0,0.0,19206.48,19206.48,0,East,Marketplace
106051,CUST00103,2025-02-07,Grocery,4,3384.8,0.15,2030.88,13539.2,11508.32,0,East,Retail Store
106052,CUST00958,2024-09-16,Beauty,1,3070.86,0.25,767.72,3070.86,2303.14,0,North,Online
106053,CUST00545,2025-05-21,Apparel,3,3143.31,0.15,1414.49,9429.93,8015.44,0,South,Marketplace
106054,CUST00409,2024-10-18,Apparel,4,749.74,0.0,0.0,2998.96,2998.96,0,West,Online
106055,CUST00555,2025-05-14,Electronics,1,3887.54,0.0,0.0,3887.54,3887.54,0,South,Online
106056,CUST01036,2024-08-14,Apparel,5,473.33,0.0,0.0,2366.65,2366.65,0,East,Marketplace
106057,CUST00284,2025-08-02,Home & Kitchen,1,2312.55,0.0,0.0,2312.55,2312.55,0,South,Marketplace
106058,CUST00385,2024-05-09,Sports,3,268.06,0.15,120.63,804.18,683.55,0,North,Marketplace
106060,CUST00281,2024-08-19,Beauty,4,2133.24,0.0,0.0,8532.96,8532.96,0,West,Marketplace
106061,CUST00168,2024-11-14,Electronics,4,2705.32,0.0,0.0,10821.28,10821.28,0,West,Online
106062,CUST00085,2025-03-17,Grocery,3,293.23,0.1,87.97,879.69,791.72,0,East,Marketplace
106063,CUST00042,2024-08-15,Apparel,5,413.33,0.0,0.0,2066.65,2066.65,0,Central,Retail Store
106064,CUST00305,2025-03-24,Grocery,1,4127.21,0.0,0.0,4127.21,4127.21,0,North,Online
106065,CUST00392,2024-07-15,Beauty,5,4461.94,0.05,1115.49,22309.7,21194.21,0,South,Mobile App
106066,CUST00029,2024-05-05,Beauty,3,3477.94,0.0,0.0,10433.82,10433.82,0,North,Marketplace
106067,CUST00130,2024-08-30,Beauty,2,3716.07,0.0,0.0,7432.14,7432.14,0,East,Marketplace
106068,CUST01008,2025-06-12,Grocery,3,283.02,0.25,212.26,849.06,636.8,0,North,Online
106069,CUST00561,2024-07-28,Beauty,1,1360.19,0.0,0.0,1360.19,1360.19,0,West,Online
106070,CUST00200,2024-09-02,Beauty,3,2682.8,0.0,0.0,8048.4,8048.4,0,East,Retail Store
106071,CUST00180,2025-03-26,Grocery,3,760.59,0.0,0.0,2281.77,2281.77,0,South,Online
106072,CUST00888,2024-07-07,Sports,5,2658.34,0.0,0.0,13291.7,13291.7,0,North,Marketplace
106073,CUST00131,2025-01-23,Home & Kitchen,4,2009.87,0.0,0.0,8039.48,8039.48,0,West,Retail Store
106074,CUST00077,2024-05-01,Beauty,1,4512.47,0.15,676.87,4512.47,3835.6,0,East,Online
106075,CUST01101,2025-10-11,Electronics,2,2441.59,0.1,488.32,4883.18,4394.86,0,South,Mobile App
106076,CUST00806,2024-09-24,Home & Kitchen,1,850.14,0.1,85.01,850.14,765.13,0,Central,Retail Store
106077,CUST00641,2024-08-04,Beauty,3,2295.57,0.0,0.0,6886.71,-6886.71,1,South,Retail Store
106078,CUST00891,2025-06-07,Beauty,5,2751.33,0.0,0.0,13756.65,13756.65,0,North,Online
106079,CUST00838,2024-10-21,Sports,4,3064.34,0.1,1225.74,12257.36,11031.62,0,North,Marketplace
106080,CUST00925,2024-09-13,Electronics,3,846.46,0.0,0.0,2539.38,-2539.38,1,East,Online
106081,CUST00745,2024-11-06,Home & Kitchen,3,4590.16,0.4,5508.19,13770.48,8262.29,0,West,Mobile App
106082,CUST00280,2024-09-19,Sports,4,512.94,0.0,0.0,2051.76,2051.76,0,Central,Marketplace
106083,CUST00593,2024-10-14,Sports,2,3085.78,0.4,2468.62,6171.56,3702.94,0,North,Online
106084,CUST00836,2024-06-24,Sports,3,2442.5,0.05,366.38,7327.5,6961.12,0,Central,Marketplace
106085,CUST00446,2025-10-19,Beauty,2,1106.48,0.15,331.94,2212.96,1881.02,0,North,Marketplace
106086,CUST01123,2025-03-26,Apparel,4,4567.11,0.15,2740.27,18268.44,15528.17,0,South,Marketplace
106087,CUST00717,2024-11-21,Apparel,5,3612.46,0.0,0.0,18062.3,18062.3,0,Central,Online
106088,CUST01037,2024-04-30,Home & Kitchen,2,4791.15,0.0,0.0,9582.3,9582.3,0,North,Online
106089,CUST01107,2025-08-11,Apparel,2,1740.72,0.0,0.0,3481.44,3481.44,0,North,Marketplace
106090,CUST00075,2024-08-10,Apparel,4,3174.88,0.0,0.0,12699.52,12699.52,0,West,Mobile App
106091,CUST01088,2024-04-27,Home & Kitchen,1,4041.88,0.15,606.28,4041.88,3435.6,0,East,Marketplace
106092,CUST00680,2024-07-12,Apparel,1,4056.13,0.0,0.0,4056.13,4056.13,0,West,Online
106093,CUST00058,2025-04-22,Electronics,2,1389.59,0.0,0.0,2779.18,2779.18,0,Central,Retail Store
106094,CUST00090,2024-08-26,Beauty,2,3232.67,0.0,0.0,6465.34,6465.34,0,South,Online
106095,CUST00118,2025-10-23,Home & Kitchen,3,2305.82,0.0,0.0,6917.46,6917.46,0,East,Online
106096,CUST00159,2024-08-29,Electronics,1,3788.09,0.0,0.0,3788.09,3788.09,0,Central,Online
106097,CUST00828,2025-02-22,Grocery,4,951.8,0.15,571.08,3807.2,3236.12,0,North,Online
106098,CUST00287,2025-05-22,Home & Kitchen,4,1935.65,0.0,0.0,7742.6,7742.6,0,East,Marketplace
106099,CUST00553,2025-08-19,Beauty,4,4201.33,0.0,0.0,16805.32,16805.32,0,East,Retail Store
106100,CUST00702,2025-01-04,Apparel,4,3235.52,0.25,3235.52,12942.08,9706.56,0,East,Retail Store
106101,CUST01042,2024-06-23,Electronics,5,1226.15,0.1,613.08,6130.75,5517.67,0,Central,Mobile App
106102,CUST00122,2024-11-30,Sports,5,3527.68,0.1,1763.84,17638.4,15874.56,0,South,Online
106103,CUST00448,2024-07-27,Grocery,1,4251.95,0.15,637.79,4251.95,3614.16,0,East,Marketplace
106104,CUST00711,2024-09-27,Grocery,1,468.74,0.0,0.0,468.74,468.74,0,North,Mobile App
106105,CUST00827,2024-11-06,Beauty,3,1799.13,0.0,0.0,5397.39,5397.39,0,East,Marketplace
106106,CUST01070,2024-07-16,Electronics,5,1983.49,0.0,0.0,9917.45,9917.45,0,West,Online
106107,CUST00570,2024-06-23,Grocery,5,4063.1,0.0,0.0,20315.5,20315.5,0,East,Retail Store
106108,CUST00991,2025-02-20,Beauty,1,726.57,0.0,0.0,726.57,726.57,0,North,Marketplace
106109,CUST00884,2025-11-19,Electronics,4,3146.22,0.0,0.0,12584.88,12584.88,0,West,Online
106110,CUST00108,2024-05-07,Apparel,5,748.62,0.0,0.0,3743.1,3743.1,0,West,Retail Store
106111,CUST01087,2024-07-16,Electronics,3,3372.31,0.1,1011.69,10116.93,9105.24,0,West,Marketplace
106112,CUST00958,2024-08-16,Grocery,4,1236.41,0.1,494.56,4945.64,4451.08,0,North,Online
106113,CUST00003,2024-10-12,Electronics,5,1913.02,0.0,0.0,9565.1,9565.1,0,South,Retail Store
106114,CUST00621,2024-10-07,Apparel,4,1920.17,0.15,1152.1,7680.68,6528.58,0,Central,Retail Store
106115,CUST00084,2025-06-15,Grocery,2,2991.13,0.0,0.0,5982.26,5982.26,0,North,Online
106116,CUST00044,2025-06-02,Grocery,3,1625.57,0.0,0.0,4876.71,4876.71,0,North,Marketplace
106117,CUST00403,2025-03-02,Sports,3,1849.42,0.0,0.0,5548.26,5548.26,0,North,Online
106118,CUST00501,2024-11-22,Home & Kitchen,1,2866.2,0.0,0.0,2866.2,2866.2,0,South,Marketplace
106119,CUST00266,2024-12-08,Apparel,4,694.25,0.0,0.0,2777.0,-2777.0,1,East,Mobile App
106120,CUST00290,2025-01-25,Electronics,4,4134.5,0.05,826.9,16538.0,15711.1,0,South,Marketplace
106121,CUST00871,2024-07-04,Sports,5,513.41,0.0,0.0,2567.05,2567.05,0,North,Online
106122,CUST01122,2024-10-14,Electronics,2,777.84,0.0,0.0,1555.68,1555.68,0,East,Online
106123,CUST00409,2024-11-11,Apparel,2,4949.45,0.15,1484.83,9898.9,8414.07,0,West,Online
106124,CUST00220,2024-10-15,Beauty,5,3706.4,0.4,7412.8,18532.0,11119.2,0,West,Retail Store
106125,CUST00277,2025-09-03,Beauty,5,3088.67,0.0,0.0,15443.35,15443.35,0,East,Retail Store
106126,CUST00721,2024-11-11,Apparel,1,4807.88,0.0,0.0,4807.88,4807.88,0,West,Retail Store
106127,CUST00765,2025-09-10,Home & Kitchen,2,4027.48,0.15,1208.24,8054.96,6846.72,0,Central,Retail Store
106128,CUST01136,2025-08-25,Apparel,2,4827.26,0.0,0.0,9654.52,9654.52,0,Central,Online
106129,CUST00535,2025-05-18,Beauty,2,3759.87,0.0,0.0,7519.74,7519.74,0,South,Mobile App
106131,CUST00942,2025-01-22,Home & Kitchen,4,4920.15,0.0,0.0,19680.6,19680.6,0,North,Marketplace
106132,CUST00674,2025-01-16,Sports,3,1941.24,0.0,0.0,5823.72,5823.72,0,South,Online
106133,CUST00156,2024-12-08,Electronics,1,639.11,0.05,31.96,639.11,607.15,0,Central,Online
106134,CUST00022,2024-12-11,Apparel,4,4073.27,0.25,4073.27,16293.08,12219.81,0,West,Online
106135,CUST00213,2024-05-09,Apparel,5,2119.14,0.0,0.0,10595.7,10595.7,0,East,Online
106136,CUST01005,2024-10-05,Grocery,2,3603.52,0.0,0.0,7207.04,7207.04,0,West,Marketplace
106137,CUST00404,2025-05-23,Electronics,1,1545.44,0.0,0.0,1545.44,1545.44,0,East,Retail Store
106138,CUST00434,2024-08-30,Beauty,5,1047.86,0.1,523.93,5239.3,4715.37,0,North,Marketplace
106139,CUST01144,2024-01-22,Apparel,5,451.6,0.05,112.9,2258.0,2145.1,0,South,Online
106140,CUST01018,2025-03-13,Apparel,1,1624.94,0.1,162.49,1624.94,1462.45,0,North,Retail Store
106141,CUST00403,2024-12-27,Electronics,3,3891.26,0.05,583.69,11673.78,11090.09,0,North,Online
106142,CUST00997,2025-05-02,Apparel,4,2042.86,0.0,0.0,8171.44,8171.44,0,East,Online
106143,CUST00379,2024-08-17,Sports,1,1123.7,0.0,0.0,1123.7,1123.7,0,West,Retail Store
106144,CUST00281,2024-09-15,Home & Kitchen,3,1849.49,0.0,0.0,5548.47,5548.47,0,West,Marketplace
106145,CUST00160,2024-03-09,Electronics,4,470.15,0.0,0.0,1880.6,-1880.6,1,North,Online
106146,CUST01156,2025-07-24,Home & Kitchen,2,3278.47,0.1,655.69,6556.94,5901.25,0,Central,Retail Store
106147,CUST00086,2025-04-01,Apparel,1,2423.42,0.15,363.51,2423.42,2059.91,0,East,Online
106148,CUST01194,2024-10-10,Electronics,5,1065.75,0.1,532.88,5328.75,4795.87,0,West,Retail Store
106149,CUST00065,2025-04-28,Sports,3,4888.65,0.0,0.0,14665.95,14665.95,0,North,Online
106151,CUST00162,2024-09-17,Apparel,5,2470.74,0.0,0.0,12353.7,12353.7,0,South,Marketplace
106152,CUST01198,2024-11-15,Home & Kitchen,5,4533.23,0.0,0.0,22666.15,22666.15,0,East,Mobile App
106153,CUST00602,2024-07-04,Sports,2,2743.16,0.0,0.0,5486.32,5486.32,0,East,Online
106154,CUST00768,2024-05-15,Sports,5,2655.74,0.4,5311.48,13278.7,7967.22,0,East,Online
106155,CUST01023,2025-06-08,Grocery,2,4806.45,0.0,0.0,9612.9,9612.9,0,East,Online
106156,CUST00078,2025-07-05,Electronics,4,4235.64,0.0,0.0,16942.56,-16942.56,1,East,Marketplace
106157,CUST00614,2024-08-29,Grocery,3,4711.55,0.0,0.0,14134.65,14134.65,0,East,Marketplace
106158,CUST01107,2025-07-04,Electronics,5,3045.12,0.0,0.0,15225.6,15225.6,0,North,Marketplace
106159,CUST00343,2024-07-30,Apparel,4,1575.13,0.0,0.0,6300.52,6300.52,0,East,Online
106160,CUST00868,2024-11-12,Apparel,5,4166.49,0.0,0.0,20832.45,-20832.45,1,North,Online
106161,CUST00644,2025-04-11,Home & Kitchen,5,3532.98,0.0,0.0,17664.9,17664.9,0,West,Mobile App
106162,CUST00267,2025-03-05,Apparel,1,2272.92,0.0,0.0,2272.92,2272.92,0,North,Online
106163,CUST00588,2024-08-07,Beauty,1,1187.11,0.0,0.0,1187.11,1187.11,0,West,Online
106164,CUST00255,2025-06-10,Home & Kitchen,3,836.8,0.1,251.04,2510.4,2259.36,0,South,Marketplace
106165,CUST00470,2025-05-18,Sports,4,211.71,0.05,42.34,846.84,804.5,0,West,Marketplace
106166,CUST00081,2025-05-31,Grocery,4,3134.33,0.0,0.0,12537.32,12537.32,0,West,Online
106167,CUST01076,2025-09-26,Home & Kitchen,1,4663.86,0.0,0.0,4663.86,4663.86,0,North,Mobile App
106168,CUST00573,2024-05-29,Electronics,2,520.62,0.0,0.0,1041.24,1041.24,0,East,Marketplace
106169,CUST00654,2025-07-11,Beauty,1,4773.64,0.4,1909.46,4773.64,2864.18,0,Central,Retail Store
106170,CUST00986,2025-01-27,Electronics,5,874.54,0.0,0.0,4372.7,4372.7,0,Central,Mobile App
106171,CUST00453,2025-02-06,Electronics,2,2265.02,0.1,453.0,4530.04,4077.04,0,South,Retail Store
106172,CUST01028,2025-07-09,Sports,3,1719.14,0.0,0.0,5157.42,5157.42,0,West,Online
106173,CUST00307,2024-09-06,Apparel,1,2608.72,0.0,0.0,2608.72,2608.72,0,South,Online
106174,CUST01175,2025-05-28,Electronics,4,606.49,0.1,242.6,2425.96,2183.36,0,West,Online
106175,CUST01136,2024-06-03,Home & Kitchen,5,3833.37,0.15,2875.03,19166.85,16291.82,0,Central,Online
106176,CUST01071,2024-12-03,Electronics,1,2026.45,0.05,101.32,2026.45,1925.13,0,South,Online
106177,CUST00921,2024-11-28,Apparel,1,882.65,0.0,0.0,882.65,882.65,0,South,Online
106178,CUST01114,2025-01-01,Beauty,4,2967.97,0.05,593.59,11871.88,11278.29,0,South,Marketplace
106179,CUST00115,2025-06-02,Home & Kitchen,4,4865.34,0.0,0.0,19461.36,19461.36,0,North,Mobile App
106180,CUST00063,2025-01-26,Grocery,5,458.56,0.0,0.0,2292.8,2292.8,0,West,Marketplace
106181,CUST00827,2025-03-21,Electronics,4,1791.23,0.1,716.49,7164.92,6448.43,0,East,Marketplace
106182,CUST00106,2025-01-31,Apparel,1,1174.49,0.0,0.0,1174.49,1174.49,0,North,Retail Store
106183,CUST01014,2024-08-08,Apparel,2,1944.96,0.1,388.99,3889.92,3500.93,0,West,Online
106184,CUST00908,2024-09-16,Apparel,2,233.62,0.05,23.36,467.24,443.88,0,North,Online
106185,CUST00296,2025-01-19,Electronics,4,1386.95,0.0,0.0,5547.8,5547.8,0,North,Online
106186,CUST00682,2024-12-04,Electronics,2,2908.62,0.0,0.0,5817.24,-5817.24,1,Central,Marketplace
106187,CUST01116,2024-11-16,Home & Kitchen,2,872.14,0.0,0.0,1744.28,1744.28,0,North,Marketplace
106188,CUST00298,2024-12-15,Beauty,2,442.32,0.05,44.23,884.64,840.41,0,Central,Marketplace
106189,CUST00157,2025-01-25,Grocery,2,3604.51,0.0,0.0,7209.02,7209.02,0,South,Marketplace
106190,CUST00748,2024-11-28,Beauty,1,3590.62,0.4,1436.25,3590.62,2154.37,0,West,Marketplace
106191,CUST00854,2024-10-29,Beauty,2,3510.8,0.0,0.0,7021.6,7021.6,0,West,Marketplace
106192,CUST00025,2025-05-05,Apparel,5,502.8,0.0,0.0,2514.0,2514.0,0,Central,Online
106193,CUST01017,2025-03-24,Beauty,4,3841.59,0.0,0.0,15366.36,15366.36,0,West,Online
106194,CUST00305,2025-04-13,Grocery,2,3455.05,0.0,0.0,6910.1,6910.1,0,North,Online
106195,CUST00661,2025-09-20,Sports,3,1092.69,0.05,163.9,3278.07,3114.17,0,East,Marketplace
106196,CUST01121,2025-02-16,Apparel,4,2998.72,0.15,1799.23,11994.88,10195.65,0,Central,Marketplace
106197,CUST00976,2024-09-23,Home & Kitchen,3,1983.04,0.0,0.0,5949.12,5949.12,0,Central,Online
106198,CUST00466,2024-06-15,Beauty,5,2941.73,0.4,5883.46,14708.65,8825.19,0,Central,Retail Store
106199,CUST00792,2024-04-02,Apparel,1,2708.1,0.0,0.0,2708.1,-2708.1,1,West,Online
106200,CUST00015,2024-07-20,Electronics,2,1135.32,0.0,0.0,2270.64,2270.64,0,North,Online
106201,CUST00465,2025-01-25,Grocery,1,4926.94,0.0,0.0,4926.94,4926.94,0,West,Mobile App
106202,CUST00113,2025-03-30,Sports,4,2832.91,0.15,1699.75,11331.64,9631.89,0,West,Online
106203,CUST00751,2025-07-26,Sports,3,1051.57,0.0,0.0,3154.71,3154.71,0,West,Marketplace
106204,CUST00550,2025-02-12,Home & Kitchen,4,3789.46,0.15,2273.68,15157.84,12884.16,0,South,Online
106205,CUST01063,2024-09-29,Sports,2,2890.0,0.0,0.0,5780.0,5780.0,0,West,Online
106206,CUST00660,2025-07-17,Electronics,4,2951.21,0.0,0.0,11804.84,11804.84,0,East,Online
106207,CUST01136,2024-07-12,Apparel,4,4605.24,0.0,0.0,18420.96,-18420.96,1,Central,Online
106208,CUST00264,2024-09-06,Apparel,4,3332.29,0.0,0.0,13329.16,13329.16,0,South,Marketplace
106209,CUST00252,2025-01-15,Sports,3,2963.85,0.1,889.16,8891.55,8002.39,0,West,Online
106210,CUST00138,2025-01-05,Apparel,1,1994.93,0.0,0.0,1994.93,1994.93,0,West,Online
106211,CUST01068,2024-01-24,Grocery,4,1281.76,0.15,769.06,5127.04,4357.98,0,West,Marketplace
106212,CUST00261,2025-09-02,Home & Kitchen,5,985.12,0.0,0.0,4925.6,4925.6,0,West,Mobile App
106213,CUST00698,2025-05-10,Beauty,3,4791.26,0.0,0.0,14373.78,-14373.78,1,North,Mobile App
106214,CUST00397,2025-01-12,Beauty,3,416.93,0.0,0.0,1250.79,1250.79,0,North,Marketplace
106215,CUST00602,2024-10-09,Electronics,1,3958.65,0.0,0.0,3958.65,3958.65,0,East,Online
106216,CUST00881,2025-04-11,Electronics,2,4292.22,0.0,0.0,8584.44,8584.44,0,South,Online
106217,CUST00380,2025-08-28,Sports,5,814.3,0.15,610.72,4071.5,3460.78,0,South,Online
106218,CUST00796,2025-05-03,Sports,4,2898.81,0.0,0.0,11595.24,11595.24,0,South,Retail Store
106219,CUST00789,2025-02-18,Home & Kitchen,4,4822.35,0.4,7715.76,19289.4,11573.64,0,West,Online
106220,CUST00715,2024-10-25,Home & Kitchen,2,4834.66,0.1,966.93,9669.32,8702.39,0,West,Mobile App
106221,CUST01152,2025-05-16,Beauty,2,806.36,0.0,0.0,1612.72,1612.72,0,South,Retail Store
106222,CUST01134,2025-02-08,Sports,1,3106.88,0.0,0.0,3106.88,3106.88,0,North,Online
106223,CUST00525,2025-12-17,Beauty,1,1857.09,0.1,185.71,1857.09,1671.38,0,West,Online
106224,CUST00876,2024-11-26,Home & Kitchen,2,1658.8,0.0,0.0,3317.6,3317.6,0,South,Marketplace
106225,CUST00585,2024-08-14,Beauty,3,362.69,0.0,0.0,1088.07,1088.07,0,West,Online
106226,CUST00385,2024-06-02,Home & Kitchen,3,1615.44,0.0,0.0,4846.32,4846.32,0,North,Marketplace
106227,CUST00796,2025-06-19,Grocery,1,3422.57,0.0,0.0,3422.57,3422.57,0,South,Retail Store
106228,CUST00342,2025-04-14,Grocery,5,1998.11,0.0,0.0,9990.55,9990.55,0,West,Mobile App
106229,CUST00117,2024-02-24,Sports,1,545.08,0.05,27.25,545.08,517.83,0,East,Marketplace
106230,CUST00178,2025-03-10,Sports,5,1063.29,0.0,0.0,5316.45,5316.45,0,North,Online
106231,CUST00414,2025-09-25,Beauty,2,525.5,0.0,0.0,1051.0,1051.0,0,North,Online
106232,CUST00213,2024-08-11,Sports,5,4865.2,0.0,0.0,24326.0,24326.0,0,East,Online
106233,CUST00512,2025-05-19,Electronics,1,2184.97,0.0,0.0,2184.97,2184.97,0,South,Marketplace
106234,CUST00489,2024-07-20,Beauty,5,4044.32,0.0,0.0,20221.6,20221.6,0,South,Retail Store
106235,CUST00304,2025-01-23,Home & Kitchen,1,2762.19,0.0,0.0,2762.19,2762.19,0,North,Marketplace
106236,CUST01009,2024-05-13,Grocery,4,1612.79,0.0,0.0,6451.16,6451.16,0,East,Online
106238,CUST00427,2024-07-02,Grocery,4,1651.03,0.1,660.41,6604.12,5943.71,0,South,Retail Store
106239,CUST00303,2024-12-22,Apparel,3,1150.32,0.0,0.0,3450.96,3450.96,0,East,Online
106240,CUST00063,2024-11-19,Sports,1,4993.77,0.05,249.69,4993.77,-4744.08,1,West,Marketplace
106241,CUST00773,2024-03-21,Electronics,5,1414.97,0.0,0.0,7074.85,7074.85,0,Central,Retail Store
106242,CUST00093,2024-05-21,Sports,5,667.06,0.0,0.0,3335.3,3335.3,0,North,Online
106243,CUST00289,2024-03-31,Apparel,1,4429.78,0.0,0.0,4429.78,4429.78,0,West,Marketplace
106244,CUST00135,2025-01-20,Electronics,4,1930.66,0.15,1158.4,7722.64,6564.24,0,Central,Retail Store
106245,CUST00674,2025-02-23,Electronics,4,1717.45,0.0,0.0,6869.8,6869.8,0,South,Online
106246,CUST00248,2025-08-18,Sports,3,2209.8,0.0,0.0,6629.4,6629.4,0,East,Online
106247,CUST00154,2024-03-09,Apparel,2,234.86,0.15,70.46,469.72,399.26,0,West,Marketplace
106248,CUST00077,2024-03-22,Apparel,3,2242.34,0.0,0.0,6727.02,6727.02,0,East,Online
106249,CUST01089,2024-05-21,Electronics,1,2601.16,0.0,0.0,2601.16,2601.16,0,West,Marketplace
106250,CUST00602,2024-11-07,Electronics,2,2379.82,0.0,0.0,4759.64,4759.64,0,East,Online
106251,CUST00801,2025-04-24,Sports,4,2823.57,0.0,0.0,11294.28,11294.28,0,North,Marketplace
106252,CUST01145,2025-01-26,Sports,1,3684.52,0.05,184.23,3684.52,-3500.29,1,West,Online
106253,CUST00925,2025-01-18,Electronics,3,2063.82,0.15,928.72,6191.46,5262.74,0,East,Online
106254,CUST00127,2025-04-19,Apparel,3,3378.42,0.0,0.0,10135.26,10135.26,0,West,Online
106255,CUST00828,2025-01-08,Electronics,2,2344.99,0.05,234.5,4689.98,4455.48,0,North,Online
106256,CUST00987,2024-05-05,Grocery,5,4318.76,0.0,0.0,21593.8,21593.8,0,Central,Online
106258,CUST01091,2025-01-07,Grocery,5,662.28,0.0,0.0,3311.4,3311.4,0,South,Online
106259,CUST00007,2024-08-16,Beauty,4,1303.53,0.0,0.0,5214.12,5214.12,0,Central,Retail Store
106260,CUST00021,2024-09-21,Home & Kitchen,5,2362.81,0.0,0.0,11814.05,11814.05,0,South,Online
106261,CUST00275,2024-08-16,Grocery,5,2009.9,0.0,0.0,10049.5,10049.5,0,West,Online
106262,CUST00101,2025-07-09,Grocery,4,3185.91,0.0,0.0,12743.64,12743.64,0,South,Mobile App
106263,CUST00574,2025-01-28,Apparel,1,3003.76,0.05,150.19,3003.76,-2853.57,1,South,Retail Store
106264,CUST00730,2025-03-07,Apparel,3,2921.72,0.0,0.0,8765.16,8765.16,0,South,Mobile App
106265,CUST00441,2024-10-31,Sports,1,296.77,0.1,29.68,296.77,267.09,0,East,Marketplace
106266,CUST00163,2025-07-05,Grocery,5,943.67,0.15,707.75,4718.35,4010.6,0,South,Marketplace
106267,CUST00053,2024-06-29,Home & Kitchen,5,390.97,0.0,0.0,1954.85,1954.85,0,North,Online
106268,CUST00646,2024-03-12,Home & Kitchen,4,1805.64,0.0,0.0,7222.56,7222.56,0,South,Mobile App
106269,CUST00156,2024-10-08,Grocery,3,1931.47,0.05,289.72,5794.41,5504.69,0,Central,Online
106270,CUST00908,2024-09-28,Beauty,1,350.58,0.0,0.0,350.58,350.58,0,North,Online
106271,CUST00619,2024-12-09,Home & Kitchen,5,1497.01,0.0,0.0,7485.05,-7485.05,1,West,Online
106272,CUST00932,2024-03-22,Sports,2,4402.34,0.0,0.0,8804.68,8804.68,0,Central,Marketplace
106273,CUST00858,2024-07-01,Apparel,4,2234.86,0.0,0.0,8939.44,8939.44,0,Central,Online
106274,CUST00884,2025-04-20,Electronics,3,1912.46,0.0,0.0,5737.38,5737.38,0,West,Online
106275,CUST00454,2025-07-09,Sports,3,1143.17,0.0,0.0,3429.51,3429.51,0,South,Online
106276,CUST00576,2024-05-15,Apparel,1,4218.36,0.0,0.0,4218.36,4218.36,0,North,Online
106277,CUST00746,2024-05-23,Apparel,2,4093.6,0.0,0.0,8187.2,8187.2,0,North,Mobile App
106278,CUST00403,2024-12-10,Apparel,3,1954.16,0.0,0.0,5862.48,5862.48,0,North,Online
106279,CUST00353,2024-07-13,Beauty,2,4912.54,0.15,1473.76,9825.08,8351.32,0,North,Marketplace
106280,CUST00387,2025-05-17,Apparel,1,264.69,0.15,39.7,264.69,224.99,0,Central,Marketplace
106281,CUST00545,2025-06-11,Beauty,5,1470.04,0.0,0.0,7350.2,7350.2,0,South,Marketplace
106282,CUST00318,2025-01-28,Apparel,2,4039.12,0.05,403.91,8078.24,7674.33,0,South,Mobile App
106283,CUST00075,2024-12-06,Grocery,1,1970.0,0.0,0.0,1970.0,1970.0,0,West,Mobile App
106285,CUST00290,2025-02-18,Electronics,2,3459.82,0.0,0.0,6919.64,6919.64,0,South,Marketplace
106286,CUST00846,2025-10-23,Apparel,1,1841.33,0.15,276.2,1841.33,1565.13,0,West,Marketplace
106288,CUST00260,2025-04-24,Sports,5,840.7,0.15,630.52,4203.5,3572.98,0,West,Retail Store
106289,CUST00975,2025-01-26,Grocery,4,3311.18,0.0,0.0,13244.72,-13244.72,1,East,Online
106290,CUST00622,2024-05-27,Electronics,4,734.31,0.0,0.0,2937.24,2937.24,0,Central,Online
106291,CUST00316,2024-08-18,Beauty,4,2306.56,0.0,0.0,9226.24,9226.24,0,South,Online
106292,CUST00715,2024-09-02,Electronics,2,2310.71,0.0,0.0,4621.42,4621.42,0,West,Mobile App
106293,CUST00990,2024-10-14,Sports,4,4290.63,0.0,0.0,17162.52,17162.52,0,West,Marketplace
106295,CUST01047,2024-10-15,Electronics,4,2478.89,0.0,0.0,9915.56,9915.56,0,East,Marketplace
106296,CUST01001,2025-11-06,Apparel,3,4506.12,0.25,3379.59,13518.36,10138.77,0,West,Mobile App
106297,CUST00010,2024-12-26,Home & Kitchen,1,1497.98,0.15,224.7,1497.98,1273.28,0,East,Mobile App
106298,CUST00748,2025-07-07,Electronics,5,676.09,0.25,845.11,3380.45,2535.34,0,West,Marketplace
106299,CUST00012,2024-06-05,Beauty,5,780.22,0.0,0.0,3901.1,3901.1,0,North,Online
106300,CUST00868,2024-07-21,Apparel,5,2937.64,0.0,0.0,14688.2,-14688.2,1,North,Online
106301,CUST00721,2024-05-29,Grocery,2,3591.13,0.05,359.11,7182.26,6823.15,0,West,Retail Store
106302,CUST00315,2025-01-28,Grocery,2,818.0,0.0,0.0,1636.0,1636.0,0,East,Retail Store
106303,CUST00215,2025-06-12,Beauty,3,1038.42,0.1,311.53,3115.26,2803.73,0,West,Online
106304,CUST00644,2024-12-28,Apparel,2,509.4,0.1,101.88,1018.8,-916.92,1,West,Mobile App
106305,CUST00057,2025-02-17,Apparel,4,3468.28,0.0,0.0,13873.12,13873.12,0,Central,Online
106306,CUST00365,2025-05-21,Apparel,3,698.63,0.0,0.0,2095.89,2095.89,0,Central,Online
106307,CUST00026,2024-01-23,Beauty,3,4402.57,0.0,0.0,13207.71,13207.71,0,East,Online
106308,CUST00678,2024-05-12,Sports,4,3739.81,0.1,1495.92,14959.24,-13463.32,1,South,Retail Store
106309,CUST00197,2024-02-11,Home & Kitchen,3,4095.52,0.0,0.0,12286.56,12286.56,0,South,Online
106310,CUST00911,2025-12-31,Sports,1,2195.29,0.1,219.53,2195.29,1975.76,0,Central,Marketplace
106311,CUST00049,2025-06-09,Electronics,2,3272.87,0.0,0.0,6545.74,6545.74,0,Central,Marketplace
106312,CUST00831,2024-12-08,Sports,4,4438.52,0.1,1775.41,17754.08,15978.67,0,Central,Marketplace
106313,CUST01014,2024-03-04,Home & Kitchen,5,1548.09,0.0,0.0,7740.45,7740.45,0,West,Online
106315,CUST00733,2025-11-17,Beauty,3,1175.96,0.1,352.79,3527.88,-3175.09,1,South,Online
106316,CUST00072,2025-05-19,Grocery,4,2620.91,0.0,0.0,10483.64,10483.64,0,South,Online
106318,CUST00453,2025-01-01,Grocery,4,4901.47,0.0,0.0,19605.88,19605.88,0,South,Retail Store
106319,CUST00790,2025-07-31,Beauty,3,2172.43,0.1,651.73,6517.29,-5865.56,1,East,Online
106320,CUST00962,2025-04-06,Beauty,3,0.0,0.0,0.0,0.0,0.0,0,West,Online
106321,CUST00601,2024-05-31,Sports,4,4760.62,0.05,952.12,19042.48,18090.36,0,West,Retail Store
106322,CUST00075,2025-06-21,Beauty,1,2608.72,0.1,260.87,2608.72,2347.85,0,West,Mobile App
106323,CUST00817,2025-09-20,Apparel,5,1102.85,0.0,0.0,5514.25,5514.25,0,Central,Online
106324,CUST01189,2024-02-07,Electronics,1,3302.38,0.0,0.0,3302.38,3302.38,0,West,Marketplace
106325,CUST00691,2024-07-11,Apparel,5,2802.01,0.0,0.0,14010.05,14010.05,0,South,Marketplace
106326,CUST01043,2025-08-25,Sports,5,762.79,0.1,381.4,3813.95,3432.55,0,South,Retail Store
106327,CUST01042,2024-07-22,Electronics,1,363.19,0.0,0.0,363.19,363.19,0,Central,Mobile App
106328,CUST00325,2024-08-12,Grocery,5,3630.74,0.1,1815.37,18153.7,16338.33,0,West,Mobile App
106329,CUST01183,2025-04-26,Beauty,3,1273.13,0.15,572.91,3819.39,3246.48,0,West,Retail Store
106330,CUST00787,2024-11-04,Apparel,2,3699.24,0.0,0.0,7398.48,7398.48,0,East,Online
106331,CUST01075,2024-12-13,Home & Kitchen,5,4866.05,0.0,0.0,24330.25,24330.25,0,West,Retail Store
106332,CUST00636,2024-05-09,Apparel,2,2992.06,0.15,897.62,5984.12,5086.5,0,West,Online
106333,CUST01024,2025-01-10,Electronics,2,2050.82,0.0,0.0,4101.64,4101.64,0,West,Online
106334,CUST00039,2025-03-20,Beauty,1,3447.85,0.0,0.0,3447.85,-3447.85,1,Central,Online
106335,CUST00837,2024-06-17,Beauty,3,4019.72,0.0,0.0,12059.16,12059.16,0,Central,Mobile App
106336,CUST00570,2024-12-23,Grocery,1,565.08,0.0,0.0,565.08,565.08,0,East,Retail Store
106337,CUST00322,2025-06-12,Home & Kitchen,3,1250.09,0.15,562.54,3750.27,3187.73,0,North,Retail Store
106338,CUST01200,2024-12-06,Electronics,4,313.4,0.0,0.0,1253.6,-1253.6,1,Central,Online
106339,CUST01154,2025-02-26,Beauty,1,1244.03,0.0,0.0,1244.03,1244.03,0,South,Marketplace
106340,CUST01174,2025-04-18,Grocery,3,2236.64,0.0,0.0,6709.92,6709.92,0,West,Marketplace
106341,CUST01003,2025-01-05,Beauty,5,3127.17,0.0,0.0,15635.85,15635.85,0,South,Marketplace
106342,CUST00402,2024-08-28,Grocery,5,3751.35,0.15,2813.51,18756.75,15943.24,0,North,Marketplace
106344,CUST00149,2025-01-25,Sports,2,3428.9,0.0,0.0,6857.8,6857.8,0,West,Online
106345,CUST00927,2024-04-23,Grocery,1,4169.1,0.0,0.0,4169.1,4169.1,0,East,Online
106346,CUST00207,2024-07-05,Home & Kitchen,2,353.71,0.0,0.0,707.42,707.42,0,South,Online
106347,CUST00142,2025-05-16,Grocery,2,2829.42,0.0,0.0,5658.84,5658.84,0,Central,Mobile App
106348,CUST00078,2025-08-11,Beauty,4,0.0,0.1,0.0,0.0,0.0,0,East,Marketplace
106349,CUST00769,2025-05-19,Grocery,4,2132.14,0.15,1279.28,8528.56,7249.28,0,Central,Online
106350,CUST00181,2025-10-23,Home & Kitchen,1,2574.51,0.05,128.73,2574.51,2445.78,0,West,Online
106351,CUST00537,2024-12-26,Beauty,3,2879.25,0.0,0.0,8637.75,8637.75,0,Central,Marketplace
106352,CUST00457,2024-08-16,Apparel,3,2767.03,0.0,0.0,8301.09,8301.09,0,Central,Online
106353,CUST00477,2024-04-22,Grocery,1,4607.05,0.05,230.35,4607.05,4376.7,0,Central,Online
106354,CUST00441,2024-10-03,Home & Kitchen,1,0.0,0.0,0.0,0.0,0.0,0,East,Marketplace
106355,CUST00091,2024-02-22,Home & Kitchen,4,1312.06,0.0,0.0,5248.24,-5248.24,1,Central,Online
106356,CUST00798,2025-06-06,Home & Kitchen,2,1280.79,0.0,0.0,2561.58,2561.58,0,West,Marketplace
106357,CUST00851,2025-09-13,Beauty,2,1021.13,0.1,204.23,2042.26,1838.03,0,West,Retail Store
106358,CUST00264,2024-05-18,Beauty,3,4968.58,0.0,0.0,14905.74,14905.74,0,South,Marketplace
106359,CUST00717,2025-02-08,Sports,3,3679.08,0.0,0.0,11037.24,11037.24,0,Central,Online
106360,CUST00234,2024-10-04,Apparel,4,3961.81,0.05,792.36,15847.24,15054.88,0,Central,Marketplace
106361,CUST00037,2024-05-25,Beauty,3,3492.08,0.0,0.0,10476.24,10476.24,0,South,Online
106362,CUST00033,2025-04-10,Home & Kitchen,1,357.53,0.1,35.75,357.53,321.78,0,East,Online
106363,CUST00161,2025-03-23,Electronics,1,724.88,0.1,72.49,724.88,-652.39,1,Central,Mobile App
106364,CUST00699,2025-05-07,Sports,3,4177.25,0.0,0.0,12531.75,12531.75,0,Central,Mobile App
106365,CUST00035,2024-11-08,Grocery,1,2303.11,0.0,0.0,2303.11,2303.11,0,South,Marketplace
106366,CUST00909,2024-09-22,Electronics,3,4268.21,0.15,1920.69,12804.63,10883.94,0,South,Marketplace
106367,CUST00339,2024-08-02,Beauty,3,1670.16,0.05,250.52,5010.48,4759.96,0,North,Marketplace
106368,CUST00293,2025-05-12,Sports,4,966.07,0.15,579.64,3864.28,3284.64,0,Central,Online
106369,CUST00796,2025-05-28,Beauty,2,3312.09,0.25,1656.04,6624.18,4968.14,0,South,Retail Store
106370,CUST00971,2024-12-19,Electronics,5,958.22,0.0,0.0,4791.1,4791.1,0,North,Online
106371,CUST00407,2025-05-30,Beauty,3,4189.52,0.1,1256.86,12568.56,11311.7,0,North,Marketplace
106372,CUST00918,2025-04-03,Sports,4,4264.91,0.1,1705.96,17059.64,15353.68,0,Central,Marketplace
106373,CUST00642,2024-10-18,Grocery,1,4781.69,0.0,0.0,4781.69,4781.69,0,North,Online
106374,CUST00018,2025-05-28,Electronics,3,2056.87,0.15,925.59,6170.61,-5245.02,1,Central,Online
106375,CUST00721,2024-10-06,Home & Kitchen,3,2053.31,0.05,308.0,6159.93,5851.93,0,West,Retail Store
106376,CUST00568,2024-09-12,Sports,4,4718.67,0.0,0.0,18874.68,18874.68,0,North,Online
106377,CUST01100,2024-05-15,Grocery,5,490.44,0.0,0.0,2452.2,2452.2,0,South,Online
106378,CUST00893,2024-10-23,Sports,4,237.15,0.0,0.0,948.6,948.6,0,West,Marketplace
106379,CUST00537,2024-04-05,Electronics,4,2412.67,0.0,0.0,9650.68,9650.68,0,Central,Marketplace
106380,CUST00746,2024-07-10,Home & Kitchen,3,4110.34,0.0,0.0,12331.02,12331.02,0,North,Mobile App
106381,CUST00975,2024-12-09,Sports,4,3740.14,0.0,0.0,14960.56,14960.56,0,East,Online
106382,CUST00701,2025-06-16,Apparel,5,885.88,0.05,221.47,4429.4,4207.93,0,East,Mobile App
106383,CUST00017,2025-06-19,Grocery,4,538.86,0.0,0.0,2155.44,2155.44,0,East,Mobile App
106384,CUST00804,2025-12-01,Sports,1,2503.98,0.0,0.0,2503.98,2503.98,0,Central,Online
106385,CUST00960,2025-06-28,Electronics,3,2014.14,0.0,0.0,6042.42,6042.42,0,North,Online
106386,CUST00642,2024-09-01,Grocery,1,1388.23,0.1,138.82,1388.23,1249.41,0,North,Online
106387,CUST00239,2024-11-16,Apparel,2,2896.68,0.0,0.0,5793.36,5793.36,0,South,Online
106388,CUST00601,2025-02-09,Grocery,5,261.01,0.05,65.25,1305.05,-1239.8,1,West,Retail Store
106389,CUST00303,2025-03-10,Sports,2,1474.6,0.0,0.0,2949.2,2949.2,0,East,Online
106390,CUST00267,2025-01-02,Electronics,5,2544.88,0.4,5089.76,12724.4,7634.64,0,North,Online
106391,CUST00303,2024-11-17,Electronics,4,2294.8,0.1,917.92,9179.2,8261.28,0,East,Online
106392,CUST00614,2024-07-13,Apparel,1,2329.6,0.0,0.0,2329.6,2329.6,0,East,Marketplace
106393,CUST00600,2025-01-16,Home & Kitchen,5,419.19,0.0,0.0,2095.95,2095.95,0,Central,Retail Store
106394,CUST00581,2024-11-27,Electronics,4,3623.82,0.1,1449.53,14495.28,13045.75,0,West,Online
106395,CUST01169,2024-07-13,Sports,1,4388.82,0.0,0.0,4388.82,4388.82,0,East,Marketplace
106396,CUST00205,2024-06-18,Grocery,3,1227.2,0.0,0.0,3681.6,3681.6,0,North,Online
106397,CUST01033,2024-08-19,Beauty,4,4243.29,0.0,0.0,16973.16,16973.16,0,West,Retail Store
106398,CUST00074,2024-02-19,Home & Kitchen,3,4332.07,0.0,0.0,12996.21,12996.21,0,Central,Retail Store
106399,CUST00033,2025-05-20,Home & Kitchen,2,1583.36,0.0,0.0,3166.72,3166.72,0,East,Online
106400,CUST00702,2024-10-19,Sports,1,1867.79,0.0,0.0,1867.79,1867.79,0,East,Retail Store
106401,CUST00294,2025-09-09,Electronics,5,4193.81,0.1,2096.91,20969.05,18872.14,0,Central,Online
106402,CUST00920,2024-07-02,Grocery,1,3134.55,0.0,0.0,3134.55,3134.55,0,South,Retail Store
106403,CUST00725,2025-01-31,Beauty,4,844.2,0.0,0.0,3376.8,3376.8,0,West,Marketplace
106404,CUST00297,2024-02-28,Home & Kitchen,3,2167.65,0.0,0.0,6502.95,6502.95,0,West,Retail Store
106405,CUST00759,2025-08-03,Apparel,5,3856.72,0.0,0.0,19283.6,19283.6,0,West,Online
106406,CUST00853,2025-04-01,Sports,3,4939.1,0.0,0.0,14817.3,14817.3,0,East,Marketplace
106408,CUST01013,2024-09-01,Electronics,4,767.23,0.0,0.0,3068.92,3068.92,0,Central,Online
106409,CUST01174,2025-02-07,Sports,1,1292.39,0.25,323.1,1292.39,969.29,0,West,Marketplace
106410,CUST01127,2025-04-13,Sports,3,336.07,0.0,0.0,1008.21,1008.21,0,East,Online
106411,CUST00882,2024-07-25,Electronics,5,2323.02,0.05,580.76,11615.1,11034.34,0,Central,Marketplace
106412,CUST00178,2025-11-11,Grocery,5,1551.49,0.0,0.0,7757.45,7757.45,0,North,Online
106413,CUST00452,2025-02-19,Grocery,1,3944.31,0.15,591.65,3944.31,3352.66,0,East,Marketplace
106414,CUST00879,2024-09-25,Apparel,3,4938.57,0.0,0.0,14815.71,-14815.71,1,West,Retail Store
106415,CUST00828,2025-01-31,Beauty,1,2515.9,0.0,0.0,2515.9,2515.9,0,North,Online
106416,CUST00348,2025-03-03,Grocery,3,3208.69,0.05,481.3,9626.07,9144.77,0,North,Retail Store
106417,CUST00687,2024-05-05,Electronics,2,0.0,0.1,0.0,0.0,0.0,0,East,Online
106418,CUST00861,2024-04-03,Electronics,4,1501.11,0.0,0.0,6004.44,6004.44,0,West,Marketplace
106419,CUST01151,2025-09-07,Sports,3,1910.33,0.05,286.55,5730.99,5444.44,0,South,Online
106420,CUST01128,2024-06-25,Grocery,1,3145.68,0.0,0.0,3145.68,3145.68,0,North,Marketplace
106421,CUST00863,2024-09-25,Home & Kitchen,1,2297.45,0.0,0.0,2297.45,2297.45,0,North,Retail Store
106423,CUST00962,2025-06-17,Electronics,5,3443.23,0.4,6886.46,17216.15,10329.69,0,West,Online
106424,CUST00461,2025-04-20,Sports,2,869.07,0.0,0.0,1738.14,1738.14,0,Central,Online
106425,CUST00841,2024-06-25,Apparel,2,3098.73,0.0,0.0,6197.46,6197.46,0,Central,Marketplace
106426,CUST01119,2025-03-30,Beauty,3,3397.16,0.05,509.57,10191.48,9681.91,0,Central,Retail Store
106427,CUST00621,2024-12-18,Grocery,4,4811.04,0.0,0.0,19244.16,19244.16,0,Central,Retail Store
106428,CUST00797,2024-12-01,Home & Kitchen,4,4308.82,0.0,0.0,17235.28,17235.28,0,West,Online
106429,CUST00285,2025-07-14,Grocery,4,4273.95,0.1,1709.58,17095.8,15386.22,0,Central,Online
106430,CUST00512,2025-06-28,Beauty,1,4315.06,0.0,0.0,4315.06,4315.06,0,South,Marketplace
106431,CUST00467,2025-06-16,Electronics,5,1191.49,0.4,2382.98,5957.45,-3574.47,1,South,Online
106432,CUST00866,2025-04-06,Home & Kitchen,2,2003.2,0.0,0.0,4006.4,4006.4,0,South,Marketplace
106433,CUST00110,2025-04-27,Sports,4,790.74,0.15,474.44,3162.96,2688.52,0,Central,Mobile App
106434,CUST00419,2025-02-13,Home & Kitchen,3,1912.71,0.15,860.72,5738.13,4877.41,0,Central,Marketplace
106435,CUST00647,2025-08-08,Home & Kitchen,4,0.0,0.0,0.0,0.0,-0.0,1,Central,Retail Store
106436,CUST00037,2024-04-01,Home & Kitchen,3,1071.86,0.4,1286.23,3215.58,1929.35,0,South,Online
106437,CUST00616,2025-01-13,Home & Kitchen,2,1912.24,0.0,0.0,3824.48,3824.48,0,West,Online
106438,CUST00263,2024-08-27,Apparel,5,3304.91,0.25,4131.14,16524.55,12393.41,0,West,Marketplace
106439,CUST01035,2024-04-05,Grocery,5,1928.11,0.25,2410.14,9640.55,7230.41,0,West,Retail Store
106440,CUST00195,2024-11-02,Apparel,4,4813.56,0.0,0.0,19254.24,19254.24,0,South,Online
106441,CUST00387,2025-10-11,Electronics,4,2296.73,0.0,0.0,9186.92,9186.92,0,Central,Marketplace
106442,CUST00732,2024-10-13,Electronics,4,3626.12,0.0,0.0,14504.48,14504.48,0,North,Retail Store
106443,CUST00108,2024-04-19,Sports,2,590.41,0.0,0.0,1180.82,1180.82,0,West,Retail Store
106444,CUST01086,2024-09-22,Beauty,2,3201.94,0.0,0.0,6403.88,6403.88,0,South,Marketplace
106445,CUST00722,2025-12-17,Apparel,2,3718.68,0.0,0.0,7437.36,7437.36,0,Central,Marketplace
106446,CUST01177,2025-12-01,Grocery,2,3013.72,0.0,0.0,6027.44,6027.44,0,West,Retail Store
106447,CUST01137,2024-10-02,Beauty,3,1697.49,0.0,0.0,5092.47,5092.47,0,West,Online
106448,CUST00720,2024-02-09,Grocery,3,4275.49,0.0,0.0,12826.47,12826.47,0,Central,Online
106449,CUST00202,2025-03-28,Apparel,5,1131.89,0.0,0.0,5659.45,5659.45,0,East,Online
106450,CUST01038,2024-10-23,Beauty,1,702.99,0.0,0.0,702.99,702.99,0,South,Mobile App
106451,CUST00947,2024-10-28,Sports,5,910.09,0.05,227.52,4550.45,-4322.93,1,West,Mobile App
106452,CUST01042,2024-10-27,Beauty,1,4156.68,0.0,0.0,4156.68,4156.68,0,Central,Mobile App
106453,CUST00849,2024-08-03,Apparel,5,1340.44,0.05,335.11,6702.2,6367.09,0,West,Online
106454,CUST01097,2025-01-21,Grocery,1,2119.13,0.0,0.0,2119.13,2119.13,0,West,Online
106455,CUST00456,2025-01-15,Beauty,3,3588.03,0.0,0.0,10764.09,-10764.09,1,East,Online
106456,CUST01035,2024-05-15,Grocery,2,2650.16,0.1,530.03,5300.32,4770.29,0,West,Retail Store
106458,CUST00074,2024-02-13,Sports,1,664.03,0.1,66.4,664.03,597.63,0,Central,Retail Store
106459,CUST00890,2025-07-05,Sports,4,4233.91,0.0,0.0,16935.64,16935.64,0,North,Online
106460,CUST00934,2024-05-04,Sports,5,1764.06,0.0,0.0,8820.3,8820.3,0,East,Online
106461,CUST00029,2024-04-23,Apparel,3,4317.88,0.1,1295.36,12953.64,11658.28,0,North,Marketplace
106462,CUST00845,2025-03-16,Electronics,5,2274.6,0.0,0.0,11373.0,11373.0,0,Central,Online
106463,CUST00030,2025-09-28,Beauty,5,2526.57,0.0,0.0,12632.85,12632.85,0,East,Marketplace
106464,CUST00950,2025-11-11,Grocery,3,2308.27,0.0,0.0,6924.81,-6924.81,1,South,Online
106465,CUST00163,2025-05-10,Grocery,2,4274.06,0.05,427.41,8548.12,8120.71,0,South,Marketplace
106466,CUST00154,2024-05-15,Grocery,5,3403.85,0.0,0.0,17019.25,-17019.25,1,West,Marketplace
106467,CUST00847,2025-01-02,Sports,4,3578.06,0.0,0.0,14312.24,14312.24,0,Central,Retail Store
106468,CUST00273,2025-05-29,Home & Kitchen,4,1151.46,0.0,0.0,4605.84,4605.84,0,South,Retail Store
106469,CUST00456,2025-04-16,Beauty,3,3295.99,0.0,0.0,9887.97,9887.97,0,East,Online
106470,CUST00308,2024-02-10,Apparel,3,2897.4,0.0,0.0,8692.2,-8692.2,1,East,Retail Store
106471,CUST00781,2024-07-11,Home & Kitchen,2,446.11,0.0,0.0,892.22,892.22,0,Central,Mobile App
106472,CUST00096,2024-08-18,Electronics,1,2601.7,0.15,390.25,2601.7,2211.45,0,North,Marketplace
106473,CUST00221,2025-02-19,Grocery,4,394.87,0.0,0.0,1579.48,1579.48,0,South,Marketplace
106474,CUST01019,2024-06-16,Grocery,3,0.0,0.15,0.0,0.0,0.0,0,North,Retail Store
106475,CUST00756,2025-04-18,Grocery,2,359.18,0.0,0.0,718.36,718.36,0,West,Marketplace
106476,CUST00562,2024-06-27,Sports,4,606.69,0.0,0.0,2426.76,2426.76,0,East,Online
106477,CUST00406,2025-01-22,Apparel,2,2615.21,0.0,0.0,5230.42,-5230.42,1,Central,Retail Store
106478,CUST00291,2025-08-17,Electronics,3,3845.5,0.0,0.0,11536.5,11536.5,0,West,Marketplace
106479,CUST00942,2025-03-12,Home & Kitchen,5,652.83,0.0,0.0,3264.15,3264.15,0,North,Marketplace
106480,CUST00308,2024-03-31,Sports,5,1191.24,0.05,297.81,5956.2,5658.39,0,East,Retail Store
106482,CUST00027,2024-10-04,Home & Kitchen,5,4136.11,0.0,0.0,20680.55,20680.55,0,Central,Retail Store
106485,CUST01022,2025-07-16,Electronics,5,3931.25,0.1,1965.62,19656.25,17690.63,0,North,Marketplace
106487,CUST00587,2024-12-14,Home & Kitchen,3,3279.68,0.05,491.95,9839.04,9347.09,0,North,Online
106488,CUST00756,2025-10-14,Beauty,5,4278.98,0.0,0.0,21394.9,21394.9,0,West,Marketplace
106490,CUST01067,2025-03-29,Grocery,2,236.89,0.0,0.0,473.78,473.78,0,Central,Online
106491,CUST01025,2025-04-29,Beauty,4,3778.2,0.0,0.0,15112.8,15112.8,0,East,Marketplace
106492,CUST01024,2025-01-26,Grocery,4,2692.55,0.05,538.51,10770.2,10231.69,0,West,Online
106493,CUST00005,2024-08-14,Beauty,3,343.6,0.0,0.0,1030.8,-1030.8,1,South,Marketplace
106494,CUST00389,2024-10-22,Home & Kitchen,3,2767.06,0.0,0.0,8301.18,8301.18,0,North,Marketplace
106496,CUST00471,2025-02-03,Home & Kitchen,1,828.85,0.0,0.0,828.85,828.85,0,East,Marketplace
106497,CUST01049,2024-04-16,Home & Kitchen,3,1969.27,0.0,0.0,5907.81,5907.81,0,Central,Online
106498,CUST01171,2024-05-18,Home & Kitchen,1,1959.29,0.15,293.89,1959.29,-1665.4,1,Central,Retail Store
106499,CUST00011,2025-10-01,Grocery,2,4317.55,0.0,0.0,8635.1,8635.1,0,West,Retail Store
106500,CUST00330,2024-08-15,Grocery,3,4847.84,0.0,0.0,14543.52,14543.52,0,West,Online
106501,CUST00411,2024-12-03,Beauty,5,1720.15,0.0,0.0,8600.75,8600.75,0,South,Marketplace
106502,CUST01061,2025-10-16,Electronics,2,4034.07,0.0,0.0,8068.14,8068.14,0,Central,Online
106503,CUST00918,2025-09-24,Electronics,3,4674.86,0.0,0.0,14024.58,14024.58,0,Central,Marketplace
106504,CUST00570,2024-08-01,Beauty,1,2292.11,0.05,114.61,2292.11,2177.5,0,East,Retail Store
106505,CUST00619,2024-11-12,Electronics,1,4257.14,0.4,1702.86,4257.14,2554.28,0,West,Online
106506,CUST00425,2025-07-26,Home & Kitchen,4,4692.46,0.0,0.0,18769.84,18769.84,0,West,Mobile App
106507,CUST00323,2024-04-09,Electronics,4,2361.46,0.0,0.0,9445.84,9445.84,0,North,Online
106509,CUST01075,2025-02-22,Home & Kitchen,5,3871.9,0.0,0.0,19359.5,19359.5,0,West,Retail Store
106510,CUST01074,2025-06-17,Electronics,3,4429.36,0.15,1993.21,13288.08,11294.87,0,North,Online
106511,CUST00536,2025-03-13,Sports,5,1503.93,0.0,0.0,7519.65,7519.65,0,East,Online
106512,CUST00070,2024-12-11,Beauty,2,2313.7,0.0,0.0,4627.4,4627.4,0,South,Marketplace
106513,CUST00202,2024-08-17,Grocery,1,3968.14,0.15,595.22,3968.14,3372.92,0,East,Online
106514,CUST00336,2024-05-24,Grocery,3,2847.13,0.0,0.0,8541.39,8541.39,0,West,Online
106515,CUST00234,2025-02-25,Electronics,1,4718.98,0.0,0.0,4718.98,4718.98,0,Central,Marketplace
106516,CUST00517,2025-05-22,Electronics,4,3911.7,0.0,0.0,15646.8,15646.8,0,West,Online
106517,CUST00575,2024-10-29,Beauty,2,3062.21,0.0,0.0,6124.42,6124.42,0,Central,Online
106518,CUST00788,2025-06-30,Grocery,5,1725.5,0.15,1294.12,8627.5,7333.38,0,North,Retail Store
106519,CUST00450,2025-08-03,Grocery,5,322.84,0.0,0.0,1614.2,-1614.2,1,South,Marketplace
106520,CUST00468,2024-08-18,Grocery,1,2899.8,0.1,289.98,2899.8,2609.82,0,Central,Online
106521,CUST00628,2025-08-16,Grocery,2,1797.97,0.0,0.0,3595.94,3595.94,0,West,Marketplace
106522,CUST00039,2024-10-31,Sports,5,268.26,0.0,0.0,1341.3,1341.3,0,Central,Online
106523,CUST01059,2024-11-24,Electronics,3,4954.65,0.0,0.0,14863.95,14863.95,0,East,Retail Store
106524,CUST00428,2024-08-25,Beauty,5,3426.34,0.0,0.0,17131.7,17131.7,0,South,Marketplace
106525,CUST00592,2025-02-26,Apparel,4,0.0,0.0,0.0,0.0,0.0,0,East,Online
106526,CUST00496,2025-10-16,Home & Kitchen,4,4187.84,0.0,0.0,16751.36,16751.36,0,West,Online
106527,CUST01085,2024-08-12,Sports,4,3498.79,0.0,0.0,13995.16,13995.16,0,West,Online
106528,CUST00414,2025-11-04,Grocery,3,3038.04,0.05,455.71,9114.12,8658.41,0,North,Online
106529,CUST00172,2024-06-03,Beauty,1,4925.51,0.0,0.0,4925.51,4925.51,0,North,Marketplace
106530,CUST00688,2024-09-30,Home & Kitchen,1,3677.39,0.1,367.74,3677.39,3309.65,0,South,Online
106531,CUST01144,2025-01-22,Grocery,4,2541.69,0.15,1525.01,10166.76,8641.75,0,South,Online
106532,CUST00149,2025-04-09,Home & Kitchen,1,618.95,0.0,0.0,618.95,618.95,0,West,Online
106533,CUST00809,2025-06-23,Sports,1,4011.71,0.0,0.0,4011.71,4011.71,0,North,Online
106534,CUST00099,2024-10-27,Beauty,1,4207.97,0.0,0.0,4207.97,-4207.97,1,East,Marketplace
106535,CUST00789,2024-07-08,Beauty,3,2058.9,0.0,0.0,6176.7,6176.7,0,West,Online
106536,CUST01164,2025-06-23,Apparel,4,370.91,0.0,0.0,1483.64,1483.64,0,West,Online
106537,CUST01197,2024-09-24,Home & Kitchen,2,1561.09,0.15,468.33,3122.18,-2653.85,1,South,Marketplace
106538,CUST00572,2025-10-29,Electronics,5,794.09,0.0,0.0,3970.45,3970.45,0,South,Online
106539,CUST00063,2024-12-26,Sports,3,3338.2,0.0,0.0,10014.6,10014.6,0,West,Marketplace
106540,CUST00994,2025-01-26,Beauty,4,1537.23,0.0,0.0,6148.92,6148.92,0,North,Marketplace
106541,CUST00439,2024-12-03,Sports,1,4491.91,0.1,449.19,4491.91,4042.72,0,South,Mobile App
106542,CUST01190,2025-02-19,Electronics,5,1839.01,0.0,0.0,9195.05,9195.05,0,North,Retail Store
106543,CUST00469,2024-05-18,Grocery,4,1337.26,0.0,0.0,5349.04,5349.04,0,West,Retail Store
106544,CUST00830,2024-08-29,Beauty,2,442.91,0.0,0.0,885.82,885.82,0,West,Online
106545,CUST00533,2024-09-25,Apparel,5,2624.4,0.15,1968.3,13122.0,11153.7,0,South,Mobile App
106546,CUST00639,2024-06-06,Electronics,2,3848.59,0.0,0.0,7697.18,7697.18,0,Central,Retail Store
106547,CUST00244,2025-05-30,Beauty,4,2067.24,0.0,0.0,8268.96,-8268.96,1,East,Online
106548,CUST01037,2024-06-25,Electronics,1,2187.68,0.0,0.0,2187.68,2187.68,0,North,Online
106549,CUST00396,2024-11-20,Sports,3,1587.82,0.25,1190.86,4763.46,3572.6,0,South,Retail Store
106550,CUST00380,2025-05-14,Apparel,4,0.0,0.0,0.0,0.0,0.0,0,South,Online
106551,CUST00898,2024-12-09,Home & Kitchen,2,3721.05,0.0,0.0,7442.1,7442.1,0,West,Marketplace
106552,CUST00228,2024-11-25,Electronics,2,2585.79,0.4,2068.63,5171.58,3102.95,0,Central,Online
106553,CUST00573,2024-10-14,Apparel,2,2193.11,0.15,657.93,4386.22,3728.29,0,East,Marketplace
106554,CUST00603,2025-04-19,Grocery,4,217.26,0.25,217.26,869.04,651.78,0,Central,Retail Store
106555,CUST01071,2024-12-23,Sports,2,2123.52,0.0,0.0,4247.04,-4247.04,1,South,Online
106556,CUST00242,2025-07-04,Beauty,4,1463.13,0.1,585.25,5852.52,-5267.27,1,North,Retail Store
106557,CUST00087,2025-08-25,Beauty,4,4557.91,0.0,0.0,18231.64,-18231.64,1,South,Retail Store
106558,CUST00575,2024-09-25,Grocery,5,3724.41,0.0,0.0,18622.05,18622.05,0,Central,Online
106559,CUST00532,2025-03-21,Beauty,1,2005.36,0.0,0.0,2005.36,2005.36,0,Central,Online
106560,CUST00458,2025-02-10,Electronics,5,4666.11,0.1,2333.05,23330.55,20997.5,0,South,Online
106561,CUST01123,2025-01-24,Apparel,4,1238.6,0.0,0.0,4954.4,4954.4,0,South,Marketplace
106562,CUST00320,2024-05-27,Grocery,3,1843.23,0.0,0.0,5529.69,-5529.69,1,South,Marketplace
106563,CUST00275,2024-08-04,Beauty,4,1961.77,0.0,0.0,7847.08,7847.08,0,West,Online
106564,CUST00669,2024-07-18,Home & Kitchen,1,4003.8,0.1,400.38,4003.8,3603.42,0,Central,Online
106565,CUST00772,2024-06-12,Apparel,4,2651.79,0.0,0.0,10607.16,10607.16,0,South,Mobile App
106566,CUST00436,2024-03-19,Grocery,5,3742.24,0.0,0.0,18711.2,18711.2,0,Central,Online
106567,CUST00206,2024-03-21,Sports,3,1867.54,0.0,0.0,5602.62,5602.62,0,North,Online
106568,CUST00306,2025-07-04,Home & Kitchen,4,1127.73,0.0,0.0,4510.92,4510.92,0,West,Online
106569,CUST01136,2024-05-29,Apparel,3,2490.04,0.05,373.51,7470.12,7096.61,0,Central,Online
106570,CUST00868,2024-09-10,Sports,4,3560.52,0.0,0.0,14242.08,14242.08,0,North,Online
106571,CUST00418,2024-06-04,Sports,1,1524.53,0.15,228.68,1524.53,1295.85,0,Central,Marketplace
106572,CUST00961,2025-06-19,Sports,5,3036.77,0.15,2277.58,15183.85,12906.27,0,West,Retail Store
106573,CUST00889,2024-11-21,Electronics,5,2619.16,0.15,1964.37,13095.8,11131.43,0,South,Mobile App
106574,CUST00592,2025-01-26,Electronics,3,1839.46,0.15,827.76,5518.38,4690.62,0,East,Online
106575,CUST00835,2025-01-27,Apparel,5,4136.4,0.0,0.0,20682.0,20682.0,0,North,Mobile App
106576,CUST01003,2025-10-26,Grocery,4,2351.81,0.05,470.36,9407.24,8936.88,0,South,Marketplace
106577,CUST00057,2025-02-23,Electronics,4,3387.5,0.15,2032.5,13550.0,11517.5,0,Central,Online
106578,CUST00848,2025-03-02,Home & Kitchen,4,4039.58,0.0,0.0,16158.32,16158.32,0,South,Mobile App
106579,CUST00908,2025-01-03,Grocery,4,1212.83,0.15,727.7,4851.32,4123.62,0,North,Online
106580,CUST00817,2025-09-22,Apparel,5,1820.77,0.4,3641.54,9103.85,5462.31,0,Central,Online
106581,CUST00805,2025-10-28,Home & Kitchen,3,0.0,0.0,0.0,0.0,0.0,0,South,Marketplace
106582,CUST00770,2024-05-09,Home & Kitchen,1,3272.0,0.0,0.0,3272.0,3272.0,0,Central,Marketplace
106583,CUST00894,2024-12-18,Apparel,4,3031.77,0.1,1212.71,12127.08,-10914.37,1,South,Retail Store
106584,CUST01175,2024-11-07,Beauty,4,1130.09,0.0,0.0,4520.36,4520.36,0,West,Online
106585,CUST00319,2025-05-06,Grocery,4,3741.83,0.05,748.37,14967.32,14218.95,0,Central,Retail Store
106586,CUST00752,2024-09-04,Home & Kitchen,1,3347.17,0.0,0.0,3347.17,3347.17,0,West,Mobile App
106587,CUST00118,2025-09-05,Sports,5,512.95,0.25,641.19,2564.75,1923.56,0,East,Online
106588,CUST00558,2024-09-09,Grocery,3,2092.84,0.25,1569.63,6278.52,4708.89,0,North,Online
106589,CUST00536,2025-03-15,Apparel,5,1894.77,0.0,0.0,9473.85,9473.85,0,East,Online
106590,CUST00395,2024-09-05,Sports,4,1364.18,0.0,0.0,5456.72,5456.72,0,North,Mobile App
106591,CUST00609,2025-05-12,Electronics,3,4387.18,0.0,0.0,13161.54,13161.54,0,East,Marketplace
106592,CUST00695,2025-06-02,Apparel,2,2180.41,0.0,0.0,4360.82,4360.82,0,Central,Online
106593,CUST00043,2025-01-01,Beauty,5,562.39,0.0,0.0,2811.95,-2811.95,1,East,Retail Store
106594,CUST00029,2024-09-26,Apparel,3,4243.0,0.25,3182.25,12729.0,9546.75,0,North,Marketplace
106595,CUST00950,2025-07-05,Apparel,3,2436.64,0.0,0.0,7309.92,7309.92,0,South,Online
106596,CUST00532,2024-11-01,Beauty,2,731.17,0.15,219.35,1462.34,-1242.99,1,Central,Online
106597,CUST00637,2024-04-13,Electronics,3,1285.76,0.05,192.86,3857.28,3664.42,0,North,Online
106599,CUST00078,2025-06-06,Grocery,4,4603.66,0.05,920.73,18414.64,17493.91,0,East,Marketplace
106600,CUST00828,2025-08-31,Grocery,5,1005.02,0.0,0.0,5025.1,5025.1,0,North,Online
106601,CUST00170,2024-08-06,Home & Kitchen,3,1200.42,0.0,0.0,3601.26,3601.26,0,East,Marketplace
106602,CUST01056,2024-05-28,Apparel,5,3164.9,0.0,0.0,15824.5,15824.5,0,South,Marketplace
106603,CUST01054,2025-06-29,Electronics,3,689.48,0.15,310.27,2068.44,1758.17,0,Central,Online
106604,CUST01131,2024-05-26,Beauty,4,3359.08,0.0,0.0,13436.32,13436.32,0,North,Online
106605,CUST00060,2024-09-06,Home & Kitchen,3,2636.62,0.0,0.0,7909.86,7909.86,0,West,Online
106606,CUST01157,2024-10-14,Sports,1,975.98,0.05,48.8,975.98,927.18,0,South,Online
106607,CUST00231,2025-08-23,Electronics,1,4964.89,0.1,496.49,4964.89,4468.4,0,East,Marketplace
106608,CUST00837,2025-01-30,Electronics,1,3889.45,0.05,194.47,3889.45,3694.98,0,Central,Mobile App
106609,CUST00633,2025-01-09,Apparel,4,2786.41,0.0,0.0,11145.64,11145.64,0,East,Retail Store
106610,CUST00974,2024-12-03,Home & Kitchen,3,2421.69,0.0,0.0,7265.07,-7265.07,1,East,Retail Store
106611,CUST00025,2025-04-25,Beauty,4,751.95,0.0,0.0,3007.8,3007.8,0,Central,Online
106612,CUST00343,2024-08-17,Electronics,3,1713.76,0.0,0.0,5141.28,5141.28,0,East,Online
106613,CUST00598,2024-11-01,Electronics,3,1729.6,0.25,1297.2,5188.8,3891.6,0,South,Retail Store
106614,CUST00453,2024-12-11,Beauty,1,2716.6,0.0,0.0,2716.6,2716.6,0,South,Retail Store
106615,CUST00524,2024-10-07,Electronics,1,885.07,0.0,0.0,885.07,-885.07,1,Central,Online
106616,CUST01181,2025-10-09,Sports,2,1850.13,0.1,370.03,3700.26,3330.23,0,North,Online
106617,CUST00405,2024-04-29,Home & Kitchen,4,1026.03,0.0,0.0,4104.12,4104.12,0,Central,Retail Store
106618,CUST00235,2025-06-20,Sports,1,1039.33,0.4,415.73,1039.33,623.6,0,Central,Mobile App
106619,CUST00537,2024-04-19,Electronics,5,2281.19,0.0,0.0,11405.95,11405.95,0,Central,Marketplace
106620,CUST00745,2024-06-26,Electronics,2,733.0,0.15,219.9,1466.0,1246.1,0,West,Mobile App
106621,CUST00761,2025-03-10,Grocery,1,1984.7,0.0,0.0,1984.7,1984.7,0,East,Online
106622,CUST00924,2024-05-24,Electronics,1,772.48,0.0,0.0,772.48,772.48,0,West,Retail Store
106623,CUST00992,2025-06-17,Home & Kitchen,1,3667.62,0.0,0.0,3667.62,3667.62,0,Central,Online
106624,CUST01035,2024-05-04,Apparel,3,1532.82,0.0,0.0,4598.46,4598.46,0,West,Retail Store
106625,CUST00592,2024-12-01,Sports,1,1216.78,0.0,0.0,1216.78,-1216.78,1,East,Online
106626,CUST00585,2024-08-03,Apparel,2,2454.08,0.0,0.0,4908.16,4908.16,0,West,Online
106627,CUST00334,2024-08-23,Sports,1,1169.5,0.0,0.0,1169.5,1169.5,0,Central,Online
106628,CUST01010,2024-09-08,Grocery,4,218.2,0.0,0.0,872.8,872.8,0,Central,Online
106629,CUST00355,2024-09-12,Apparel,2,1713.68,0.0,0.0,3427.36,3427.36,0,Central,Online
106630,CUST00408,2025-09-06,Electronics,2,4260.06,0.0,0.0,8520.12,8520.12,0,South,Mobile App
106631,CUST00107,2024-09-07,Sports,4,3431.14,0.25,3431.14,13724.56,-10293.42,1,West,Marketplace
106632,CUST00343,2024-09-22,Electronics,3,427.81,0.0,0.0,1283.43,1283.43,0,East,Online
106633,CUST00135,2025-04-03,Sports,3,0.0,0.0,0.0,0.0,0.0,0,Central,Retail Store
106634,CUST00729,2024-12-22,Home & Kitchen,3,1551.77,0.0,0.0,4655.31,4655.31,0,East,Online
106636,CUST00088,2025-06-13,Home & Kitchen,5,438.38,0.0,0.0,2191.9,2191.9,0,South,Marketplace
106637,CUST00429,2025-03-11,Grocery,5,3615.56,0.1,1807.78,18077.8,16270.02,0,Central,Marketplace
106638,CUST01011,2025-01-02,Beauty,4,691.96,0.0,0.0,2767.84,2767.84,0,West,Marketplace
106639,CUST00993,2024-02-04,Home & Kitchen,3,3980.07,0.0,0.0,11940.21,11940.21,0,West,Retail Store
106640,CUST00036,2025-10-03,Apparel,2,4031.97,0.25,2015.98,8063.94,6047.96,0,West,Retail Store
106641,CUST01030,2024-10-19,Sports,4,437.08,0.0,0.0,1748.32,1748.32,0,North,Online
106642,CUST00688,2024-08-07,Sports,1,939.24,0.0,0.0,939.24,939.24,0,South,Online
106643,CUST00178,2024-12-25,Grocery,3,1989.4,0.1,596.82,5968.2,5371.38,0,North,Online
106644,CUST00049,2025-09-17,Sports,1,905.51,0.0,0.0,905.51,905.51,0,Central,Marketplace
106645,CUST01070,2024-04-02,Home & Kitchen,4,2569.9,0.05,513.98,10279.6,9765.62,0,West,Online
106646,CUST00863,2024-11-04,Sports,3,3738.57,0.0,0.0,11215.71,11215.71,0,North,Retail Store
106647,CUST00066,2024-09-17,Beauty,4,484.87,0.1,193.95,1939.48,-1745.53,1,West,Online
106648,CUST01116,2024-11-21,Electronics,3,4790.02,0.0,0.0,14370.06,14370.06,0,North,Marketplace
106649,CUST00130,2025-02-13,Beauty,2,1694.36,0.0,0.0,3388.72,3388.72,0,East,Marketplace
106650,CUST00031,2025-12-30,Apparel,5,2137.52,0.0,0.0,10687.6,10687.6,0,South,Retail Store
106651,CUST00947,2025-05-30,Home & Kitchen,1,2911.56,0.0,0.0,2911.56,2911.56,0,West,Mobile App
106652,CUST00411,2025-06-09,Beauty,5,216.98,0.0,0.0,1084.9,1084.9,0,South,Marketplace
106653,CUST01188,2024-08-17,Sports,5,0.0,0.0,0.0,0.0,0.0,0,East,Online
106654,CUST00234,2024-10-03,Beauty,5,3148.12,0.05,787.03,15740.6,14953.57,0,Central,Marketplace
106655,CUST00055,2024-01-11,Home & Kitchen,2,1609.29,0.0,0.0,3218.58,3218.58,0,West,Marketplace
106656,CUST00442,2024-10-08,Grocery,1,1565.5,0.0,0.0,1565.5,1565.5,0,West,Online
106657,CUST00537,2024-05-28,Electronics,1,3509.97,0.0,0.0,3509.97,3509.97,0,Central,Marketplace
106658,CUST01165,2025-07-28,Grocery,1,306.63,0.4,122.65,306.63,183.98,0,West,Online
106659,CUST00089,2025-06-23,Home & Kitchen,1,2116.94,0.0,0.0,2116.94,2116.94,0,South,Retail Store
106660,CUST00569,2024-04-11,Electronics,2,1895.03,0.0,0.0,3790.06,3790.06,0,South,Marketplace
106661,CUST00885,2024-07-28,Electronics,3,4203.2,0.0,0.0,12609.6,-12609.6,1,South,Online
106662,CUST01146,2024-12-11,Electronics,4,4156.41,0.25,4156.41,16625.64,12469.23,0,South,Online
106663,CUST00312,2024-05-27,Grocery,1,4388.29,0.0,0.0,4388.29,4388.29,0,West,Online
106664,CUST00685,2024-06-08,Beauty,3,2594.74,0.0,0.0,7784.22,7784.22,0,East,Online
106665,CUST00948,2024-06-23,Grocery,5,2282.06,0.1,1141.03,11410.3,10269.27,0,East,Online
106666,CUST00533,2024-10-29,Sports,5,834.67,0.0,0.0,4173.35,4173.35,0,South,Mobile App
106667,CUST00840,2024-04-18,Electronics,4,545.27,0.0,0.0,2181.08,2181.08,0,North,Retail Store
106668,CUST00707,2025-09-13,Home & Kitchen,4,4805.2,0.1,1922.08,19220.8,17298.72,0,South,Retail Store
106669,CUST00784,2025-05-21,Grocery,4,0.0,0.0,0.0,0.0,0.0,0,Central,Marketplace
106670,CUST00820,2025-08-06,Beauty,1,2577.16,0.0,0.0,2577.16,2577.16,0,South,Online
106671,CUST00853,2024-11-15,Home & Kitchen,2,4484.82,0.15,1345.45,8969.64,7624.19,0,East,Marketplace
106672,CUST00855,2024-10-10,Grocery,1,1886.69,0.0,0.0,1886.69,1886.69,0,East,Online
106673,CUST01119,2025-07-23,Electronics,2,917.26,0.15,275.18,1834.52,-1559.34,1,Central,Retail Store
106674,CUST00111,2024-04-10,Sports,4,1048.17,0.0,0.0,4192.68,4192.68,0,Central,Online
106675,CUST00753,2025-02-25,Home & Kitchen,3,256.17,0.0,0.0,768.51,768.51,0,Central,Mobile App
106676,CUST00618,2025-07-03,Sports,1,2570.42,0.0,0.0,2570.42,2570.42,0,South,Online
106677,CUST00457,2025-01-19,Home & Kitchen,2,2786.68,0.0,0.0,5573.36,5573.36,0,Central,Online
106678,CUST00527,2025-04-08,Electronics,2,1301.81,0.0,0.0,2603.62,-2603.62,1,South,Online
106679,CUST00260,2024-12-29,Beauty,4,1054.03,0.0,0.0,4216.12,4216.12,0,West,Retail Store
106680,CUST00377,2025-05-22,Electronics,5,3468.29,0.0,0.0,17341.45,17341.45,0,West,Online
106681,CUST00946,2025-09-07,Grocery,2,2678.87,0.1,535.77,5357.74,4821.97,0,North,Online
106682,CUST00817,2025-05-03,Beauty,2,1531.93,0.25,765.96,3063.86,2297.9,0,Central,Online
106683,CUST00730,2025-01-14,Beauty,5,1967.71,0.1,983.86,9838.55,8854.69,0,South,Mobile App
106684,CUST00985,2024-03-07,Grocery,3,3742.65,0.0,0.0,11227.95,11227.95,0,Central,Marketplace
106685,CUST00008,2025-06-24,Grocery,5,2080.73,0.1,1040.36,10403.65,9363.29,0,Central,Marketplace
106686,CUST00440,2025-07-01,Home & Kitchen,5,2916.8,0.0,0.0,14584.0,14584.0,0,Central,Marketplace
106687,CUST01177,2025-10-05,Home & Kitchen,5,4030.42,0.0,0.0,20152.1,20152.1,0,West,Retail Store
106688,CUST00614,2024-09-26,Apparel,5,4397.98,0.0,0.0,21989.9,21989.9,0,East,Marketplace
106689,CUST00710,2025-03-24,Electronics,5,0.0,0.0,0.0,0.0,0.0,0,West,Marketplace
106690,CUST01130,2025-05-29,Electronics,3,2309.39,0.25,1732.04,6928.17,5196.13,0,West,Retail Store
106691,CUST01037,2024-03-26,Home & Kitchen,1,985.0,0.0,0.0,985.0,985.0,0,North,Online
106692,CUST00522,2025-09-17,Grocery,1,1438.02,0.0,0.0,1438.02,1438.02,0,East,Online
106693,CUST00465,2024-10-13,Sports,3,1405.88,0.0,0.0,4217.64,4217.64,0,West,Mobile App
106695,CUST00814,2024-04-12,Beauty,4,1059.86,0.0,0.0,4239.44,4239.44,0,North,Retail Store
106696,CUST00845,2025-05-19,Electronics,2,1158.55,0.0,0.0,2317.1,2317.1,0,Central,Online
106697,CUST00648,2025-01-09,Beauty,3,4518.59,0.0,0.0,13555.77,13555.77,0,West,Mobile App
106698,CUST00842,2025-04-11,Grocery,1,3846.25,0.0,0.0,3846.25,3846.25,0,East,Online
106699,CUST01030,2024-05-01,Sports,4,2730.38,0.0,0.0,10921.52,10921.52,0,North,Online
106700,CUST01084,2025-07-04,Grocery,1,1017.91,0.0,0.0,1017.91,1017.91,0,Central,Online
106701,CUST00175,2024-09-15,Sports,3,1891.45,0.15,851.15,5674.35,4823.2,0,North,Retail Store
106702,CUST00288,2024-03-01,Electronics,2,4771.08,0.0,0.0,9542.16,9542.16,0,South,Online
106703,CUST01173,2024-12-14,Home & Kitchen,3,632.71,0.4,759.25,1898.13,1138.88,0,South,Online
106704,CUST00876,2024-03-28,Beauty,4,3394.83,0.0,0.0,13579.32,13579.32,0,South,Marketplace
106705,CUST00842,2025-04-17,Electronics,1,1020.68,0.05,51.03,1020.68,969.65,0,East,Online
106706,CUST00208,2025-04-11,Beauty,3,2534.56,0.0,0.0,7603.68,-7603.68,1,West,Online
106707,CUST00855,2024-11-01,Home & Kitchen,4,2346.85,0.1,938.74,9387.4,8448.66,0,East,Online
106708,CUST00487,2024-05-24,Grocery,4,495.28,0.0,0.0,1981.12,1981.12,0,Central,Retail Store
106709,CUST01041,2024-05-27,Beauty,3,4390.56,0.05,658.58,13171.68,12513.1,0,West,Marketplace
106710,CUST00356,2025-06-15,Electronics,3,4217.08,0.1,1265.12,12651.24,11386.12,0,Central,Online
106711,CUST00444,2025-10-13,Electronics,4,388.38,0.0,0.0,1553.52,1553.52,0,North,Marketplace
106712,CUST00924,2024-06-12,Beauty,1,3771.02,0.0,0.0,3771.02,3771.02,0,West,Retail Store
106713,CUST00697,2024-11-25,Sports,4,3720.56,0.0,0.0,14882.24,14882.24,0,West,Online
106714,CUST01197,2024-02-15,Beauty,3,2803.71,0.05,420.56,8411.13,7990.57,0,South,Marketplace
106715,CUST01007,2024-03-16,Grocery,2,4566.51,0.25,2283.26,9133.02,6849.76,0,East,Online
106716,CUST01005,2025-04-05,Apparel,5,540.06,0.0,0.0,2700.3,2700.3,0,West,Marketplace
106717,CUST00835,2024-11-21,Apparel,3,4547.55,0.0,0.0,13642.65,13642.65,0,North,Mobile App
106718,CUST00115,2024-10-24,Apparel,2,3596.59,0.0,0.0,7193.18,7193.18,0,North,Mobile App
106719,CUST00592,2025-03-26,Home & Kitchen,4,442.33,0.0,0.0,1769.32,1769.32,0,East,Online
106721,CUST00033,2024-10-10,Sports,5,854.53,0.0,0.0,4272.65,4272.65,0,East,Online
106722,CUST00330,2024-08-29,Apparel,1,928.21,0.05,46.41,928.21,881.8,0,West,Online
106723,CUST00773,2024-02-20,Electronics,4,884.89,0.15,530.93,3539.56,3008.63,0,Central,Retail Store
106725,CUST00415,2025-07-31,Beauty,2,4543.44,0.0,0.0,9086.88,9086.88,0,North,Online
106726,CUST01140,2025-05-11,Home & Kitchen,3,1698.14,0.1,509.44,5094.42,4584.98,0,North,Retail Store
106727,CUST00528,2025-06-24,Grocery,4,2787.65,0.0,0.0,11150.6,-11150.6,1,North,Marketplace
106728,CUST00273,2025-02-20,Electronics,4,4997.99,0.0,0.0,19991.96,19991.96,0,South,Retail Store
106729,CUST00197,2025-01-14,Electronics,4,2240.42,0.0,0.0,8961.68,8961.68,0,South,Online
106730,CUST01018,2025-01-24,Electronics,5,2866.49,0.0,0.0,14332.45,14332.45,0,North,Retail Store
106731,CUST01097,2025-02-09,Beauty,1,1014.73,0.0,0.0,1014.73,1014.73,0,West,Online
106732,CUST00688,2024-05-26,Electronics,4,4210.42,0.0,0.0,16841.68,16841.68,0,South,Online
106733,CUST00944,2024-05-07,Beauty,5,630.81,0.1,315.41,3154.05,2838.64,0,Central,Online
106734,CUST00639,2024-03-05,Sports,1,2493.2,0.25,623.3,2493.2,1869.9,0,Central,Retail Store
106735,CUST01003,2025-05-01,Beauty,4,1472.46,0.0,0.0,5889.84,5889.84,0,South,Marketplace
106736,CUST01175,2024-11-04,Apparel,3,4518.87,0.05,677.83,13556.61,12878.78,0,West,Online
106738,CUST00332,2024-09-13,Home & Kitchen,1,1506.06,0.0,0.0,1506.06,1506.06,0,North,Marketplace
106739,CUST01016,2024-04-26,Apparel,3,3982.4,0.0,0.0,11947.2,11947.2,0,Central,Marketplace
106740,CUST01157,2024-09-26,Beauty,5,2623.93,0.05,655.98,13119.65,12463.67,0,South,Online
106741,CUST00138,2025-07-16,Grocery,3,3951.72,0.15,1778.27,11855.16,10076.89,0,West,Online
106742,CUST00832,2024-09-29,Beauty,4,0.0,0.0,0.0,0.0,0.0,0,East,Marketplace
106743,CUST00321,2024-07-25,Electronics,4,1689.81,0.4,2703.7,6759.24,4055.54,0,West,Online
106744,CUST00774,2024-05-20,Grocery,3,1637.2,0.0,0.0,4911.6,4911.6,0,North,Online
106745,CUST00494,2024-11-26,Grocery,5,4299.51,0.05,1074.88,21497.55,20422.67,0,East,Retail Store
106746,CUST00105,2025-03-07,Beauty,3,4584.01,0.0,0.0,13752.03,13752.03,0,East,Online
106748,CUST00801,2024-10-16,Beauty,4,1053.16,0.25,1053.16,4212.64,3159.48,0,North,Marketplace
106749,CUST01157,2024-12-07,Sports,2,290.9,0.05,29.09,581.8,552.71,0,South,Online
106750,CUST00540,2024-10-16,Sports,4,4763.22,0.0,0.0,19052.88,19052.88,0,East,Retail Store
106751,CUST00267,2025-02-14,Grocery,2,1942.94,0.0,0.0,3885.88,3885.88,0,North,Online
106752,CUST00019,2025-04-29,Apparel,1,3198.46,0.0,0.0,3198.46,3198.46,0,North,Mobile App
106753,CUST00218,2025-03-13,Sports,5,3399.77,0.0,0.0,16998.85,16998.85,0,East,Online
106754,CUST00711,2024-10-25,Beauty,2,4598.31,0.0,0.0,9196.62,9196.62,0,North,Mobile App
106755,CUST00061,2024-08-18,Apparel,3,1611.4,0.0,0.0,4834.2,4834.2,0,West,Online
106756,CUST00099,2024-07-03,Apparel,1,4188.05,0.0,0.0,4188.05,4188.05,0,East,Marketplace
106757,CUST00027,2024-11-05,Apparel,5,2332.73,0.0,0.0,11663.65,11663.65,0,Central,Retail Store
106758,CUST00676,2025-01-14,Apparel,2,2332.97,0.1,466.59,4665.94,4199.35,0,Central,Retail Store
106759,CUST00306,2024-11-04,Grocery,4,1650.43,0.0,0.0,6601.72,6601.72,0,West,Online
106760,CUST01009,2025-01-03,Electronics,2,1532.38,0.0,0.0,3064.76,3064.76,0,East,Online
106761,CUST00549,2025-08-30,Beauty,1,954.51,0.15,143.18,954.51,811.33,0,North,Marketplace
106762,CUST00843,2025-05-03,Sports,1,1913.5,0.0,0.0,1913.5,-1913.5,1,East,Retail Store
106763,CUST01064,2025-05-17,Grocery,3,3657.34,0.0,0.0,10972.02,10972.02,0,North,Online
106764,CUST01126,2025-05-11,Grocery,1,4877.07,0.0,0.0,4877.07,4877.07,0,East,Online
106765,CUST00738,2024-05-01,Apparel,4,2682.47,0.0,0.0,10729.88,10729.88,0,East,Online
106766,CUST00982,2024-09-20,Home & Kitchen,4,4296.22,0.25,4296.22,17184.88,12888.66,0,South,Online
106767,CUST01135,2025-08-30,Sports,4,4449.83,0.05,889.97,17799.32,16909.35,0,South,Marketplace
106768,CUST00061,2024-08-19,Grocery,4,1361.01,0.0,0.0,5444.04,5444.04,0,West,Online
106769,CUST00415,2025-10-04,Beauty,4,568.01,0.0,0.0,2272.04,2272.04,0,North,Online
106770,CUST00183,2024-05-27,Sports,3,2436.68,0.0,0.0,7310.04,7310.04,0,South,Marketplace
106771,CUST00690,2025-02-14,Sports,5,1519.68,0.0,0.0,7598.4,7598.4,0,South,Online
106772,CUST00693,2024-02-07,Sports,1,1228.6,0.0,0.0,1228.6,1228.6,0,South,Marketplace
106773,CUST01083,2025-06-01,Sports,1,2228.58,0.15,334.29,2228.58,1894.29,0,West,Online
106774,CUST00713,2024-05-21,Beauty,5,4412.48,0.05,1103.12,22062.4,20959.28,0,Central,Mobile App
106775,CUST00630,2025-07-12,Home & Kitchen,4,476.54,0.1,190.62,1906.16,1715.54,0,East,Marketplace
106776,CUST00667,2024-10-16,Beauty,1,1029.32,0.25,257.33,1029.32,771.99,0,East,Marketplace
106777,CUST00306,2024-10-31,Home & Kitchen,1,4055.85,0.0,0.0,4055.85,4055.85,0,West,Online
106778,CUST00444,2025-05-12,Beauty,4,3939.12,0.25,3939.12,15756.48,11817.36,0,North,Marketplace
106779,CUST00055,2024-08-20,Grocery,2,2290.6,0.0,0.0,4581.2,4581.2,0,West,Marketplace
106780,CUST01163,2024-02-12,Electronics,2,4932.63,0.0,0.0,9865.26,9865.26,0,Central,Online
106781,CUST00972,2024-12-03,Grocery,3,332.22,0.0,0.0,996.66,996.66,0,West,Retail Store
106782,CUST00550,2025-06-28,Sports,4,3875.11,0.15,2325.07,15500.44,13175.37,0,South,Online
106783,CUST00985,2024-02-29,Sports,1,3751.94,0.0,0.0,3751.94,3751.94,0,Central,Marketplace
106784,CUST00819,2025-03-17,Electronics,1,0.0,0.05,0.0,0.0,0.0,0,South,Online
106785,CUST00067,2024-11-05,Electronics,1,1253.3,0.25,313.32,1253.3,939.98,0,North,Online
106786,CUST00489,2024-12-14,Apparel,1,3115.45,0.0,0.0,3115.45,3115.45,0,South,Retail Store
106787,CUST00357,2025-07-06,Electronics,4,3313.27,0.15,1987.96,13253.08,11265.12,0,East,Online
106788,CUST00031,2025-07-05,Apparel,4,807.6,0.0,0.0,3230.4,3230.4,0,South,Retail Store
106789,CUST00391,2025-05-01,Electronics,2,470.52,0.25,235.26,941.04,-705.78,1,East,Marketplace
106790,CUST00723,2025-04-06,Home & Kitchen,3,4298.67,0.0,0.0,12896.01,-12896.01,1,East,Online
106791,CUST00454,2025-07-08,Home & Kitchen,1,2160.67,0.25,540.17,2160.67,1620.5,0,South,Online
106792,CUST00601,2024-07-08,Grocery,4,3645.8,0.25,3645.8,14583.2,10937.4,0,West,Retail Store
106793,CUST00431,2024-08-08,Apparel,1,2406.09,0.05,120.3,2406.09,2285.79,0,East,Online
106794,CUST01081,2025-04-06,Beauty,3,4669.28,0.0,0.0,14007.84,14007.84,0,West,Online
106795,CUST00798,2025-06-18,Beauty,1,923.43,0.0,0.0,923.43,923.43,0,West,Marketplace
106796,CUST00147,2025-10-13,Grocery,2,3878.58,0.0,0.0,7757.16,7757.16,0,North,Online
106797,CUST00003,2024-12-25,Sports,4,591.6,0.4,946.56,2366.4,1419.84,0,South,Retail Store
106798,CUST00927,2024-03-13,Home & Kitchen,4,3480.34,0.0,0.0,13921.36,13921.36,0,East,Online
106799,CUST00009,2024-08-21,Beauty,4,1140.46,0.0,0.0,4561.84,4561.84,0,North,Online
106800,CUST00967,2024-09-05,Beauty,5,4185.03,0.0,0.0,20925.15,20925.15,0,North,Online
106801,CUST00901,2024-03-13,Apparel,4,2113.15,0.15,1267.89,8452.6,7184.71,0,East,Marketplace
106802,CUST00323,2024-04-02,Beauty,5,3504.8,0.0,0.0,17524.0,17524.0,0,North,Online
106803,CUST00352,2025-08-23,Sports,5,377.34,0.0,0.0,1886.7,1886.7,0,Central,Marketplace
106804,CUST01056,2024-04-18,Electronics,5,1952.0,0.1,976.0,9760.0,8784.0,0,South,Marketplace
106805,CUST00873,2024-07-06,Apparel,3,659.03,0.05,98.85,1977.09,1878.24,0,North,Mobile App
106806,CUST00784,2025-07-10,Sports,3,3470.05,0.4,4164.06,10410.15,6246.09,0,Central,Marketplace
106807,CUST00651,2025-03-26,Home & Kitchen,3,3534.42,0.0,0.0,10603.26,10603.26,0,Central,Online
106808,CUST00057,2024-04-21,Beauty,1,3367.5,0.05,168.38,3367.5,3199.12,0,Central,Online
106809,CUST01046,2025-12-25,Sports,1,211.84,0.0,0.0,211.84,211.84,0,Central,Marketplace
106810,CUST00706,2025-08-20,Sports,3,2985.19,0.0,0.0,8955.57,8955.57,0,Central,Online
106812,CUST00962,2025-01-01,Electronics,1,4006.83,0.0,0.0,4006.83,4006.83,0,West,Online
106813,CUST01068,2025-08-08,Electronics,5,4785.55,0.1,2392.78,23927.75,21534.97,0,West,Marketplace
106814,CUST00032,2024-09-10,Apparel,3,3296.22,0.0,0.0,9888.66,9888.66,0,South,Mobile App
106815,CUST00349,2025-02-11,Sports,2,3943.1,0.0,0.0,7886.2,7886.2,0,Central,Online
106816,CUST00508,2025-08-20,Electronics,2,744.73,0.25,372.36,1489.46,1117.1,0,West,Online
106817,CUST01017,2025-01-11,Sports,4,1406.04,0.0,0.0,5624.16,5624.16,0,West,Online
106818,CUST00345,2025-07-16,Beauty,5,3407.69,0.0,0.0,17038.45,17038.45,0,West,Online
106819,CUST00763,2024-12-30,Sports,4,1511.82,0.0,0.0,6047.28,6047.28,0,West,Mobile App
106820,CUST00609,2025-06-16,Beauty,1,1050.97,0.0,0.0,1050.97,1050.97,0,East,Marketplace
106821,CUST00599,2024-04-23,Home & Kitchen,5,2386.39,0.1,1193.2,11931.95,10738.75,0,West,Online
106822,CUST00590,2025-05-23,Grocery,2,0.0,0.0,0.0,0.0,0.0,0,North,Online
106823,CUST00098,2025-06-26,Grocery,2,1806.48,0.15,541.94,3612.96,3071.02,0,Central,Marketplace
106824,CUST00053,2024-03-29,Sports,3,1960.57,0.0,0.0,5881.71,5881.71,0,North,Online
106825,CUST00786,2024-03-31,Electronics,5,3363.66,0.0,0.0,16818.3,16818.3,0,North,Retail Store
106826,CUST01192,2025-05-08,Beauty,4,3630.88,0.0,0.0,14523.52,14523.52,0,West,Marketplace
106827,CUST00482,2024-12-07,Apparel,5,2848.32,0.4,5696.64,14241.6,8544.96,0,West,Online
106828,CUST00632,2025-10-02,Sports,5,4162.6,0.0,0.0,20813.0,20813.0,0,West,Marketplace
106829,CUST01026,2024-08-22,Home & Kitchen,5,2056.05,0.0,0.0,10280.25,10280.25,0,East,Marketplace
106830,CUST00051,2024-02-05,Apparel,2,4272.76,0.25,2136.38,8545.52,6409.14,0,East,Retail Store
106831,CUST00558,2024-08-01,Beauty,1,899.02,0.0,0.0,899.02,899.02,0,North,Online
106832,CUST00864,2025-05-29,Grocery,3,3526.88,0.25,2645.16,10580.64,7935.48,0,North,Mobile App
106833,CUST00699,2025-03-25,Beauty,3,3632.87,0.0,0.0,10898.61,10898.61,0,Central,Mobile App
106834,CUST00024,2025-10-26,Home & Kitchen,2,0.0,0.1,0.0,0.0,-0.0,1,West,Marketplace
106835,CUST00842,2025-04-23,Electronics,5,2803.63,0.05,700.91,14018.15,13317.24,0,East,Online
106836,CUST00070,2025-01-22,Grocery,1,3733.16,0.0,0.0,3733.16,3733.16,0,South,Marketplace
106838,CUST00114,2025-03-18,Electronics,1,2634.18,0.0,0.0,2634.18,2634.18,0,East,Marketplace
106839,CUST01096,2025-06-08,Beauty,3,3632.39,0.1,1089.72,10897.17,-9807.45,1,Central,Online
106840,CUST01044,2025-06-01,Apparel,3,1656.17,0.0,0.0,4968.51,4968.51,0,South,Online
106841,CUST00962,2025-04-19,Home & Kitchen,4,998.68,0.1,399.47,3994.72,3595.25,0,West,Online
106842,CUST00577,2024-09-04,Sports,5,3982.84,0.0,0.0,19914.2,19914.2,0,North,Marketplace
106843,CUST00837,2024-05-12,Beauty,1,664.02,0.0,0.0,664.02,664.02,0,Central,Mobile App
106844,CUST00739,2025-06-23,Sports,1,226.64,0.0,0.0,226.64,226.64,0,North,Online
106845,CUST00852,2025-03-21,Beauty,3,3464.2,0.0,0.0,10392.6,10392.6,0,East,Online
106846,CUST01020,2025-08-27,Sports,4,4859.26,0.0,0.0,19437.04,19437.04,0,South,Retail Store
106847,CUST00045,2025-01-03,Apparel,3,2016.43,0.0,0.0,6049.29,-6049.29,1,North,Marketplace
106848,CUST00606,2025-06-03,Electronics,3,2220.6,0.0,0.0,6661.8,6661.8,0,West,Marketplace
106849,CUST01067,2025-03-29,Beauty,3,2288.83,0.0,0.0,6866.49,6866.49,0,Central,Online
106850,CUST01116,2024-12-30,Home & Kitchen,2,2225.57,0.0,0.0,4451.14,4451.14,0,North,Marketplace
106851,CUST00257,2024-04-27,Sports,2,2452.84,0.25,1226.42,4905.68,3679.26,0,West,Online
106852,CUST00057,2024-05-30,Electronics,3,1362.74,0.1,408.82,4088.22,-3679.4,1,Central,Online
106853,CUST00884,2025-05-01,Electronics,1,2884.49,0.15,432.67,2884.49,2451.82,0,West,Online
106854,CUST00904,2024-07-13,Beauty,4,1105.06,0.15,663.04,4420.24,3757.2,0,East,Online
106855,CUST00160,2024-04-28,Beauty,5,2401.48,0.25,3001.85,12007.4,9005.55,0,North,Online
106856,CUST00164,2024-08-26,Beauty,4,536.92,0.0,0.0,2147.68,2147.68,0,East,Marketplace
106857,CUST01065,2025-06-26,Electronics,1,3653.18,0.0,0.0,3653.18,-3653.18,1,Central,Retail Store
106858,CUST00740,2024-10-01,Beauty,4,4352.08,0.15,2611.25,17408.32,14797.07,0,East,Retail Store
106859,CUST01034,2024-03-25,Grocery,5,248.12,0.1,124.06,1240.6,1116.54,0,East,Marketplace
106860,CUST01110,2024-08-11,Grocery,1,3625.33,0.0,0.0,3625.33,-3625.33,1,East,Retail Store
106861,CUST00397,2025-06-16,Apparel,1,4007.52,0.0,0.0,4007.52,-4007.52,1,North,Marketplace
106862,CUST00023,2024-08-25,Grocery,2,3902.39,0.0,0.0,7804.78,7804.78,0,East,Marketplace
106863,CUST00785,2024-07-27,Home & Kitchen,1,1920.64,0.25,480.16,1920.64,1440.48,0,West,Retail Store
106864,CUST00650,2024-05-30,Sports,2,4493.0,0.15,1347.9,8986.0,7638.1,0,South,Online
106865,CUST00258,2024-05-22,Apparel,3,3823.79,0.1,1147.14,11471.37,10324.23,0,Central,Retail Store
106866,CUST01124,2024-12-18,Sports,5,1862.74,0.05,465.69,9313.7,8848.01,0,Central,Online
106867,CUST00116,2025-08-18,Home & Kitchen,1,3274.07,0.25,818.52,3274.07,2455.55,0,Central,Online
106868,CUST00338,2024-09-30,Beauty,2,2019.49,0.0,0.0,4038.98,4038.98,0,North,Online
106869,CUST00492,2024-08-16,Beauty,5,622.7,0.0,0.0,3113.5,3113.5,0,Central,Retail Store
106870,CUST00152,2025-02-04,Electronics,5,2804.54,0.1,1402.27,14022.7,12620.43,0,North,Retail Store
106871,CUST00301,2025-12-10,Sports,1,2522.84,0.0,0.0,2522.84,2522.84,0,South,Online
106872,CUST00244,2025-09-22,Grocery,3,3719.08,0.05,557.86,11157.24,10599.38,0,East,Online
106873,CUST00896,2025-08-05,Beauty,2,3296.6,0.0,0.0,6593.2,6593.2,0,South,Online
106874,CUST00695,2025-03-12,Beauty,1,489.93,0.0,0.0,489.93,489.93,0,Central,Online
106875,CUST00274,2025-02-02,Grocery,4,549.53,0.0,0.0,2198.12,2198.12,0,South,Retail Store
106876,CUST00851,2025-01-07,Grocery,3,4401.76,0.0,0.0,13205.28,13205.28,0,West,Retail Store
106877,CUST00820,2025-02-23,Home & Kitchen,3,3084.46,0.0,0.0,9253.38,9253.38,0,South,Online
106878,CUST00573,2024-05-02,Apparel,4,2968.89,0.0,0.0,11875.56,11875.56,0,East,Marketplace
106879,CUST00867,2025-10-11,Electronics,1,1211.54,0.1,121.15,1211.54,1090.39,0,East,Marketplace
106880,CUST00384,2025-09-15,Grocery,4,2824.77,0.0,0.0,11299.08,11299.08,0,Central,Retail Store
106881,CUST00213,2025-02-15,Apparel,1,1900.49,0.0,0.0,1900.49,1900.49,0,East,Online
106882,CUST00074,2024-05-09,Home & Kitchen,3,3458.72,0.25,2594.04,10376.16,7782.12,0,Central,Retail Store
106883,CUST01099,2024-10-22,Sports,3,1125.79,0.0,0.0,3377.37,3377.37,0,West,Marketplace
106884,CUST00808,2024-09-06,Beauty,2,963.97,0.0,0.0,1927.94,1927.94,0,Central,Online
106885,CUST00034,2025-07-17,Home & Kitchen,1,3561.68,0.4,1424.67,3561.68,2137.01,0,Central,Mobile App
106886,CUST00253,2025-04-29,Beauty,2,1317.09,0.05,131.71,2634.18,-2502.47,1,North,Online
106887,CUST00391,2025-04-26,Grocery,2,672.26,0.0,0.0,1344.52,1344.52,0,East,Marketplace
106888,CUST00779,2025-07-07,Grocery,4,4327.3,0.1,1730.92,17309.2,-15578.28,1,Central,Online
106889,CUST00477,2024-02-07,Apparel,3,3245.76,0.0,0.0,9737.28,9737.28,0,Central,Online
106890,CUST00331,2025-05-24,Beauty,4,3823.34,0.0,0.0,15293.36,15293.36,0,West,Online
106891,CUST00744,2025-02-21,Grocery,4,4405.19,0.05,881.04,17620.76,16739.72,0,East,Online
106892,CUST00280,2024-09-05,Apparel,2,3764.77,0.15,1129.43,7529.54,6400.11,0,Central,Marketplace
106893,CUST00777,2025-01-01,Beauty,4,3201.4,0.0,0.0,12805.6,12805.6,0,South,Marketplace
106894,CUST00283,2025-10-09,Sports,3,4772.06,0.15,2147.43,14316.18,-12168.75,1,Central,Online
106895,CUST00368,2024-12-21,Grocery,3,3404.43,0.15,1531.99,10213.29,8681.3,0,East,Retail Store
106896,CUST01111,2024-10-08,Apparel,1,3272.72,0.0,0.0,3272.72,3272.72,0,West,Retail Store
106897,CUST00804,2025-06-05,Home & Kitchen,3,1020.14,0.0,0.0,3060.42,3060.42,0,Central,Online
106898,CUST00515,2024-06-01,Beauty,5,3958.83,0.0,0.0,19794.15,19794.15,0,West,Retail Store
106899,CUST00297,2024-07-28,Sports,1,1886.65,0.1,188.67,1886.65,1697.98,0,West,Retail Store
106900,CUST00777,2025-04-24,Sports,2,2197.82,0.0,0.0,4395.64,4395.64,0,South,Marketplace
106901,CUST00909,2025-09-02,Home & Kitchen,2,0.0,0.15,0.0,0.0,0.0,0,South,Marketplace
106902,CUST00785,2024-08-19,Beauty,2,2647.85,0.0,0.0,5295.7,5295.7,0,West,Retail Store
106903,CUST00684,2025-04-03,Electronics,3,911.65,0.0,0.0,2734.95,2734.95,0,South,Retail Store
106904,CUST01083,2025-02-13,Grocery,5,3813.97,0.0,0.0,19069.85,19069.85,0,West,Online
106905,CUST00335,2025-03-26,Apparel,5,1159.02,0.05,289.76,5795.1,5505.34,0,Central,Mobile App
106906,CUST00591,2025-09-27,Beauty,1,1167.02,0.1,116.7,1167.02,1050.32,0,North,Marketplace
106907,CUST00369,2025-03-10,Apparel,3,4975.66,0.0,0.0,14926.98,14926.98,0,South,Online
106908,CUST00526,2025-11-11,Apparel,1,230.86,0.0,0.0,230.86,230.86,0,North,Online
106909,CUST00043,2025-02-04,Electronics,5,1469.47,0.15,1102.1,7347.35,6245.25,0,East,Retail Store
106910,CUST01068,2024-06-17,Apparel,2,841.25,0.0,0.0,1682.5,1682.5,0,West,Marketplace
106911,CUST01010,2024-12-12,Home & Kitchen,5,1522.38,0.0,0.0,7611.9,7611.9,0,Central,Online
106912,CUST00594,2024-12-02,Sports,5,2896.35,0.25,3620.44,14481.75,10861.31,0,West,Online
106913,CUST00514,2024-06-30,Sports,4,2064.56,0.1,825.82,8258.24,7432.42,0,South,Online
106914,CUST00889,2024-08-30,Electronics,5,2259.75,0.0,0.0,11298.75,11298.75,0,South,Mobile App
106915,CUST00779,2025-03-03,Home & Kitchen,1,2542.39,0.0,0.0,2542.39,2542.39,0,Central,Online
106916,CUST00589,2025-01-02,Beauty,4,2082.73,0.0,0.0,8330.92,8330.92,0,East,Retail Store
106917,CUST00640,2025-06-08,Sports,3,592.88,0.0,0.0,1778.64,1778.64,0,West,Marketplace
106918,CUST01188,2024-06-07,Apparel,2,3374.1,0.0,0.0,6748.2,6748.2,0,East,Online
106919,CUST00783,2024-08-20,Grocery,3,3995.93,0.0,0.0,11987.79,11987.79,0,Central,Online
106920,CUST00111,2024-07-10,Electronics,2,2004.62,0.0,0.0,4009.24,4009.24,0,Central,Online
106921,CUST00129,2025-02-12,Beauty,1,2213.49,0.0,0.0,2213.49,2213.49,0,West,Online
106922,CUST01027,2024-07-24,Home & Kitchen,1,4630.97,0.0,0.0,4630.97,4630.97,0,North,Online
106923,CUST01000,2024-05-22,Grocery,1,4861.91,0.0,0.0,4861.91,4861.91,0,West,Retail Store
106924,CUST00197,2024-09-19,Beauty,4,983.57,0.25,983.57,3934.28,2950.71,0,South,Online
106925,CUST00782,2025-01-21,Home & Kitchen,1,2516.05,0.05,125.8,2516.05,2390.25,0,South,Marketplace
106926,CUST00712,2025-08-12,Beauty,2,1753.89,0.05,175.39,3507.78,-3332.39,1,West,Mobile App
106927,CUST00231,2025-02-12,Grocery,4,4338.25,0.0,0.0,17353.0,17353.0,0,East,Marketplace
106928,CUST01125,2025-11-27,Grocery,3,2394.75,0.0,0.0,7184.25,7184.25,0,North,Online
106929,CUST00330,2025-06-02,Sports,3,3045.06,0.0,0.0,9135.18,9135.18,0,West,Online
106930,CUST00096,2024-02-28,Sports,5,2367.62,0.0,0.0,11838.1,11838.1,0,North,Marketplace
106931,CUST00740,2024-05-18,Apparel,2,4213.23,0.15,1263.97,8426.46,7162.49,0,East,Retail Store
106932,CUST01004,2024-02-06,Grocery,1,622.03,0.0,0.0,622.03,622.03,0,East,Online
106933,CUST00009,2024-11-27,Grocery,3,2187.71,0.0,0.0,6563.13,-6563.13,1,North,Online
106934,CUST00387,2025-05-24,Apparel,1,3919.47,0.0,0.0,3919.47,3919.47,0,Central,Marketplace
106935,CUST00191,2024-07-30,Sports,2,1996.25,0.0,0.0,3992.5,3992.5,0,South,Online
106936,CUST01189,2024-06-03,Sports,3,1201.85,0.0,0.0,3605.55,3605.55,0,West,Marketplace
106937,CUST00315,2024-08-03,Sports,5,4684.22,0.1,2342.11,23421.1,21078.99,0,East,Retail Store
106938,CUST01014,2024-05-02,Home & Kitchen,2,3241.3,0.0,0.0,6482.6,-6482.6,1,West,Online
106939,CUST00727,2025-05-30,Home & Kitchen,1,0.0,0.15,0.0,0.0,0.0,0,East,Online
106940,CUST00555,2025-07-19,Sports,4,1693.82,0.05,338.76,6775.28,6436.52,0,South,Online
106941,CUST00215,2025-08-22,Electronics,1,3364.49,0.0,0.0,3364.49,3364.49,0,West,Online
106942,CUST00122,2024-04-12,Electronics,1,2001.79,0.1,200.18,2001.79,1801.61,0,South,Online
106944,CUST01084,2025-11-10,Sports,4,3774.69,0.0,0.0,15098.76,15098.76,0,Central,Online
106945,CUST00231,2025-11-05,Home & Kitchen,5,1338.99,0.1,669.5,6694.95,6025.45,0,East,Marketplace
106946,CUST00173,2024-10-09,Beauty,1,822.77,0.25,205.69,822.77,617.08,0,North,Online
106947,CUST00927,2024-03-28,Grocery,4,950.27,0.05,190.05,3801.08,3611.03,0,East,Online
106948,CUST00330,2024-07-14,Sports,5,2498.09,0.1,1249.04,12490.45,11241.41,0,West,Online
106949,CUST00406,2024-08-16,Sports,4,2144.66,0.0,0.0,8578.64,8578.64,0,Central,Retail Store
106950,CUST00043,2024-09-14,Grocery,2,1117.42,0.0,0.0,2234.84,2234.84,0,East,Retail Store
106951,CUST00616,2025-05-27,Sports,2,2751.5,0.0,0.0,5503.0,5503.0,0,West,Online
106952,CUST00354,2024-09-02,Home & Kitchen,5,971.21,0.05,242.8,4856.05,4613.25,0,East,Online
106953,CUST00460,2024-06-09,Electronics,4,0.0,0.0,0.0,0.0,0.0,0,West,Online
106954,CUST01025,2025-05-11,Home & Kitchen,1,3373.38,0.0,0.0,3373.38,3373.38,0,East,Marketplace
106955,CUST00494,2024-10-17,Grocery,3,3633.57,0.05,545.04,10900.71,10355.67,0,East,Retail Store
106956,CUST00910,2024-06-09,Electronics,1,843.52,0.4,337.41,843.52,506.11,0,Central,Marketplace
106957,CUST00449,2025-12-26,Grocery,2,914.58,0.0,0.0,1829.16,1829.16,0,West,Marketplace
106958,CUST00271,2024-06-19,Apparel,3,1976.21,0.1,592.86,5928.63,5335.77,0,South,Online
106959,CUST00251,2025-03-14,Beauty,3,3324.91,0.0,0.0,9974.73,-9974.73,1,North,Online
106960,CUST00813,2025-05-11,Sports,2,717.51,0.0,0.0,1435.02,1435.02,0,North,Online
106961,CUST00377,2025-09-16,Grocery,4,4969.92,0.0,0.0,19879.68,19879.68,0,West,Online
106963,CUST00479,2025-02-03,Beauty,2,2261.24,0.0,0.0,4522.48,4522.48,0,Central,Mobile App
106964,CUST00974,2024-08-28,Beauty,2,4624.23,0.05,462.42,9248.46,8786.04,0,East,Retail Store
106965,CUST01131,2024-10-14,Apparel,1,4326.23,0.0,0.0,4326.23,4326.23,0,North,Online
106966,CUST00088,2025-02-17,Beauty,4,1232.23,0.0,0.0,4928.92,4928.92,0,South,Marketplace
106967,CUST01000,2024-10-23,Apparel,1,3187.48,0.05,159.37,3187.48,3028.11,0,West,Retail Store
106968,CUST00898,2024-06-29,Apparel,2,0.0,0.0,0.0,0.0,0.0,0,West,Marketplace
106970,CUST00250,2024-10-16,Apparel,3,3048.57,0.4,3658.28,9145.71,5487.43,0,Central,Marketplace
106971,CUST00055,2024-02-27,Home & Kitchen,2,4022.0,0.0,0.0,8044.0,8044.0,0,West,Marketplace
106972,CUST00739,2025-04-02,Electronics,1,4575.18,0.0,0.0,4575.18,4575.18,0,North,Online
106973,CUST01180,2024-07-31,Beauty,3,2928.25,0.0,0.0,8784.75,8784.75,0,Central,Online
106974,CUST00546,2024-05-05,Beauty,2,3595.06,0.0,0.0,7190.12,7190.12,0,East,Mobile App
106975,CUST00946,2025-03-07,Home & Kitchen,4,542.95,0.0,0.0,2171.8,2171.8,0,North,Online
106976,CUST00517,2024-04-23,Home & Kitchen,4,1552.8,0.0,0.0,6211.2,6211.2,0,West,Online
106977,CUST00573,2025-01-04,Beauty,4,4765.89,0.0,0.0,19063.56,19063.56,0,East,Marketplace
106978,CUST00903,2024-11-13,Home & Kitchen,1,3816.68,0.0,0.0,3816.68,3816.68,0,Central,Online
106979,CUST00425,2024-07-28,Home & Kitchen,3,4800.71,0.0,0.0,14402.13,14402.13,0,West,Mobile App
106980,CUST01033,2025-11-18,Apparel,2,4694.36,0.1,938.87,9388.72,8449.85,0,West,Retail Store
106981,CUST00742,2025-11-15,Apparel,4,3483.12,0.0,0.0,13932.48,13932.48,0,North,Online
106982,CUST00165,2024-08-12,Sports,1,3698.34,0.0,0.0,3698.34,3698.34,0,Central,Retail Store
106983,CUST00373,2025-05-14,Apparel,3,2105.73,0.0,0.0,6317.19,6317.19,0,North,Retail Store
106984,CUST01075,2024-06-26,Sports,4,2719.2,0.1,1087.68,10876.8,-9789.12,1,West,Retail Store
106985,CUST00526,2025-11-07,Electronics,1,908.5,0.0,0.0,908.5,908.5,0,North,Online
106987,CUST00029,2024-06-01,Beauty,2,4721.7,0.0,0.0,9443.4,9443.4,0,North,Marketplace
106988,CUST00056,2025-06-02,Beauty,2,2944.3,0.0,0.0,5888.6,5888.6,0,West,Retail Store
106989,CUST00438,2025-07-18,Grocery,3,3828.73,0.05,574.31,11486.19,10911.88,0,West,Online
106990,CUST00778,2025-06-28,Beauty,4,342.06,0.0,0.0,1368.24,1368.24,0,South,Online
106991,CUST00056,2025-08-01,Electronics,2,4779.83,0.15,1433.95,9559.66,8125.71,0,West,Retail Store
106992,CUST00949,2025-06-10,Grocery,5,3813.77,0.0,0.0,19068.85,19068.85,0,South,Retail Store
106993,CUST00444,2025-02-01,Home & Kitchen,5,4114.4,0.05,1028.6,20572.0,19543.4,0,North,Marketplace
106994,CUST00961,2025-06-15,Sports,5,1454.13,0.05,363.53,7270.65,6907.12,0,West,Retail Store
106995,CUST00910,2024-07-20,Beauty,5,3793.93,0.15,2845.45,18969.65,16124.2,0,Central,Marketplace
106996,CUST00094,2024-08-09,Beauty,4,3260.9,0.1,1304.36,13043.6,11739.24,0,East,Marketplace
106997,CUST00537,2024-05-30,Apparel,2,521.0,0.0,0.0,1042.0,1042.0,0,Central,Marketplace
106998,CUST01053,2025-06-13,Beauty,2,1522.31,0.0,0.0,3044.62,-3044.62,1,East,Retail Store
106999,CUST01074,2025-09-15,Sports,5,1295.53,0.0,0.0,6477.65,6477.65,0,North,Online
107000,CUST00223,2025-06-17,Home & Kitchen,4,899.9,0.0,0.0,3599.6,3599.6,0,South,Marketplace
107002,CUST00406,2025-05-05,Grocery,1,4653.0,0.0,0.0,4653.0,4653.0,0,Central,Retail Store
107003,CUST00231,2025-01-23,Sports,5,4713.4,0.1,2356.7,23567.0,21210.3,0,East,Marketplace
107005,CUST00436,2024-03-23,Home & Kitchen,2,4277.78,0.0,0.0,8555.56,8555.56,0,Central,Online
107006,CUST00375,2025-03-23,Grocery,3,2941.81,0.1,882.54,8825.43,7942.89,0,South,Online
107007,CUST00267,2024-11-18,Electronics,5,2019.13,0.1,1009.56,10095.65,9086.09,0,North,Online
107008,CUST00831,2024-07-21,Beauty,4,3423.78,0.05,684.76,13695.12,-13010.36,1,Central,Marketplace
107009,CUST00789,2025-01-08,Home & Kitchen,5,4196.11,0.05,1049.03,20980.55,19931.52,0,West,Online
107010,CUST01004,2024-06-04,Apparel,1,3870.02,0.1,387.0,3870.02,3483.02,0,East,Online
107011,CUST01177,2025-09-27,Home & Kitchen,3,4603.83,0.15,2071.72,13811.49,11739.77,0,West,Retail Store
107012,CUST00115,2024-08-23,Home & Kitchen,2,461.83,0.0,0.0,923.66,923.66,0,North,Mobile App
107013,CUST01001,2025-12-01,Sports,5,254.78,0.15,191.08,1273.9,1082.82,0,West,Mobile App
107014,CUST00539,2024-12-20,Electronics,4,4511.11,0.0,0.0,18044.44,18044.44,0,South,Online
107015,CUST00550,2025-03-07,Apparel,1,4181.11,0.0,0.0,4181.11,4181.11,0,South,Online
107016,CUST01011,2024-10-01,Beauty,3,1258.78,0.1,377.63,3776.34,3398.71,0,West,Marketplace
107017,CUST00837,2024-05-22,Home & Kitchen,4,4602.93,0.0,0.0,18411.72,18411.72,0,Central,Mobile App
107018,CUST00624,2024-02-27,Beauty,1,4810.47,0.0,0.0,4810.47,4810.47,0,South,Online
107019,CUST00082,2024-03-17,Apparel,2,376.97,0.0,0.0,753.94,753.94,0,Central,Online
107020,CUST00137,2025-09-24,Sports,5,2793.86,0.05,698.46,13969.3,13270.84,0,South,Retail Store
107021,CUST00280,2024-10-05,Grocery,4,4048.19,0.0,0.0,16192.76,16192.76,0,Central,Marketplace
107022,CUST00144,2024-10-29,Grocery,1,1615.77,0.0,0.0,1615.77,1615.77,0,South,Marketplace
107023,CUST00148,2025-06-14,Sports,2,2188.38,0.0,0.0,4376.76,4376.76,0,North,Online
107024,CUST00992,2025-10-07,Apparel,1,1604.74,0.0,0.0,1604.74,1604.74,0,Central,Online
107025,CUST01107,2025-08-11,Home & Kitchen,2,766.21,0.0,0.0,1532.42,1532.42,0,North,Marketplace
107026,CUST00953,2024-05-17,Beauty,2,1472.35,0.0,0.0,2944.7,2944.7,0,South,Online
107027,CUST01067,2025-07-31,Home & Kitchen,1,1914.89,0.0,0.0,1914.89,1914.89,0,Central,Online
107028,CUST00020,2025-02-05,Apparel,3,248.26,0.0,0.0,744.78,744.78,0,Central,Online
107029,CUST00213,2024-05-26,Home & Kitchen,2,2165.79,0.0,0.0,4331.58,4331.58,0,East,Online
107030,CUST00141,2025-04-07,Grocery,2,2526.83,0.0,0.0,5053.66,5053.66,0,West,Online
107031,CUST00960,2025-12-06,Electronics,1,1470.72,0.0,0.0,1470.72,1470.72,0,North,Online
107032,CUST00309,2024-04-21,Grocery,4,592.14,0.05,118.43,2368.56,2250.13,0,Central,Retail Store
107033,CUST00868,2024-06-28,Electronics,3,3324.65,0.0,0.0,9973.95,-9973.95,1,North,Online
107034,CUST01066,2024-04-19,Apparel,5,3606.34,0.0,0.0,18031.7,18031.7,0,South,Mobile App
107035,CUST00136,2025-04-25,Grocery,2,4883.34,0.05,488.33,9766.68,9278.35,0,East,Online
107036,CUST00780,2024-04-30,Beauty,1,2689.44,0.15,403.42,2689.44,2286.02,0,Central,Marketplace
107037,CUST00986,2025-04-17,Beauty,1,1232.7,0.1,123.27,1232.7,1109.43,0,Central,Mobile App
107038,CUST00995,2024-11-27,Apparel,2,4551.68,0.0,0.0,9103.36,9103.36,0,West,Marketplace
107039,CUST00212,2024-09-27,Sports,2,2894.81,0.1,578.96,5789.62,5210.66,0,East,Retail Store
107040,CUST00700,2025-01-16,Electronics,3,1943.68,0.0,0.0,5831.04,5831.04,0,West,Marketplace
107041,CUST00827,2025-11-01,Apparel,1,1852.93,0.0,0.0,1852.93,1852.93,0,East,Marketplace
107042,CUST00743,2024-08-21,Beauty,3,3629.44,0.0,0.0,10888.32,10888.32,0,West,Online
107043,CUST00608,2024-03-21,Grocery,4,3866.11,0.0,0.0,15464.44,15464.44,0,South,Marketplace
107044,CUST00315,2025-03-15,Grocery,4,2359.52,0.0,0.0,9438.08,9438.08,0,East,Retail Store
107045,CUST00439,2025-03-21,Sports,3,4858.74,0.0,0.0,14576.22,14576.22,0,South,Mobile App
107046,CUST00851,2025-02-24,Electronics,3,4873.97,0.0,0.0,14621.91,14621.91,0,West,Retail Store
107047,CUST00807,2024-08-06,Sports,1,3649.1,0.0,0.0,3649.1,3649.1,0,South,Online
107048,CUST00008,2025-07-07,Grocery,2,3954.53,0.0,0.0,7909.06,7909.06,0,Central,Marketplace
107049,CUST00423,2024-09-26,Grocery,5,2695.11,0.0,0.0,13475.55,13475.55,0,South,Retail Store
107050,CUST00418,2024-07-06,Home & Kitchen,3,4736.29,0.0,0.0,14208.87,14208.87,0,Central,Marketplace
107051,CUST01160,2024-04-19,Apparel,5,2504.49,0.25,3130.61,12522.45,9391.84,0,South,Retail Store
107052,CUST00126,2025-01-25,Electronics,4,2973.52,0.0,0.0,11894.08,11894.08,0,North,Marketplace
107053,CUST00133,2025-07-15,Electronics,5,2858.04,0.0,0.0,14290.2,14290.2,0,North,Online
107054,CUST00689,2024-07-15,Electronics,1,3741.95,0.0,0.0,3741.95,3741.95,0,West,Online
107055,CUST00353,2024-10-05,Grocery,5,2327.48,0.25,2909.35,11637.4,-8728.05,1,North,Marketplace
107056,CUST00988,2024-04-09,Beauty,1,2690.89,0.1,269.09,2690.89,2421.8,0,South,Online
107057,CUST00329,2025-01-07,Home & Kitchen,1,4279.44,0.05,213.97,4279.44,4065.47,0,North,Online
107058,CUST00259,2025-01-09,Grocery,1,0.0,0.05,0.0,0.0,0.0,0,West,Online
107059,CUST00307,2024-08-29,Home & Kitchen,2,470.24,0.4,376.19,940.48,564.29,0,South,Online
107060,CUST00840,2025-03-27,Apparel,4,2226.25,0.15,1335.75,8905.0,7569.25,0,North,Retail Store
107061,CUST00188,2025-05-05,Apparel,1,3020.99,0.1,302.1,3020.99,2718.89,0,North,Retail Store
107062,CUST00840,2024-02-22,Grocery,3,1239.81,0.0,0.0,3719.43,3719.43,0,North,Retail Store
107063,CUST00707,2025-02-21,Apparel,1,4954.02,0.0,0.0,4954.02,4954.02,0,South,Retail Store
107064,CUST01037,2024-02-10,Electronics,2,1616.9,0.05,161.69,3233.8,3072.11,0,North,Online
107065,CUST01117,2024-11-25,Electronics,2,4298.82,0.0,0.0,8597.64,8597.64,0,Central,Marketplace
107066,CUST00465,2024-06-28,Electronics,3,1139.16,0.0,0.0,3417.48,3417.48,0,West,Mobile App
107067,CUST00309,2025-02-16,Home & Kitchen,2,2101.2,0.0,0.0,4202.4,-4202.4,1,Central,Retail Store
107068,CUST00029,2024-04-24,Apparel,5,469.03,0.15,351.77,2345.15,-1993.38,1,North,Marketplace
107069,CUST00206,2024-08-19,Apparel,3,3701.59,0.0,0.0,11104.77,11104.77,0,North,Online
107070,CUST01096,2025-07-28,Sports,2,3851.83,0.4,3081.46,7703.66,4622.2,0,Central,Online
107071,CUST01158,2025-09-22,Home & Kitchen,4,4047.86,0.1,1619.14,16191.44,14572.3,0,North,Marketplace
107072,CUST00083,2025-10-20,Electronics,2,4490.66,0.0,0.0,8981.32,8981.32,0,East,Marketplace
107073,CUST00611,2024-07-19,Beauty,3,2640.46,0.15,1188.21,7921.38,6733.17,0,West,Mobile App
107074,CUST00189,2024-12-24,Beauty,1,551.45,0.0,0.0,551.45,551.45,0,Central,Online
107075,CUST00627,2025-07-01,Apparel,3,863.71,0.0,0.0,2591.13,2591.13,0,North,Mobile App
107076,CUST01133,2025-05-13,Beauty,2,3798.88,0.0,0.0,7597.76,7597.76,0,North,Online
107077,CUST00139,2025-01-27,Grocery,3,2417.56,0.0,0.0,7252.68,7252.68,0,East,Online
107078,CUST00431,2024-05-15,Apparel,4,4598.17,0.05,919.63,18392.68,17473.05,0,East,Online
107079,CUST00438,2024-11-28,Grocery,1,3664.57,0.15,549.69,3664.57,3114.88,0,West,Online
107080,CUST00263,2025-04-14,Apparel,3,366.15,0.0,0.0,1098.45,1098.45,0,West,Marketplace
107081,CUST00950,2025-06-29,Sports,1,554.3,0.1,55.43,554.3,498.87,0,South,Online
107082,CUST01042,2024-10-16,Sports,4,3899.88,0.0,0.0,15599.52,15599.52,0,Central,Mobile App
107083,CUST00896,2025-07-06,Grocery,5,4979.12,0.05,1244.78,24895.6,23650.82,0,South,Online
107084,CUST01174,2025-06-18,Electronics,4,1006.78,0.25,1006.78,4027.12,3020.34,0,West,Marketplace
107085,CUST00418,2024-05-27,Sports,3,4657.66,0.1,1397.3,13972.98,12575.68,0,Central,Marketplace
107086,CUST00868,2025-10-11,Home & Kitchen,2,3020.64,0.0,0.0,6041.28,6041.28,0,North,Online
107087,CUST01094,2025-12-12,Home & Kitchen,2,3722.65,0.05,372.27,7445.3,7073.03,0,West,Retail Store
107088,CUST00372,2025-01-08,Electronics,5,3825.5,0.1,1912.75,19127.5,17214.75,0,Central,Retail Store
107089,CUST00494,2025-07-27,Beauty,2,4412.31,0.0,0.0,8824.62,8824.62,0,East,Retail Store
107090,CUST00424,2024-12-16,Sports,2,2742.7,0.0,0.0,5485.4,5485.4,0,Central,Retail Store
107091,CUST01156,2025-05-25,Apparel,1,3217.61,0.0,0.0,3217.61,3217.61,0,Central,Retail Store
107092,CUST00833,2025-07-20,Electronics,4,4862.52,0.0,0.0,19450.08,19450.08,0,Central,Online
107093,CUST00159,2024-07-12,Sports,3,3206.06,0.0,0.0,9618.18,-9618.18,1,Central,Online
107094,CUST00644,2025-03-20,Grocery,3,2731.16,0.0,0.0,8193.48,8193.48,0,West,Mobile App
107095,CUST00846,2025-04-08,Sports,5,1644.58,0.05,411.14,8222.9,-7811.76,1,West,Marketplace
107096,CUST00518,2025-05-10,Grocery,5,2342.56,0.1,1171.28,11712.8,10541.52,0,North,Marketplace
107097,CUST01132,2025-02-15,Electronics,3,998.47,0.0,0.0,2995.41,2995.41,0,Central,Online
107098,CUST00064,2025-04-09,Grocery,2,3152.21,0.0,0.0,6304.42,6304.42,0,East,Online
107099,CUST00309,2024-09-16,Grocery,2,4209.16,0.0,0.0,8418.32,8418.32,0,Central,Retail Store
107100,CUST00158,2025-03-21,Apparel,4,4977.38,0.0,0.0,19909.52,19909.52,0,East,Retail Store
107101,CUST00377,2025-07-24,Apparel,1,876.38,0.0,0.0,876.38,876.38,0,West,Online
107102,CUST01043,2025-05-01,Beauty,3,2981.83,0.0,0.0,8945.49,8945.49,0,South,Retail Store
107103,CUST00760,2025-07-23,Home & Kitchen,2,1747.97,0.1,349.59,3495.94,3146.35,0,Central,Marketplace
107104,CUST00926,2024-11-26,Electronics,4,646.68,0.0,0.0,2586.72,2586.72,0,South,Marketplace
107105,CUST00326,2024-11-10,Beauty,1,2454.41,0.05,122.72,2454.41,2331.69,0,East,Online
107106,CUST00263,2024-07-19,Apparel,1,1370.87,0.0,0.0,1370.87,1370.87,0,West,Marketplace
107107,CUST00613,2025-03-14,Grocery,1,3359.93,0.0,0.0,3359.93,3359.93,0,North,Online
107108,CUST01070,2024-09-23,Beauty,3,390.85,0.0,0.0,1172.55,1172.55,0,West,Online
107109,CUST00850,2024-04-11,Beauty,2,4638.48,0.0,0.0,9276.96,9276.96,0,East,Online
107110,CUST00569,2024-04-15,Sports,1,1784.48,0.0,0.0,1784.48,-1784.48,1,South,Marketplace
107112,CUST00065,2025-09-28,Grocery,1,964.88,0.0,0.0,964.88,964.88,0,North,Online
107113,CUST00736,2024-06-07,Home & Kitchen,5,577.71,0.0,0.0,2888.55,2888.55,0,Central,Marketplace
107114,CUST00348,2024-11-08,Sports,3,2763.47,0.1,829.04,8290.41,7461.37,0,North,Retail Store
107115,CUST01043,2025-11-04,Home & Kitchen,3,4398.09,0.0,0.0,13194.27,13194.27,0,South,Retail Store
107116,CUST00070,2024-08-13,Beauty,5,1856.23,0.05,464.06,9281.15,8817.09,0,South,Marketplace
107117,CUST00757,2025-12-18,Sports,1,1957.34,0.25,489.34,1957.34,1468.0,0,South,Online
107118,CUST00565,2025-10-04,Sports,3,3138.17,0.0,0.0,9414.51,9414.51,0,Central,Online
107119,CUST00860,2025-08-19,Sports,1,1763.25,0.1,176.32,1763.25,1586.93,0,South,Marketplace
107120,CUST00606,2024-04-26,Apparel,4,1572.49,0.0,0.0,6289.96,6289.96,0,West,Marketplace
107121,CUST00921,2025-05-03,Electronics,2,4207.6,0.05,420.76,8415.2,7994.44,0,South,Online
107122,CUST00992,2025-04-22,Grocery,3,3761.62,0.0,0.0,11284.86,-11284.86,1,Central,Online
107123,CUST00198,2024-06-12,Home & Kitchen,4,1697.56,0.0,0.0,6790.24,6790.24,0,West,Retail Store
107124,CUST00149,2025-03-31,Home & Kitchen,4,2879.25,0.0,0.0,11517.0,11517.0,0,West,Online
107125,CUST00146,2025-04-08,Beauty,4,3342.91,0.0,0.0,13371.64,13371.64,0,West,Marketplace
107126,CUST00142,2025-10-14,Home & Kitchen,3,936.6,0.1,280.98,2809.8,2528.82,0,Central,Mobile App
107127,CUST00548,2025-11-23,Apparel,1,1515.43,0.0,0.0,1515.43,1515.43,0,South,Mobile App
107128,CUST00273,2025-10-26,Sports,5,1391.66,0.0,0.0,6958.3,6958.3,0,South,Retail Store
107129,CUST00345,2025-04-27,Grocery,1,4658.35,0.25,1164.59,4658.35,3493.76,0,West,Online
107130,CUST00581,2024-09-03,Beauty,2,3965.17,0.0,0.0,7930.34,-7930.34,1,West,Online
107131,CUST00319,2025-08-28,Sports,3,4000.67,0.0,0.0,12002.01,12002.01,0,Central,Retail Store
107132,CUST00255,2025-08-09,Home & Kitchen,1,3556.59,0.25,889.15,3556.59,2667.44,0,South,Marketplace
107133,CUST00185,2025-02-20,Electronics,3,4319.78,0.0,0.0,12959.34,12959.34,0,North,Retail Store
107134,CUST01077,2025-05-22,Beauty,1,4445.55,0.0,0.0,4445.55,4445.55,0,West,Online
107136,CUST00336,2024-08-04,Beauty,2,3707.3,0.0,0.0,7414.6,-7414.6,1,West,Online
107137,CUST00669,2024-02-10,Home & Kitchen,2,498.83,0.0,0.0,997.66,997.66,0,Central,Online
107139,CUST00578,2025-09-06,Electronics,3,4332.25,0.15,1949.51,12996.75,11047.24,0,East,Marketplace
107140,CUST00158,2025-04-06,Beauty,4,1729.35,0.0,0.0,6917.4,-6917.4,1,East,Retail Store
107141,CUST00239,2025-02-26,Apparel,2,4589.5,0.0,0.0,9179.0,9179.0,0,South,Online
107142,CUST00553,2025-03-31,Home & Kitchen,1,4731.81,0.05,236.59,4731.81,4495.22,0,East,Retail Store
107144,CUST00531,2024-08-30,Apparel,2,2637.43,0.4,2109.94,5274.86,3164.92,0,North,Marketplace
107145,CUST00211,2025-10-30,Sports,3,3110.64,0.0,0.0,9331.92,9331.92,0,West,Retail Store
107146,CUST00402,2024-07-08,Apparel,1,1194.93,0.15,179.24,1194.93,1015.69,0,North,Marketplace
107147,CUST00073,2025-07-07,Beauty,5,4169.61,0.0,0.0,20848.05,20848.05,0,South,Marketplace
107148,CUST00761,2025-02-03,Home & Kitchen,5,4654.55,0.1,2327.28,23272.75,-20945.47,1,East,Online
107149,CUST00709,2024-12-29,Home & Kitchen,5,3649.65,0.15,2737.24,18248.25,15511.01,0,South,Online
107150,CUST00443,2024-06-19,Beauty,2,658.88,0.0,0.0,1317.76,1317.76,0,Central,Online
107151,CUST00109,2025-05-18,Electronics,4,4807.47,0.0,0.0,19229.88,19229.88,0,Central,Online
107152,CUST00325,2024-05-13,Beauty,2,3875.56,0.0,0.0,7751.12,7751.12,0,West,Mobile App
107153,CUST00142,2025-11-17,Grocery,1,3338.9,0.0,0.0,3338.9,3338.9,0,Central,Mobile App
107154,CUST00173,2024-09-12,Electronics,4,2781.45,0.15,1668.87,11125.8,9456.93,0,North,Online
107155,CUST00855,2024-09-09,Grocery,2,4574.95,0.0,0.0,9149.9,9149.9,0,East,Online
107156,CUST00919,2025-03-07,Apparel,5,4035.06,0.25,5043.82,20175.3,15131.48,0,Central,Online
107157,CUST00431,2024-06-20,Electronics,5,472.41,0.05,118.1,2362.05,2243.95,0,East,Online
107158,CUST00294,2024-10-02,Sports,2,1980.93,0.0,0.0,3961.86,3961.86,0,Central,Online
107159,CUST00575,2024-12-19,Sports,4,495.64,0.0,0.0,1982.56,1982.56,0,Central,Online
107160,CUST00011,2025-05-13,Sports,2,1176.96,0.25,588.48,2353.92,1765.44,0,West,Retail Store
107161,CUST00421,2025-08-30,Apparel,2,1280.83,0.0,0.0,2561.66,2561.66,0,East,Marketplace
107162,CUST00233,2024-04-09,Sports,2,4534.19,0.05,453.42,9068.38,8614.96,0,Central,Online
107163,CUST00835,2025-03-16,Home & Kitchen,1,1072.4,0.0,0.0,1072.4,1072.4,0,North,Mobile App
107164,CUST00293,2025-06-03,Beauty,3,1811.83,0.05,271.77,5435.49,5163.72,0,Central,Online
107165,CUST00076,2024-06-03,Electronics,3,1366.87,0.05,205.03,4100.61,3895.58,0,West,Retail Store
107167,CUST00108,2024-03-16,Beauty,1,891.97,0.05,44.6,891.97,847.37,0,West,Retail Store
107168,CUST00830,2024-09-17,Sports,2,2238.03,0.0,0.0,4476.06,4476.06,0,West,Online
107169,CUST00160,2024-04-12,Sports,3,1983.05,0.0,0.0,5949.15,5949.15,0,North,Online
107170,CUST00314,2025-03-23,Apparel,1,943.62,0.1,94.36,943.62,849.26,0,Central,Marketplace
107171,CUST00935,2025-10-30,Home & Kitchen,3,4850.13,0.4,5820.16,14550.39,8730.23,0,East,Online
107172,CUST00630,2025-09-24,Electronics,1,4675.02,0.1,467.5,4675.02,4207.52,0,East,Marketplace
107173,CUST00980,2024-03-26,Apparel,3,2706.03,0.0,0.0,8118.09,8118.09,0,West,Marketplace
107174,CUST00995,2024-07-05,Sports,2,2295.92,0.25,1147.96,4591.84,-3443.88,1,West,Marketplace
107175,CUST00805,2025-09-13,Home & Kitchen,1,3661.29,0.0,0.0,3661.29,3661.29,0,South,Marketplace
107176,CUST01143,2025-04-14,Grocery,2,1790.33,0.15,537.1,3580.66,3043.56,0,Central,Online
107177,CUST01150,2025-05-31,Home & Kitchen,4,2069.04,0.0,0.0,8276.16,8276.16,0,North,Online
107178,CUST00778,2025-08-07,Home & Kitchen,1,3891.37,0.4,1556.55,3891.37,2334.82,0,South,Online
107179,CUST00022,2025-01-10,Home & Kitchen,3,4895.15,0.0,0.0,14685.45,14685.45,0,West,Online
107180,CUST00447,2024-03-04,Electronics,5,4860.05,0.0,0.0,24300.25,24300.25,0,North,Online
107181,CUST01064,2025-05-21,Grocery,2,2240.67,0.15,672.2,4481.34,3809.14,0,North,Online
107182,CUST00263,2024-07-22,Grocery,1,3151.69,0.0,0.0,3151.69,3151.69,0,West,Marketplace
107183,CUST00103,2024-11-03,Home & Kitchen,4,3118.09,0.1,1247.24,12472.36,11225.12,0,East,Retail Store
107185,CUST00974,2024-12-14,Electronics,1,4928.28,0.15,739.24,4928.28,-4189.04,1,East,Retail Store
107186,CUST01036,2024-07-11,Sports,5,1259.09,0.0,0.0,6295.45,6295.45,0,East,Marketplace
107187,CUST00713,2024-11-17,Sports,5,4998.43,0.1,2499.22,24992.15,22492.93,0,Central,Mobile App
107188,CUST00977,2025-06-28,Beauty,2,211.51,0.1,42.3,423.02,380.72,0,South,Mobile App
107189,CUST01020,2025-10-05,Sports,4,2728.4,0.0,0.0,10913.6,10913.6,0,South,Retail Store
107190,CUST00016,2024-11-11,Sports,4,2412.36,0.0,0.0,9649.44,9649.44,0,Central,Marketplace
107191,CUST00164,2024-09-03,Electronics,3,236.1,0.05,35.42,708.3,672.88,0,East,Marketplace
107192,CUST00534,2024-03-20,Beauty,5,3653.79,0.0,0.0,18268.95,18268.95,0,North,Online
107193,CUST00680,2024-06-14,Electronics,1,2234.04,0.0,0.0,2234.04,2234.04,0,West,Online
107194,CUST00338,2024-08-27,Sports,5,0.0,0.0,0.0,0.0,0.0,0,North,Online
107195,CUST00756,2025-02-16,Home & Kitchen,1,2741.78,0.0,0.0,2741.78,2741.78,0,West,Marketplace
107196,CUST00180,2025-04-24,Grocery,4,756.9,0.1,302.76,3027.6,2724.84,0,South,Online
107197,CUST00637,2024-08-19,Apparel,3,2308.61,0.0,0.0,6925.83,6925.83,0,North,Online
107198,CUST00013,2025-12-09,Beauty,3,1728.82,0.4,2074.58,5186.46,3111.88,0,East,Marketplace
107200,CUST01009,2024-06-25,Beauty,3,3799.2,0.0,0.0,11397.6,11397.6,0,East,Online
107201,CUST00243,2025-10-31,Beauty,4,4364.01,0.1,1745.6,17456.04,15710.44,0,East,Marketplace
107202,CUST01040,2025-01-18,Beauty,3,1566.13,0.0,0.0,4698.39,4698.39,0,North,Marketplace
107203,CUST00831,2025-02-21,Electronics,5,1470.72,0.15,1103.04,7353.6,6250.56,0,Central,Marketplace
107204,CUST00228,2024-03-26,Sports,1,3567.77,0.05,178.39,3567.77,3389.38,0,Central,Online
107205,CUST01016,2024-08-20,Grocery,5,2168.21,0.0,0.0,10841.05,10841.05,0,Central,Marketplace
107206,CUST00094,2025-01-17,Home & Kitchen,3,3141.14,0.0,0.0,9423.42,9423.42,0,East,Marketplace
107207,CUST01138,2024-06-21,Electronics,1,1123.9,0.1,112.39,1123.9,1011.51,0,South,Online
107208,CUST00473,2024-11-27,Sports,1,563.92,0.0,0.0,563.92,563.92,0,West,Online
107209,CUST00607,2025-07-03,Home & Kitchen,3,619.68,0.0,0.0,1859.04,1859.04,0,Central,Online
107210,CUST00183,2024-11-02,Grocery,1,1801.17,0.25,450.29,1801.17,1350.88,0,South,Marketplace
107211,CUST00565,2025-08-20,Sports,2,1239.98,0.1,248.0,2479.96,2231.96,0,Central,Online
107212,CUST00549,2025-03-01,Electronics,3,4978.69,0.0,0.0,14936.07,14936.07,0,North,Marketplace
107213,CUST00404,2025-03-19,Beauty,2,2810.41,0.0,0.0,5620.82,5620.82,0,East,Retail Store
107214,CUST01046,2025-12-22,Grocery,3,4341.36,0.0,0.0,13024.08,13024.08,0,Central,Marketplace
107215,CUST00920,2025-02-18,Home & Kitchen,2,668.76,0.0,0.0,1337.52,1337.52,0,South,Retail Store
107216,CUST01016,2024-05-30,Grocery,2,3294.24,0.0,0.0,6588.48,-6588.48,1,Central,Marketplace
107217,CUST01004,2024-05-31,Electronics,1,3644.91,0.0,0.0,3644.91,3644.91,0,East,Online
107219,CUST00900,2024-03-25,Sports,4,3236.7,0.0,0.0,12946.8,12946.8,0,West,Online
107220,CUST00375,2024-12-18,Beauty,3,3354.08,0.0,0.0,10062.24,10062.24,0,South,Online
107221,CUST00699,2025-06-03,Grocery,5,4446.89,0.0,0.0,22234.45,22234.45,0,Central,Mobile App
107222,CUST00765,2025-04-15,Apparel,3,4494.23,0.0,0.0,13482.69,13482.69,0,Central,Retail Store
107224,CUST00818,2024-04-21,Beauty,1,4220.78,0.0,0.0,4220.78,4220.78,0,North,Online
107225,CUST00348,2024-11-24,Electronics,2,4943.03,0.1,988.61,9886.06,8897.45,0,North,Retail Store
107226,CUST01044,2025-09-04,Grocery,2,364.62,0.0,0.0,729.24,729.24,0,South,Online
107227,CUST00770,2024-05-03,Grocery,4,2633.35,0.25,2633.35,10533.4,7900.05,0,Central,Marketplace
107228,CUST01105,2024-11-29,Home & Kitchen,1,1910.12,0.0,0.0,1910.12,1910.12,0,West,Retail Store
107229,CUST00062,2025-03-22,Beauty,5,2980.86,0.0,0.0,14904.3,14904.3,0,South,Marketplace
107230,CUST00336,2024-07-17,Sports,1,2794.04,0.15,419.11,2794.04,2374.93,0,West,Online
107231,CUST01151,2025-04-02,Electronics,2,3065.85,0.0,0.0,6131.7,6131.7,0,South,Online
107232,CUST00383,2025-08-06,Home & Kitchen,1,2682.32,0.15,402.35,2682.32,2279.97,0,South,Marketplace
107233,CUST00346,2025-03-27,Grocery,3,3207.0,0.0,0.0,9621.0,9621.0,0,South,Online
107234,CUST00917,2024-07-06,Sports,2,4401.23,0.1,880.25,8802.46,-7922.21,1,West,Online
107235,CUST00352,2025-07-07,Beauty,4,2340.49,0.0,0.0,9361.96,9361.96,0,Central,Marketplace
107236,CUST00259,2024-12-21,Sports,3,382.4,0.1,114.72,1147.2,1032.48,0,West,Online
107237,CUST00450,2024-12-25,Electronics,5,2408.96,0.0,0.0,12044.8,12044.8,0,South,Marketplace
107238,CUST00170,2024-08-20,Grocery,1,723.24,0.0,0.0,723.24,-723.24,1,East,Marketplace
107240,CUST00179,2025-08-26,Sports,4,1923.44,0.0,0.0,7693.76,-7693.76,1,South,Retail Store
107241,CUST00728,2024-06-29,Sports,2,224.82,0.05,22.48,449.64,427.16,0,Central,Online
107242,CUST00731,2025-07-06,Grocery,3,3587.56,0.0,0.0,10762.68,10762.68,0,South,Online
107243,CUST00812,2025-01-25,Beauty,3,2159.42,0.0,0.0,6478.26,6478.26,0,North,Online
107244,CUST00689,2024-05-20,Home & Kitchen,4,2537.03,0.0,0.0,10148.12,10148.12,0,West,Online
107245,CUST00650,2024-04-13,Beauty,5,2183.24,0.0,0.0,10916.2,10916.2,0,South,Online
107247,CUST00285,2025-03-02,Sports,5,4998.91,0.1,2499.46,24994.55,22495.09,0,Central,Online
107248,CUST00711,2024-10-14,Grocery,3,4992.91,0.0,0.0,14978.73,14978.73,0,North,Mobile App
107250,CUST00604,2024-12-09,Home & Kitchen,4,1821.53,0.05,364.31,7286.12,6921.81,0,South,Mobile App
107251,CUST00053,2024-04-02,Apparel,5,1578.11,0.0,0.0,7890.55,7890.55,0,North,Online
107252,CUST00902,2025-09-05,Sports,2,1508.34,0.0,0.0,3016.68,3016.68,0,North,Retail Store
107253,CUST00816,2024-10-05,Beauty,4,1144.96,0.0,0.0,4579.84,4579.84,0,West,Mobile App
107254,CUST00853,2025-07-15,Sports,2,3620.47,0.0,0.0,7240.94,7240.94,0,East,Marketplace
107255,CUST00078,2025-07-02,Electronics,4,1901.46,0.05,380.29,7605.84,7225.55,0,East,Marketplace
107256,CUST00574,2025-03-11,Electronics,5,2410.45,0.05,602.61,12052.25,11449.64,0,South,Retail Store
107257,CUST00809,2024-09-10,Home & Kitchen,1,239.72,0.05,11.99,239.72,227.73,0,North,Online
107258,CUST00379,2024-04-24,Sports,5,1914.58,0.1,957.29,9572.9,8615.61,0,West,Retail Store
107259,CUST00032,2024-07-23,Grocery,4,4667.42,0.25,4667.42,18669.68,14002.26,0,South,Mobile App
107260,CUST00250,2024-07-18,Beauty,1,1173.57,0.1,117.36,1173.57,1056.21,0,Central,Marketplace
107261,CUST00151,2024-09-13,Sports,3,2400.79,0.0,0.0,7202.37,7202.37,0,West,Online
107262,CUST01196,2024-06-07,Grocery,3,1082.7,0.0,0.0,3248.1,3248.1,0,East,Online
107263,CUST00338,2025-01-03,Home & Kitchen,4,565.34,0.0,0.0,2261.36,2261.36,0,North,Online
107264,CUST00961,2025-06-18,Home & Kitchen,5,3153.18,0.25,3941.48,15765.9,11824.42,0,West,Retail Store
107265,CUST00769,2025-12-27,Grocery,1,4567.82,0.0,0.0,4567.82,-4567.82,1,Central,Online
107266,CUST00813,2024-08-14,Sports,4,2026.43,0.0,0.0,8105.72,8105.72,0,North,Online
107267,CUST00695,2025-09-19,Home & Kitchen,3,1489.55,0.25,1117.16,4468.65,3351.49,0,Central,Online
107268,CUST00725,2025-04-12,Sports,4,842.78,0.0,0.0,3371.12,3371.12,0,West,Marketplace
107269,CUST01186,2025-05-29,Sports,5,3011.9,0.0,0.0,15059.5,15059.5,0,South,Marketplace
107270,CUST00004,2024-08-13,Electronics,5,1796.99,0.25,2246.24,8984.95,6738.71,0,East,Online
107271,CUST00342,2025-06-24,Grocery,5,1398.42,0.1,699.21,6992.1,6292.89,0,West,Mobile App
107272,CUST00759,2025-08-20,Home & Kitchen,4,2980.14,0.0,0.0,11920.56,11920.56,0,West,Online
107273,CUST00441,2024-10-05,Apparel,5,3743.56,0.0,0.0,18717.8,18717.8,0,East,Marketplace
107274,CUST00151,2024-09-27,Beauty,1,4192.4,0.25,1048.1,4192.4,3144.3,0,West,Online
107275,CUST00743,2024-04-05,Beauty,1,2205.39,0.0,0.0,2205.39,2205.39,0,West,Online
107276,CUST00837,2024-07-06,Electronics,5,497.64,0.0,0.0,2488.2,2488.2,0,Central,Mobile App
107277,CUST00654,2025-06-14,Home & Kitchen,1,541.28,0.0,0.0,541.28,541.28,0,Central,Retail Store
107278,CUST00938,2024-06-21,Beauty,2,4843.73,0.4,3874.98,9687.46,5812.48,0,North,Marketplace
107279,CUST00254,2024-04-01,Sports,5,1388.8,0.0,0.0,6944.0,6944.0,0,Central,Mobile App
107280,CUST00573,2024-05-22,Grocery,3,4178.26,0.0,0.0,12534.78,12534.78,0,East,Marketplace
107281,CUST00389,2024-12-14,Beauty,4,848.91,0.0,0.0,3395.64,3395.64,0,North,Marketplace
107282,CUST00221,2025-12-02,Apparel,2,561.85,0.0,0.0,1123.7,1123.7,0,South,Marketplace
107283,CUST01001,2025-01-21,Grocery,2,256.63,0.25,128.32,513.26,384.94,0,West,Mobile App
107284,CUST00038,2025-03-13,Grocery,2,2923.71,0.0,0.0,5847.42,5847.42,0,Central,Marketplace
107285,CUST00987,2024-07-28,Sports,3,684.92,0.0,0.0,2054.76,2054.76,0,Central,Online
107286,CUST00299,2024-10-09,Electronics,5,4788.24,0.05,1197.06,23941.2,22744.14,0,North,Marketplace
107287,CUST00071,2025-03-31,Sports,2,2064.52,0.0,0.0,4129.04,4129.04,0,East,Retail Store
107288,CUST00137,2025-03-28,Home & Kitchen,5,3287.09,0.0,0.0,16435.45,16435.45,0,South,Retail Store
107289,CUST00816,2024-07-19,Apparel,4,2752.13,0.0,0.0,11008.52,11008.52,0,West,Mobile App
107290,CUST00748,2024-11-28,Beauty,1,3571.03,0.0,0.0,3571.03,3571.03,0,West,Marketplace
107291,CUST00111,2024-04-29,Apparel,1,3237.99,0.15,485.7,3237.99,2752.29,0,Central,Online
107292,CUST00887,2024-11-23,Grocery,4,3096.19,0.0,0.0,12384.76,12384.76,0,South,Online
107293,CUST01114,2024-02-25,Grocery,3,2500.26,0.0,0.0,7500.78,7500.78,0,South,Marketplace
107294,CUST00492,2025-02-19,Electronics,1,1695.55,0.0,0.0,1695.55,1695.55,0,Central,Retail Store
107295,CUST00625,2025-03-24,Apparel,4,2176.14,0.0,0.0,8704.56,8704.56,0,North,Online
107296,CUST00837,2024-10-03,Electronics,2,4860.02,0.0,0.0,9720.04,9720.04,0,Central,Mobile App
107297,CUST01036,2024-11-15,Grocery,2,235.49,0.25,117.74,470.98,353.24,0,East,Marketplace
107298,CUST00271,2024-05-28,Grocery,1,3868.71,0.05,193.44,3868.71,3675.27,0,South,Online
107299,CUST00952,2025-06-09,Sports,5,4554.83,0.15,3416.12,22774.15,19358.03,0,North,Online
107300,CUST00322,2025-08-01,Apparel,4,671.31,0.0,0.0,2685.24,2685.24,0,North,Retail Store
107301,CUST00711,2025-02-13,Home & Kitchen,4,4613.62,0.0,0.0,18454.48,18454.48,0,North,Mobile App
107302,CUST00370,2024-08-25,Grocery,3,0.0,0.0,0.0,0.0,0.0,0,North,Mobile App
107303,CUST01179,2025-01-20,Apparel,3,542.87,0.4,651.44,1628.61,977.17,0,East,Marketplace
107304,CUST01109,2024-12-03,Beauty,5,2145.45,0.4,4290.9,10727.25,-6436.35,1,South,Online
107305,CUST00008,2025-04-17,Electronics,2,910.31,0.1,182.06,1820.62,1638.56,0,Central,Marketplace
107306,CUST00387,2025-04-21,Home & Kitchen,5,4363.18,0.0,0.0,21815.9,21815.9,0,Central,Marketplace
107307,CUST00958,2024-10-02,Beauty,5,1835.32,0.0,0.0,9176.6,9176.6,0,North,Online
107308,CUST00029,2024-04-29,Grocery,1,2730.17,0.0,0.0,2730.17,2730.17,0,North,Marketplace
107309,CUST01051,2025-11-29,Beauty,3,4389.62,0.0,0.0,13168.86,13168.86,0,East,Mobile App
107310,CUST00403,2024-12-07,Apparel,2,4741.85,0.0,0.0,9483.7,9483.7,0,North,Online
107311,CUST00232,2024-04-20,Electronics,3,4853.61,0.0,0.0,14560.83,14560.83,0,West,Retail Store
107312,CUST00799,2024-05-12,Sports,2,1327.09,0.0,0.0,2654.18,2654.18,0,South,Marketplace
107313,CUST01167,2025-04-07,Apparel,4,2761.83,0.0,0.0,11047.32,11047.32,0,South,Online
107314,CUST00185,2025-03-03,Sports,5,1491.69,0.4,2983.38,7458.45,4475.07,0,North,Retail Store
107315,CUST00726,2024-05-18,Home & Kitchen,1,1035.97,0.0,0.0,1035.97,1035.97,0,East,Retail Store
107316,CUST00735,2024-08-17,Beauty,3,2299.22,0.0,0.0,6897.66,6897.66,0,South,Marketplace
107317,CUST00058,2025-12-06,Sports,5,3638.44,0.0,0.0,18192.2,18192.2,0,Central,Retail Store
107318,CUST00797,2024-06-10,Apparel,4,3954.94,0.0,0.0,15819.76,15819.76,0,West,Online
107319,CUST01199,2025-03-27,Beauty,5,3387.73,0.15,2540.8,16938.65,14397.85,0,East,Online
107320,CUST00713,2024-05-24,Apparel,4,1150.37,0.15,690.22,4601.48,3911.26,0,Central,Mobile App
107321,CUST00255,2025-03-04,Beauty,3,3722.53,0.0,0.0,11167.59,11167.59,0,South,Marketplace
107322,CUST00576,2024-07-02,Grocery,1,4779.89,0.0,0.0,4779.89,4779.89,0,North,Online
107323,CUST00759,2025-07-28,Home & Kitchen,1,1275.31,0.0,0.0,1275.31,1275.31,0,West,Online
107324,CUST00931,2024-04-04,Electronics,1,3634.96,0.0,0.0,3634.96,3634.96,0,Central,Online
107325,CUST00800,2025-03-23,Sports,5,4871.84,0.0,0.0,24359.2,24359.2,0,East,Online
107327,CUST00219,2024-08-16,Electronics,4,3206.64,0.05,641.33,12826.56,12185.23,0,North,Online
107328,CUST00872,2025-06-09,Home & Kitchen,3,2677.35,0.0,0.0,8032.05,8032.05,0,North,Online
107329,CUST00429,2025-05-22,Grocery,1,986.51,0.0,0.0,986.51,986.51,0,Central,Marketplace
107330,CUST00560,2025-10-09,Beauty,1,876.75,0.0,0.0,876.75,876.75,0,East,Online
107331,CUST00482,2024-12-12,Sports,3,3925.12,0.0,0.0,11775.36,11775.36,0,West,Online
107332,CUST01130,2025-04-02,Electronics,3,3316.1,0.0,0.0,9948.3,9948.3,0,West,Retail Store
107333,CUST01138,2024-09-02,Home & Kitchen,3,2361.0,0.0,0.0,7083.0,7083.0,0,South,Online
107334,CUST00511,2025-01-16,Grocery,1,1263.61,0.25,315.9,1263.61,947.71,0,North,Online
107335,CUST00411,2025-03-30,Sports,4,3199.22,0.0,0.0,12796.88,12796.88,0,South,Marketplace
107336,CUST00247,2024-05-10,Beauty,3,4226.98,0.0,0.0,12680.94,12680.94,0,East,Online
107337,CUST00318,2025-04-11,Apparel,2,1355.57,0.0,0.0,2711.14,2711.14,0,South,Mobile App
107338,CUST00891,2024-11-26,Sports,3,3290.04,0.0,0.0,9870.12,9870.12,0,North,Online
107339,CUST00465,2024-07-08,Grocery,5,885.14,0.0,0.0,4425.7,4425.7,0,West,Mobile App
107340,CUST00965,2024-07-08,Grocery,4,1300.89,0.1,520.36,5203.56,4683.2,0,South,Mobile App
107341,CUST00055,2024-01-23,Grocery,5,2623.62,0.0,0.0,13118.1,13118.1,0,West,Marketplace
107342,CUST01080,2025-04-21,Electronics,1,3636.44,0.0,0.0,3636.44,3636.44,0,North,Marketplace
107343,CUST00932,2024-04-24,Grocery,1,699.29,0.0,0.0,699.29,699.29,0,Central,Marketplace
107344,CUST00939,2024-09-11,Home & Kitchen,2,797.0,0.0,0.0,1594.0,1594.0,0,Central,Retail Store
107345,CUST00302,2025-04-27,Home & Kitchen,2,4273.25,0.0,0.0,8546.5,8546.5,0,North,Online
107346,CUST00130,2024-09-23,Sports,3,3483.07,0.0,0.0,10449.21,10449.21,0,East,Marketplace
107347,CUST00010,2024-11-27,Beauty,3,616.55,0.0,0.0,1849.65,1849.65,0,East,Mobile App
107348,CUST01072,2025-03-14,Beauty,4,1072.15,0.15,643.29,4288.6,3645.31,0,East,Online
107349,CUST00856,2025-06-04,Electronics,3,3065.44,0.0,0.0,9196.32,9196.32,0,East,Retail Store
107350,CUST01023,2025-10-13,Grocery,2,3008.21,0.1,601.64,6016.42,5414.78,0,East,Online
107351,CUST00498,2025-05-24,Electronics,5,499.91,0.05,124.98,2499.55,2374.57,0,South,Online
107352,CUST00676,2024-05-28,Electronics,1,449.41,0.05,22.47,449.41,426.94,0,Central,Retail Store
107353,CUST00202,2024-08-04,Apparel,1,3257.95,0.0,0.0,3257.95,3257.95,0,East,Online
107354,CUST00754,2024-09-03,Home & Kitchen,4,4754.89,0.0,0.0,19019.56,19019.56,0,West,Retail Store
107356,CUST00001,2024-06-04,Apparel,3,3116.18,0.0,0.0,9348.54,9348.54,0,Central,Mobile App
107357,CUST01067,2025-01-29,Beauty,1,4411.08,0.0,0.0,4411.08,4411.08,0,Central,Online
107358,CUST00177,2025-05-01,Home & Kitchen,5,1797.96,0.15,1348.47,8989.8,-7641.33,1,West,Marketplace
107359,CUST00990,2024-07-15,Beauty,3,4995.54,0.15,2247.99,14986.62,12738.63,0,West,Marketplace
107360,CUST00701,2025-02-10,Home & Kitchen,1,1240.09,0.0,0.0,1240.09,1240.09,0,East,Mobile App
107361,CUST00276,2025-05-12,Beauty,4,1400.46,0.0,0.0,5601.84,5601.84,0,South,Online
107362,CUST00921,2025-01-26,Grocery,5,1823.3,0.0,0.0,9116.5,9116.5,0,South,Online
107363,CUST00597,2025-12-17,Apparel,5,1747.22,0.0,0.0,8736.1,8736.1,0,West,Online
107364,CUST00412,2025-07-17,Beauty,5,3200.21,0.0,0.0,16001.05,16001.05,0,North,Retail Store
107365,CUST00338,2024-12-16,Electronics,2,2945.98,0.0,0.0,5891.96,5891.96,0,North,Online
107366,CUST00238,2024-08-01,Beauty,5,769.98,0.0,0.0,3849.9,3849.9,0,South,Retail Store
107367,CUST00951,2025-02-19,Grocery,2,4833.57,0.0,0.0,9667.14,9667.14,0,East,Mobile App
107368,CUST00618,2025-01-04,Grocery,2,1945.77,0.25,972.88,3891.54,2918.66,0,South,Online
107369,CUST01123,2025-01-27,Home & Kitchen,4,4475.79,0.15,2685.47,17903.16,15217.69,0,South,Marketplace
107370,CUST00701,2025-05-09,Apparel,1,2241.39,0.05,112.07,2241.39,2129.32,0,East,Mobile App
107371,CUST01065,2025-07-31,Electronics,5,0.0,0.0,0.0,0.0,0.0,0,Central,Retail Store
107372,CUST00280,2024-09-10,Grocery,2,1337.7,0.0,0.0,2675.4,-2675.4,1,Central,Marketplace
107373,CUST00719,2024-11-12,Sports,1,4712.45,0.0,0.0,4712.45,4712.45,0,South,Marketplace
107374,CUST00800,2025-04-15,Home & Kitchen,3,2270.25,0.4,2724.3,6810.75,4086.45,0,East,Online
107375,CUST00957,2024-12-27,Apparel,1,4412.39,0.0,0.0,4412.39,4412.39,0,South,Online
107376,CUST00590,2025-10-18,Apparel,2,288.96,0.15,86.69,577.92,491.23,0,North,Online
107377,CUST00348,2024-12-29,Apparel,2,3897.78,0.0,0.0,7795.56,7795.56,0,North,Retail Store
107378,CUST01043,2025-08-03,Home & Kitchen,3,765.41,0.0,0.0,2296.23,2296.23,0,South,Retail Store
107379,CUST00297,2024-07-28,Sports,1,2050.19,0.05,102.51,2050.19,1947.68,0,West,Retail Store
107380,CUST00818,2024-12-01,Apparel,1,3162.68,0.05,158.13,3162.68,3004.55,0,North,Online
107381,CUST00108,2024-01-27,Sports,5,4558.12,0.0,0.0,22790.6,22790.6,0,West,Retail Store
107382,CUST00184,2025-06-03,Electronics,4,4717.86,0.05,943.57,18871.44,17927.87,0,North,Mobile App
107383,CUST00103,2024-12-14,Beauty,1,1921.6,0.0,0.0,1921.6,1921.6,0,East,Retail Store
107384,CUST00678,2024-11-05,Apparel,2,598.72,0.4,478.98,1197.44,718.46,0,South,Retail Store
107385,CUST00991,2025-02-28,Sports,3,3969.82,0.0,0.0,11909.46,11909.46,0,North,Marketplace
107387,CUST00133,2025-09-07,Electronics,3,403.03,0.0,0.0,1209.09,1209.09,0,North,Online
107388,CUST00140,2024-11-02,Apparel,1,2958.59,0.0,0.0,2958.59,2958.59,0,Central,Marketplace
107389,CUST00785,2024-09-29,Electronics,5,206.5,0.0,0.0,1032.5,-1032.5,1,West,Retail Store
107390,CUST00435,2024-08-19,Apparel,4,1256.0,0.0,0.0,5024.0,5024.0,0,North,Online
107391,CUST00019,2025-07-24,Home & Kitchen,2,4484.39,0.0,0.0,8968.78,8968.78,0,North,Mobile App
107392,CUST00293,2025-05-29,Electronics,2,4541.11,0.0,0.0,9082.22,9082.22,0,Central,Online
107393,CUST00220,2024-06-25,Electronics,3,4611.63,0.15,2075.23,13834.89,11759.66,0,West,Retail Store
107394,CUST00879,2024-04-07,Grocery,5,4403.36,0.25,5504.2,22016.8,16512.6,0,West,Retail Store
107395,CUST00206,2024-08-25,Apparel,1,1660.68,0.0,0.0,1660.68,1660.68,0,North,Online
107396,CUST00987,2025-06-05,Sports,3,821.02,0.0,0.0,2463.06,2463.06,0,Central,Online
107397,CUST00285,2025-02-14,Apparel,1,4986.18,0.0,0.0,4986.18,4986.18,0,Central,Online
107398,CUST00242,2025-05-27,Home & Kitchen,2,3992.88,0.0,0.0,7985.76,7985.76,0,North,Retail Store
107399,CUST00697,2024-11-26,Grocery,3,0.0,0.05,0.0,0.0,0.0,0,West,Online
107401,CUST00336,2024-05-04,Grocery,1,3063.28,0.15,459.49,3063.28,2603.79,0,West,Online
107402,CUST00968,2024-09-07,Sports,3,3466.19,0.1,1039.86,10398.57,9358.71,0,North,Online
107403,CUST00164,2024-09-11,Electronics,2,2606.57,0.0,0.0,5213.14,5213.14,0,East,Marketplace
107404,CUST01082,2025-08-25,Sports,4,1827.91,0.0,0.0,7311.64,7311.64,0,North,Online
107405,CUST00472,2024-08-29,Apparel,3,3631.39,0.0,0.0,10894.17,10894.17,0,South,Online
107406,CUST00340,2024-03-31,Sports,1,4516.44,0.0,0.0,4516.44,4516.44,0,West,Retail Store
107407,CUST00247,2025-01-29,Beauty,5,4033.53,0.0,0.0,20167.65,20167.65,0,East,Online
107408,CUST00183,2024-06-27,Beauty,2,4909.42,0.0,0.0,9818.84,9818.84,0,South,Marketplace
107409,CUST00181,2025-06-13,Beauty,5,1186.89,0.0,0.0,5934.45,5934.45,0,West,Online
107410,CUST00603,2025-03-03,Home & Kitchen,4,1558.54,0.0,0.0,6234.16,6234.16,0,Central,Retail Store
107411,CUST00162,2024-12-10,Electronics,2,1371.46,0.0,0.0,2742.92,2742.92,0,South,Marketplace
107412,CUST00898,2024-06-03,Sports,4,1453.58,0.0,0.0,5814.32,5814.32,0,West,Marketplace
107413,CUST01168,2024-10-05,Sports,4,364.11,0.0,0.0,1456.44,1456.44,0,East,Online
107414,CUST00476,2025-07-19,Apparel,3,2855.15,0.0,0.0,8565.45,8565.45,0,Central,Online
107415,CUST00775,2025-05-09,Beauty,1,3171.79,0.15,475.77,3171.79,-2696.02,1,Central,Retail Store
107416,CUST00527,2025-01-10,Home & Kitchen,1,2105.78,0.05,105.29,2105.78,2000.49,0,South,Online
107417,CUST00421,2025-09-18,Sports,4,913.14,0.0,0.0,3652.56,3652.56,0,East,Marketplace
107418,CUST00151,2024-06-07,Electronics,4,4560.53,0.0,0.0,18242.12,18242.12,0,West,Online
107419,CUST01100,2024-06-12,Electronics,1,2819.32,0.05,140.97,2819.32,2678.35,0,South,Online
107420,CUST01022,2025-10-20,Home & Kitchen,4,1179.0,0.0,0.0,4716.0,4716.0,0,North,Marketplace
107421,CUST00024,2025-09-16,Apparel,4,1757.95,0.0,0.0,7031.8,7031.8,0,West,Marketplace
107422,CUST00276,2025-05-09,Sports,2,4401.99,0.0,0.0,8803.98,8803.98,0,South,Online
107423,CUST00037,2024-03-14,Sports,3,248.57,0.05,37.29,745.71,-708.42,1,South,Online
107424,CUST00955,2025-06-30,Grocery,1,2672.44,0.1,267.24,2672.44,2405.2,0,East,Marketplace
107425,CUST00718,2025-05-03,Electronics,3,1779.17,0.1,533.75,5337.51,4803.76,0,West,Retail Store
107426,CUST00835,2024-12-18,Home & Kitchen,4,903.39,0.0,0.0,3613.56,-3613.56,1,North,Mobile App
107427,CUST00536,2025-01-15,Beauty,5,4438.64,0.0,0.0,22193.2,22193.2,0,East,Online
107428,CUST00680,2024-08-16,Electronics,3,4813.78,0.0,0.0,14441.34,14441.34,0,West,Online
107430,CUST00119,2024-07-07,Grocery,3,3045.31,0.0,0.0,9135.93,9135.93,0,North,Mobile App
107431,CUST00628,2025-10-16,Apparel,5,1982.34,0.0,0.0,9911.7,9911.7,0,West,Marketplace
107432,CUST00456,2025-03-29,Home & Kitchen,1,1747.77,0.15,262.17,1747.77,1485.6,0,East,Online
107433,CUST00760,2025-10-25,Grocery,3,2696.86,0.15,1213.59,8090.58,6876.99,0,Central,Marketplace
107434,CUST00042,2025-12-23,Sports,4,3682.45,0.0,0.0,14729.8,14729.8,0,Central,Retail Store
107435,CUST00364,2025-07-21,Apparel,3,2308.66,0.0,0.0,6925.98,6925.98,0,West,Retail Store
107436,CUST00953,2025-05-29,Apparel,5,1124.67,0.1,562.34,5623.35,5061.01,0,South,Online
107437,CUST00373,2025-02-26,Home & Kitchen,3,1633.69,0.0,0.0,4901.07,4901.07,0,North,Retail Store
107438,CUST00518,2025-06-21,Sports,2,4390.33,0.25,2195.16,8780.66,6585.5,0,North,Marketplace
107439,CUST00153,2024-05-09,Home & Kitchen,1,3325.22,0.0,0.0,3325.22,3325.22,0,North,Mobile App
107440,CUST00539,2024-12-03,Home & Kitchen,1,4601.91,0.25,1150.48,4601.91,3451.43,0,South,Online
107441,CUST01098,2025-12-10,Grocery,2,3487.43,0.1,697.49,6974.86,6277.37,0,East,Marketplace
107442,CUST00487,2024-06-05,Sports,1,806.77,0.15,121.02,806.77,685.75,0,Central,Retail Store
107443,CUST00193,2024-08-10,Grocery,5,1346.86,0.1,673.43,6734.3,6060.87,0,South,Online
107444,CUST00107,2025-02-04,Apparel,5,2249.16,0.0,0.0,11245.8,11245.8,0,West,Marketplace
107445,CUST00764,2024-08-24,Electronics,3,1117.55,0.0,0.0,3352.65,3352.65,0,Central,Online
107446,CUST00849,2024-11-28,Apparel,1,995.15,0.0,0.0,995.15,995.15,0,West,Online
107447,CUST00101,2025-05-25,Grocery,3,4158.0,0.25,3118.5,12474.0,9355.5,0,South,Mobile App
107448,CUST00082,2024-06-02,Electronics,4,2702.07,0.25,2702.07,10808.28,8106.21,0,Central,Online
107449,CUST01015,2025-09-10,Sports,4,4458.62,0.0,0.0,17834.48,17834.48,0,East,Online
107450,CUST01164,2025-09-03,Apparel,5,538.98,0.15,404.24,2694.9,2290.66,0,West,Online
107451,CUST00713,2025-01-18,Electronics,5,1124.51,0.05,281.13,5622.55,5341.42,0,Central,Mobile App
107452,CUST00779,2025-07-28,Beauty,5,4050.86,0.0,0.0,20254.3,20254.3,0,Central,Online
107453,CUST00152,2025-04-23,Sports,3,3732.03,0.0,0.0,11196.09,11196.09,0,North,Retail Store
107454,CUST00513,2025-06-09,Home & Kitchen,1,4750.89,0.0,0.0,4750.89,4750.89,0,Central,Online
107455,CUST00278,2024-05-06,Apparel,5,1828.64,0.0,0.0,9143.2,9143.2,0,East,Online
107456,CUST00341,2024-09-10,Apparel,3,2931.79,0.15,1319.31,8795.37,7476.06,0,West,Marketplace
107457,CUST00614,2024-08-17,Grocery,5,3380.65,0.0,0.0,16903.25,16903.25,0,East,Marketplace
107458,CUST00626,2024-02-28,Home & Kitchen,4,1847.28,0.05,369.46,7389.12,7019.66,0,West,Retail Store
107459,CUST00332,2024-12-15,Sports,3,4678.03,0.0,0.0,14034.09,14034.09,0,North,Marketplace
107460,CUST00198,2024-06-17,Beauty,5,4782.06,0.05,1195.52,23910.3,22714.78,0,West,Retail Store
107461,CUST00003,2025-05-25,Beauty,3,3655.82,0.0,0.0,10967.46,10967.46,0,South,Retail Store
107462,CUST00521,2024-09-16,Grocery,5,4332.77,0.0,0.0,21663.85,21663.85,0,South,Online
107463,CUST00999,2025-05-07,Apparel,3,3443.16,0.0,0.0,10329.48,10329.48,0,South,Online
107464,CUST00074,2024-03-11,Beauty,5,2690.52,0.0,0.0,13452.6,13452.6,0,Central,Retail Store
107465,CUST00364,2025-08-18,Beauty,1,4200.18,0.15,630.03,4200.18,3570.15,0,West,Retail Store
107466,CUST00931,2024-03-31,Sports,5,2796.64,0.25,3495.8,13983.2,10487.4,0,Central,Online
107467,CUST00230,2025-12-04,Home & Kitchen,4,1479.36,0.0,0.0,5917.44,5917.44,0,South,Mobile App
107468,CUST00560,2025-07-17,Home & Kitchen,5,4650.87,0.15,3488.15,23254.35,19766.2,0,East,Online
107469,CUST00916,2025-05-18,Sports,2,3211.59,0.0,0.0,6423.18,6423.18,0,North,Mobile App
107470,CUST00198,2024-07-12,Electronics,2,638.45,0.0,0.0,1276.9,1276.9,0,West,Retail Store
107471,CUST00860,2025-07-13,Sports,5,4997.51,0.05,1249.38,24987.55,23738.17,0,South,Marketplace
107472,CUST00363,2024-12-17,Home & Kitchen,1,249.28,0.0,0.0,249.28,-249.28,1,South,Online
107473,CUST00253,2025-10-13,Grocery,4,4389.17,0.0,0.0,17556.68,17556.68,0,North,Online
107474,CUST00053,2024-08-08,Apparel,1,526.98,0.0,0.0,526.98,526.98,0,North,Online
107475,CUST00113,2025-02-19,Apparel,2,4006.23,0.1,801.25,8012.46,7211.21,0,West,Online
107476,CUST00629,2025-07-27,Sports,1,869.37,0.0,0.0,869.37,869.37,0,West,Online
107477,CUST00698,2024-11-18,Sports,3,1413.42,0.0,0.0,4240.26,4240.26,0,North,Mobile App
107478,CUST00580,2024-12-04,Home & Kitchen,4,1648.3,0.0,0.0,6593.2,6593.2,0,East,Retail Store
107479,CUST00994,2024-12-02,Grocery,5,3388.01,0.15,2541.01,16940.05,14399.04,0,North,Marketplace
107480,CUST00112,2025-06-11,Home & Kitchen,5,454.92,0.0,0.0,2274.6,2274.6,0,East,Online
107481,CUST00135,2025-01-02,Home & Kitchen,3,864.58,0.0,0.0,2593.74,2593.74,0,Central,Retail Store
107482,CUST00874,2024-12-06,Grocery,3,1251.94,0.0,0.0,3755.82,3755.82,0,South,Marketplace
107483,CUST00452,2025-03-20,Sports,4,0.0,0.0,0.0,0.0,0.0,0,East,Marketplace
107484,CUST01007,2024-03-22,Apparel,1,398.23,0.05,19.91,398.23,378.32,0,East,Online
107485,CUST01058,2025-01-08,Grocery,4,4119.47,0.0,0.0,16477.88,16477.88,0,South,Marketplace
107486,CUST00882,2024-05-27,Electronics,2,2773.56,0.0,0.0,5547.12,5547.12,0,Central,Marketplace
107487,CUST00024,2025-05-29,Home & Kitchen,2,1692.79,0.15,507.84,3385.58,2877.74,0,West,Marketplace
107488,CUST00731,2025-03-03,Electronics,4,1558.12,0.0,0.0,6232.48,6232.48,0,South,Online
107489,CUST00429,2025-05-13,Beauty,5,3029.7,0.0,0.0,15148.5,15148.5,0,Central,Marketplace
107490,CUST01109,2025-11-26,Electronics,2,4961.02,0.0,0.0,9922.04,9922.04,0,South,Online
107491,CUST00821,2024-07-17,Grocery,5,1574.18,0.0,0.0,7870.9,7870.9,0,South,Online
107492,CUST00175,2025-01-05,Electronics,1,3416.18,0.0,0.0,3416.18,3416.18,0,North,Retail Store
107493,CUST00844,2024-10-23,Grocery,5,454.32,0.1,227.16,2271.6,2044.44,0,North,Marketplace
107494,CUST00509,2024-02-12,Apparel,5,2063.38,0.0,0.0,10316.9,10316.9,0,South,Online
107496,CUST00527,2025-01-16,Grocery,1,3002.26,0.0,0.0,3002.26,3002.26,0,South,Online
107498,CUST00347,2024-12-24,Apparel,2,3637.36,0.0,0.0,7274.72,7274.72,0,South,Online
107499,CUST00250,2024-10-31,Apparel,3,4863.3,0.25,3647.48,14589.9,10942.42,0,Central,Marketplace
107500,CUST00379,2024-07-14,Home & Kitchen,4,3295.43,0.1,1318.17,13181.72,11863.55,0,West,Retail Store
107501,CUST00336,2024-06-30,Sports,1,2033.13,0.1,203.31,2033.13,1829.82,0,West,Online
107502,CUST01094,2025-12-12,Sports,3,2764.34,0.0,0.0,8293.02,8293.02,0,West,Retail Store
107503,CUST00674,2025-03-06,Grocery,5,3764.04,0.0,0.0,18820.2,-18820.2,1,South,Online
107504,CUST00677,2025-05-04,Apparel,5,1783.58,0.25,2229.48,8917.9,6688.42,0,East,Online
107505,CUST01132,2025-08-22,Sports,5,2338.97,0.0,0.0,11694.85,11694.85,0,Central,Online
107506,CUST00580,2024-11-07,Grocery,1,1284.84,0.0,0.0,1284.84,1284.84,0,East,Retail Store
107507,CUST00978,2024-04-21,Sports,1,3104.04,0.25,776.01,3104.04,2328.03,0,West,Online
107508,CUST01042,2024-09-22,Beauty,2,2542.82,0.0,0.0,5085.64,-5085.64,1,Central,Mobile App
107509,CUST00202,2024-07-26,Apparel,4,4695.65,0.15,2817.39,18782.6,15965.21,0,East,Online
107511,CUST01083,2025-01-10,Sports,2,1370.36,0.0,0.0,2740.72,2740.72,0,West,Online
107512,CUST00321,2024-07-29,Apparel,4,280.07,0.0,0.0,1120.28,1120.28,0,West,Online
107513,CUST00215,2025-10-09,Home & Kitchen,2,2217.87,0.0,0.0,4435.74,4435.74,0,West,Online
107514,CUST00439,2024-08-31,Beauty,5,4722.61,0.05,1180.65,23613.05,22432.4,0,South,Mobile App
107515,CUST00439,2024-09-27,Home & Kitchen,1,2526.13,0.0,0.0,2526.13,2526.13,0,South,Mobile App
107516,CUST00110,2024-08-29,Grocery,4,2999.76,0.0,0.0,11999.04,11999.04,0,Central,Mobile App
107517,CUST00910,2024-08-05,Grocery,5,4156.57,0.0,0.0,20782.85,20782.85,0,Central,Marketplace
107518,CUST00054,2025-04-09,Electronics,1,3867.97,0.0,0.0,3867.97,3867.97,0,South,Retail Store
107519,CUST00482,2024-12-17,Home & Kitchen,2,1109.08,0.0,0.0,2218.16,2218.16,0,West,Online
107520,CUST00471,2024-09-15,Home & Kitchen,1,4077.39,0.0,0.0,4077.39,-4077.39,1,East,Marketplace
107521,CUST00618,2025-03-18,Electronics,1,465.5,0.0,0.0,465.5,465.5,0,South,Online
107522,CUST00216,2024-05-23,Beauty,4,1388.77,0.1,555.51,5555.08,4999.57,0,South,Online
107523,CUST01118,2025-04-26,Grocery,4,3156.41,0.0,0.0,12625.64,12625.64,0,South,Online
107524,CUST00624,2024-06-27,Electronics,4,2604.83,0.0,0.0,10419.32,10419.32,0,South,Online
107525,CUST00152,2024-10-23,Electronics,3,4975.56,0.1,1492.67,14926.68,13434.01,0,North,Retail Store
107526,CUST00672,2024-03-20,Grocery,2,693.12,0.25,346.56,1386.24,1039.68,0,West,Retail Store
107527,CUST00042,2024-04-20,Electronics,3,4730.72,0.0,0.0,14192.16,14192.16,0,Central,Retail Store
107528,CUST01067,2025-04-17,Home & Kitchen,1,2238.5,0.0,0.0,2238.5,2238.5,0,Central,Online
107529,CUST00787,2025-07-25,Sports,2,849.41,0.0,0.0,1698.82,1698.82,0,East,Online
107530,CUST00534,2024-03-17,Sports,5,0.0,0.0,0.0,0.0,-0.0,1,North,Online
107531,CUST00285,2025-09-06,Apparel,1,3385.92,0.1,338.59,3385.92,-3047.33,1,Central,Online
107532,CUST00660,2025-05-20,Home & Kitchen,4,4166.37,0.4,6666.19,16665.48,9999.29,0,East,Online
107533,CUST01019,2024-07-28,Apparel,5,2455.1,0.0,0.0,12275.5,12275.5,0,North,Retail Store
107534,CUST00271,2024-09-08,Electronics,2,4603.39,0.0,0.0,9206.78,9206.78,0,South,Online
107535,CUST00250,2024-07-23,Home & Kitchen,3,1075.09,0.25,806.32,3225.27,2418.95,0,Central,Marketplace
107536,CUST00648,2024-03-04,Apparel,5,924.21,0.0,0.0,4621.05,-4621.05,1,West,Mobile App
107537,CUST00870,2024-04-29,Home & Kitchen,3,4267.47,0.0,0.0,12802.41,12802.41,0,West,Online
107538,CUST00394,2025-09-29,Beauty,3,2906.53,0.0,0.0,8719.59,8719.59,0,South,Retail Store
107539,CUST01133,2025-06-04,Home & Kitchen,1,2242.44,0.0,0.0,2242.44,2242.44,0,North,Online
107540,CUST00451,2025-06-06,Sports,5,2344.6,0.4,4689.2,11723.0,7033.8,0,East,Marketplace
107541,CUST00413,2025-04-20,Grocery,2,967.48,0.0,0.0,1934.96,1934.96,0,North,Mobile App
107542,CUST00995,2025-04-07,Electronics,2,4347.48,0.15,1304.24,8694.96,7390.72,0,West,Marketplace
107543,CUST00679,2025-10-30,Grocery,5,4015.09,0.0,0.0,20075.45,20075.45,0,East,Marketplace
107544,CUST00325,2024-04-13,Home & Kitchen,5,4122.71,0.0,0.0,20613.55,20613.55,0,West,Mobile App
107545,CUST00089,2025-05-11,Beauty,3,1402.3,0.05,210.34,4206.9,3996.56,0,South,Retail Store
107546,CUST01070,2024-08-05,Beauty,5,846.78,0.15,635.08,4233.9,3598.82,0,West,Online
107547,CUST00980,2024-03-30,Electronics,2,4724.25,0.1,944.85,9448.5,8503.65,0,West,Marketplace
107548,CUST00005,2024-04-01,Apparel,3,356.15,0.0,0.0,1068.45,1068.45,0,South,Marketplace
107549,CUST00067,2024-11-09,Apparel,5,1574.21,0.0,0.0,7871.05,7871.05,0,North,Online
107550,CUST00168,2025-03-24,Grocery,4,2049.35,0.0,0.0,8197.4,8197.4,0,West,Online
107551,CUST00450,2025-07-04,Home & Kitchen,5,605.41,0.0,0.0,3027.05,-3027.05,1,South,Marketplace
107552,CUST00056,2025-01-27,Beauty,3,2505.08,0.1,751.52,7515.24,6763.72,0,West,Retail Store
107553,CUST00629,2025-03-08,Beauty,5,4003.71,0.0,0.0,20018.55,20018.55,0,West,Online
107554,CUST00226,2024-08-21,Beauty,1,854.52,0.0,0.0,854.52,-854.52,1,Central,Online
107555,CUST01193,2025-05-26,Grocery,2,2289.56,0.0,0.0,4579.12,4579.12,0,East,Marketplace
107556,CUST00023,2024-11-02,Grocery,4,2872.06,0.0,0.0,11488.24,11488.24,0,East,Marketplace
107557,CUST00617,2025-09-29,Beauty,1,1695.03,0.15,254.25,1695.03,1440.78,0,West,Online
107558,CUST00075,2024-06-24,Sports,3,710.88,0.0,0.0,2132.64,-2132.64,1,West,Mobile App
107559,CUST01195,2025-06-26,Electronics,5,2381.85,0.0,0.0,11909.25,11909.25,0,North,Online
107560,CUST00307,2024-03-29,Home & Kitchen,4,2384.22,0.25,2384.22,9536.88,7152.66,0,South,Online
107561,CUST00287,2025-08-19,Beauty,3,4898.53,0.1,1469.56,14695.59,13226.03,0,East,Marketplace
107562,CUST00894,2025-03-05,Sports,2,583.69,0.0,0.0,1167.38,1167.38,0,South,Retail Store
107563,CUST00393,2024-06-12,Beauty,3,1352.09,0.0,0.0,4056.27,4056.27,0,South,Online
107564,CUST00913,2025-04-21,Grocery,4,1556.14,0.0,0.0,6224.56,6224.56,0,West,Retail Store
107565,CUST00402,2024-03-29,Sports,3,4596.24,0.1,1378.87,13788.72,12409.85,0,North,Marketplace
107566,CUST00263,2024-08-10,Beauty,1,4016.94,0.0,0.0,4016.94,4016.94,0,West,Marketplace
107567,CUST00362,2025-05-18,Apparel,2,4776.28,0.0,0.0,9552.56,9552.56,0,West,Retail Store
107569,CUST00906,2024-06-20,Sports,4,1538.97,0.0,0.0,6155.88,6155.88,0,North,Online
107570,CUST00969,2025-07-26,Sports,1,0.0,0.05,0.0,0.0,0.0,0,South,Mobile App
107571,CUST00635,2025-12-20,Sports,3,1860.87,0.15,837.39,5582.61,4745.22,0,West,Online
107572,CUST00608,2024-03-25,Beauty,1,4267.03,0.0,0.0,4267.03,4267.03,0,South,Marketplace
107573,CUST00587,2025-02-23,Apparel,5,2001.28,0.0,0.0,10006.4,10006.4,0,North,Online
107575,CUST01183,2024-05-06,Home & Kitchen,5,1591.26,0.0,0.0,7956.3,7956.3,0,West,Retail Store
107576,CUST00040,2025-06-18,Beauty,2,3666.5,0.0,0.0,7333.0,7333.0,0,West,Online
107577,CUST00740,2024-07-27,Home & Kitchen,5,2998.21,0.1,1499.1,14991.05,13491.95,0,East,Retail Store
107578,CUST01063,2025-01-02,Home & Kitchen,2,4902.49,0.4,3921.99,9804.98,5882.99,0,West,Online
107579,CUST00372,2025-10-31,Home & Kitchen,2,723.13,0.0,0.0,1446.26,1446.26,0,Central,Retail Store
107580,CUST00186,2025-05-30,Beauty,2,804.65,0.15,241.4,1609.3,1367.9,0,North,Marketplace
107582,CUST00637,2024-07-27,Apparel,2,820.72,0.1,164.14,1641.44,1477.3,0,North,Online
107583,CUST00357,2024-12-31,Electronics,1,4411.2,0.0,0.0,4411.2,4411.2,0,East,Online
107584,CUST00908,2025-02-18,Beauty,5,1421.98,0.0,0.0,7109.9,7109.9,0,North,Online
107585,CUST00791,2025-06-21,Grocery,2,3245.43,0.0,0.0,6490.86,6490.86,0,Central,Marketplace
107587,CUST00115,2024-10-25,Beauty,5,1300.31,0.0,0.0,6501.55,6501.55,0,North,Mobile App
107588,CUST01195,2024-11-12,Electronics,2,607.99,0.0,0.0,1215.98,1215.98,0,North,Online
107589,CUST00866,2025-02-15,Beauty,1,3969.43,0.25,992.36,3969.43,2977.07,0,South,Marketplace
107590,CUST00150,2025-01-23,Home & Kitchen,3,3297.26,0.0,0.0,9891.78,9891.78,0,West,Marketplace
107591,CUST00210,2024-04-19,Electronics,3,4284.1,0.0,0.0,12852.3,12852.3,0,West,Marketplace
107592,CUST01147,2024-08-18,Apparel,3,4914.65,0.0,0.0,14743.95,14743.95,0,East,Mobile App
107593,CUST00286,2025-07-18,Beauty,1,3235.35,0.0,0.0,3235.35,3235.35,0,North,Online
107594,CUST00382,2025-11-16,Apparel,3,4467.41,0.15,2010.33,13402.23,11391.9,0,West,Mobile App
107595,CUST00374,2024-07-27,Beauty,1,784.82,0.1,78.48,784.82,706.34,0,East,Retail Store
107596,CUST00340,2024-09-16,Sports,5,4970.37,0.0,0.0,24851.85,24851.85,0,West,Retail Store
107597,CUST00984,2024-05-26,Electronics,3,2254.76,0.0,0.0,6764.28,6764.28,0,South,Retail Store
107598,CUST01163,2024-07-14,Sports,2,1398.92,0.0,0.0,2797.84,2797.84,0,Central,Online
107599,CUST00889,2025-04-11,Grocery,2,4796.72,0.0,0.0,9593.44,9593.44,0,South,Mobile App
107600,CUST00156,2024-12-15,Grocery,2,643.0,0.0,0.0,1286.0,1286.0,0,Central,Online
107601,CUST01009,2024-07-28,Electronics,2,337.9,0.0,0.0,675.8,675.8,0,East,Online
107602,CUST00898,2025-01-19,Electronics,2,2459.87,0.0,0.0,4919.74,4919.74,0,West,Marketplace
107603,CUST00810,2024-03-11,Sports,4,4106.2,0.05,821.24,16424.8,15603.56,0,North,Online
107604,CUST00001,2024-05-02,Home & Kitchen,1,1469.77,0.0,0.0,1469.77,1469.77,0,Central,Mobile App
107605,CUST00165,2025-04-13,Apparel,4,1084.75,0.15,650.85,4339.0,3688.15,0,Central,Retail Store
107606,CUST00147,2024-12-19,Home & Kitchen,3,1028.56,0.0,0.0,3085.68,3085.68,0,North,Online
107607,CUST01100,2024-03-09,Grocery,2,2526.81,0.05,252.68,5053.62,4800.94,0,South,Online
107608,CUST00909,2024-11-15,Grocery,1,1462.67,0.0,0.0,1462.67,1462.67,0,South,Marketplace
107609,CUST01032,2024-01-30,Home & Kitchen,5,777.05,0.0,0.0,3885.25,3885.25,0,West,Online
107610,CUST01165,2025-03-05,Grocery,1,1553.36,0.0,0.0,1553.36,1553.36,0,West,Online
107611,CUST00273,2024-12-13,Beauty,1,2954.92,0.0,0.0,2954.92,2954.92,0,South,Retail Store
107612,CUST00106,2025-08-23,Beauty,4,4876.63,0.0,0.0,19506.52,19506.52,0,North,Retail Store
107613,CUST00682,2024-12-30,Apparel,4,3598.77,0.0,0.0,14395.08,14395.08,0,Central,Marketplace
107614,CUST00373,2025-03-18,Sports,5,1836.02,0.05,459.01,9180.1,8721.09,0,North,Retail Store
107615,CUST01040,2024-12-18,Beauty,4,3122.37,0.0,0.0,12489.48,12489.48,0,North,Marketplace
107616,CUST00412,2025-12-19,Grocery,4,1877.35,0.0,0.0,7509.4,7509.4,0,North,Retail Store
107617,CUST00582,2024-09-07,Electronics,4,3592.77,0.0,0.0,14371.08,14371.08,0,South,Marketplace
107618,CUST00524,2024-07-28,Apparel,2,4565.0,0.0,0.0,9130.0,9130.0,0,Central,Online
107619,CUST00830,2024-11-20,Beauty,5,2725.41,0.1,1362.7,13627.05,12264.35,0,West,Online
107620,CUST00662,2024-12-10,Grocery,2,1623.95,0.0,0.0,3247.9,3247.9,0,West,Online
107621,CUST00246,2024-10-21,Home & Kitchen,3,1717.35,0.1,515.21,5152.05,4636.84,0,South,Retail Store
107622,CUST00333,2024-04-04,Electronics,1,609.21,0.0,0.0,609.21,609.21,0,East,Retail Store
107623,CUST00434,2024-09-15,Home & Kitchen,5,2842.99,0.0,0.0,14214.95,14214.95,0,North,Marketplace
107624,CUST00585,2024-06-17,Grocery,1,4216.02,0.0,0.0,4216.02,4216.02,0,West,Online
107625,CUST00930,2024-04-19,Home & Kitchen,2,2493.55,0.0,0.0,4987.1,4987.1,0,East,Online
107626,CUST00366,2025-08-04,Apparel,3,2247.36,0.0,0.0,6742.08,-6742.08,1,South,Online
107627,CUST00553,2025-04-05,Sports,5,3299.58,0.1,1649.79,16497.9,14848.11,0,East,Retail Store
107628,CUST00295,2024-07-29,Apparel,1,4157.95,0.05,207.9,4157.95,3950.05,0,Central,Retail Store
107629,CUST00771,2025-03-12,Sports,1,2815.09,0.05,140.75,2815.09,2674.34,0,South,Online
107630,CUST00768,2024-01-18,Grocery,5,4977.81,0.0,0.0,24889.05,24889.05,0,East,Online
107631,CUST00513,2025-02-06,Beauty,4,3147.77,0.0,0.0,12591.08,12591.08,0,Central,Online
107632,CUST00898,2024-11-29,Electronics,4,458.12,0.0,0.0,1832.48,1832.48,0,West,Marketplace
107634,CUST00559,2024-06-15,Grocery,2,1747.78,0.1,349.56,3495.56,3146.0,0,Central,Retail Store
107635,CUST01037,2024-02-15,Beauty,3,2966.09,0.0,0.0,8898.27,8898.27,0,North,Online
107636,CUST00701,2025-01-14,Home & Kitchen,1,3724.11,0.05,186.21,3724.11,3537.9,0,East,Mobile App
107637,CUST01189,2024-03-06,Sports,1,1507.87,0.05,75.39,1507.87,1432.48,0,West,Marketplace
107638,CUST01117,2024-11-29,Beauty,2,1691.09,0.0,0.0,3382.18,3382.18,0,Central,Marketplace
107639,CUST00125,2025-06-09,Beauty,1,824.24,0.25,206.06,824.24,618.18,0,North,Online
107640,CUST00191,2024-06-16,Grocery,2,4220.15,0.0,0.0,8440.3,8440.3,0,South,Online
107641,CUST00688,2024-06-17,Home & Kitchen,2,4183.1,0.0,0.0,8366.2,8366.2,0,South,Online
107642,CUST00816,2024-07-21,Sports,3,1083.91,0.05,162.59,3251.73,3089.14,0,West,Mobile App
107643,CUST00571,2024-11-02,Grocery,3,3620.21,0.0,0.0,10860.63,-10860.63,1,Central,Marketplace
107644,CUST00356,2025-10-11,Apparel,5,1513.68,0.0,0.0,7568.4,7568.4,0,Central,Online
107645,CUST00778,2025-10-23,Home & Kitchen,4,1177.67,0.0,0.0,4710.68,4710.68,0,South,Online
107646,CUST00431,2024-07-14,Beauty,4,2322.23,0.05,464.45,9288.92,8824.47,0,East,Online
107647,CUST00176,2024-12-01,Sports,5,238.57,0.1,119.28,1192.85,1073.57,0,West,Retail Store
107648,CUST00971,2025-03-22,Beauty,5,2547.38,0.0,0.0,12736.9,12736.9,0,North,Online
107649,CUST01126,2024-09-21,Electronics,1,4852.67,0.0,0.0,4852.67,4852.67,0,East,Online
107650,CUST00576,2024-04-01,Apparel,5,878.81,0.0,0.0,4394.05,4394.05,0,North,Online
107651,CUST00697,2024-12-28,Sports,4,2782.54,0.15,1669.52,11130.16,-9460.64,1,West,Online
107652,CUST00140,2024-12-11,Electronics,3,4861.35,0.0,0.0,14584.05,-14584.05,1,Central,Marketplace
107653,CUST00261,2025-06-29,Beauty,2,2377.37,0.0,0.0,4754.74,4754.74,0,West,Mobile App
107654,CUST00626,2024-04-10,Beauty,2,4766.04,0.0,0.0,9532.08,9532.08,0,West,Retail Store
107655,CUST01030,2024-04-01,Beauty,5,4516.65,0.0,0.0,22583.25,22583.25,0,North,Online
107657,CUST00310,2025-06-26,Sports,3,3474.4,0.1,1042.32,10423.2,9380.88,0,Central,Online
107658,CUST00738,2024-06-16,Electronics,2,3745.86,0.1,749.17,7491.72,6742.55,0,East,Online
107659,CUST00603,2025-06-07,Sports,3,1838.48,0.0,0.0,5515.44,5515.44,0,Central,Retail Store
107660,CUST01041,2024-08-04,Home & Kitchen,3,4607.74,0.0,0.0,13823.22,13823.22,0,West,Marketplace
107661,CUST01096,2025-11-28,Grocery,4,2400.2,0.0,0.0,9600.8,9600.8,0,Central,Online
107662,CUST00282,2024-03-01,Apparel,4,3021.9,0.0,0.0,12087.6,12087.6,0,East,Marketplace
107663,CUST00800,2025-03-17,Grocery,5,3773.62,0.15,2830.21,18868.1,16037.89,0,East,Online
107664,CUST00079,2024-12-24,Electronics,3,2771.67,0.0,0.0,8315.01,8315.01,0,West,Online
107665,CUST00059,2025-03-18,Grocery,2,917.12,0.1,183.42,1834.24,1650.82,0,West,Marketplace
107666,CUST00708,2025-05-29,Electronics,4,2542.23,0.0,0.0,10168.92,10168.92,0,Central,Mobile App
107667,CUST00956,2024-10-20,Electronics,3,4735.09,0.0,0.0,14205.27,14205.27,0,East,Online
107668,CUST00246,2024-10-08,Beauty,5,2270.47,0.0,0.0,11352.35,-11352.35,1,South,Retail Store
107669,CUST00639,2024-03-31,Grocery,1,3021.16,0.25,755.29,3021.16,2265.87,0,Central,Retail Store
107670,CUST00456,2025-02-06,Beauty,5,3889.1,0.0,0.0,19445.5,19445.5,0,East,Online
107671,CUST00016,2025-01-12,Sports,3,4007.56,0.05,601.13,12022.68,11421.55,0,Central,Marketplace
107672,CUST00519,2024-11-12,Electronics,5,2211.75,0.0,0.0,11058.75,11058.75,0,West,Online
107673,CUST00396,2024-09-28,Electronics,2,4654.39,0.05,465.44,9308.78,-8843.34,1,South,Retail Store
107674,CUST00938,2025-08-06,Home & Kitchen,1,1016.72,0.05,50.84,1016.72,965.88,0,North,Marketplace
107675,CUST00385,2024-04-22,Electronics,4,2770.89,0.0,0.0,11083.56,11083.56,0,North,Marketplace
107676,CUST00562,2024-04-29,Home & Kitchen,3,3051.53,0.0,0.0,9154.59,9154.59,0,East,Online
107677,CUST00287,2025-11-18,Apparel,2,3186.4,0.0,0.0,6372.8,6372.8,0,East,Marketplace
107678,CUST00573,2024-06-29,Electronics,2,539.5,0.0,0.0,1079.0,1079.0,0,East,Marketplace
107679,CUST00325,2024-05-21,Grocery,2,827.26,0.0,0.0,1654.52,1654.52,0,West,Mobile App
107680,CUST00343,2024-08-18,Apparel,1,764.17,0.25,191.04,764.17,573.13,0,East,Online
107681,CUST00140,2024-11-12,Apparel,3,1451.87,0.05,217.78,4355.61,-4137.83,1,Central,Marketplace
107682,CUST00730,2024-12-04,Apparel,1,590.77,0.05,29.54,590.77,561.23,0,South,Mobile App
107683,CUST00077,2024-06-28,Grocery,2,4783.88,0.0,0.0,9567.76,9567.76,0,East,Online
107684,CUST00485,2025-03-02,Apparel,5,1312.58,0.0,0.0,6562.9,6562.9,0,West,Retail Store
107685,CUST00837,2024-09-02,Apparel,2,4357.25,0.0,0.0,8714.5,8714.5,0,Central,Mobile App
107686,CUST00398,2025-06-12,Apparel,2,3306.32,0.25,1653.16,6612.64,4959.48,0,West,Retail Store
107687,CUST01179,2024-12-17,Grocery,5,2588.18,0.1,1294.09,12940.9,11646.81,0,East,Marketplace
107688,CUST00734,2025-06-24,Grocery,4,374.73,0.0,0.0,1498.92,1498.92,0,East,Online
107689,CUST00643,2025-01-02,Home & Kitchen,4,649.5,0.05,129.9,2598.0,2468.1,0,Central,Mobile App
107690,CUST01055,2025-01-03,Apparel,2,4246.84,0.0,0.0,8493.68,8493.68,0,East,Online
107691,CUST01173,2025-04-16,Apparel,4,4993.98,0.0,0.0,19975.92,19975.92,0,South,Online
107692,CUST00291,2025-12-07,Electronics,3,1874.51,0.05,281.18,5623.53,5342.35,0,West,Marketplace
107693,CUST01023,2025-06-10,Home & Kitchen,3,2375.32,0.0,0.0,7125.96,7125.96,0,East,Online
107694,CUST00812,2024-10-27,Beauty,5,3210.64,0.1,1605.32,16053.2,14447.88,0,North,Online
107695,CUST00450,2024-12-10,Electronics,5,545.25,0.0,0.0,2726.25,-2726.25,1,South,Marketplace
107696,CUST01178,2024-07-18,Apparel,1,2439.84,0.0,0.0,2439.84,2439.84,0,West,Retail Store
107697,CUST00462,2025-06-27,Sports,5,1160.9,0.0,0.0,5804.5,5804.5,0,Central,Marketplace
107698,CUST01137,2024-12-05,Beauty,4,0.0,0.0,0.0,0.0,0.0,0,West,Online
107699,CUST01029,2025-10-23,Sports,2,3068.99,0.0,0.0,6137.98,6137.98,0,Central,Online
107700,CUST00619,2025-03-08,Electronics,2,576.38,0.15,172.91,1152.76,979.85,0,West,Online
107701,CUST00061,2024-11-27,Sports,3,4249.01,0.0,0.0,12747.03,12747.03,0,West,Online
107702,CUST00544,2024-09-09,Sports,3,2670.26,0.0,0.0,8010.78,8010.78,0,North,Marketplace
107703,CUST01172,2024-08-21,Sports,1,3918.45,0.0,0.0,3918.45,3918.45,0,West,Online
107705,CUST00266,2025-02-17,Apparel,3,2842.96,0.0,0.0,8528.88,-8528.88,1,East,Mobile App
107706,CUST00667,2024-10-02,Apparel,4,3152.58,0.1,1261.03,12610.32,11349.29,0,East,Marketplace
107707,CUST00146,2025-04-24,Apparel,3,4792.5,0.0,0.0,14377.5,14377.5,0,West,Marketplace
107708,CUST00836,2024-07-04,Electronics,5,1570.71,0.0,0.0,7853.55,7853.55,0,Central,Marketplace
107709,CUST00045,2025-04-16,Sports,5,3479.86,0.0,0.0,17399.3,17399.3,0,North,Marketplace
107711,CUST00324,2025-09-24,Home & Kitchen,1,3500.95,0.0,0.0,3500.95,3500.95,0,Central,Retail Store
107712,CUST00433,2025-05-13,Grocery,4,3099.07,0.0,0.0,12396.28,12396.28,0,East,Online
107713,CUST00484,2025-04-26,Home & Kitchen,2,4671.78,0.0,0.0,9343.56,9343.56,0,East,Online
107714,CUST01194,2024-08-23,Grocery,2,2626.36,0.0,0.0,5252.72,5252.72,0,West,Retail Store
107715,CUST00308,2024-03-11,Apparel,1,2483.64,0.15,372.55,2483.64,2111.09,0,East,Retail Store
107716,CUST00402,2024-07-31,Sports,1,1495.61,0.0,0.0,1495.61,1495.61,0,North,Marketplace
107717,CUST00467,2025-11-05,Apparel,3,2386.47,0.0,0.0,7159.41,7159.41,0,South,Online
107718,CUST00605,2025-10-13,Home & Kitchen,4,3792.14,0.1,1516.86,15168.56,13651.7,0,East,Retail Store
107719,CUST00896,2025-12-31,Apparel,3,1672.2,0.0,0.0,5016.6,5016.6,0,South,Online
107720,CUST00313,2024-10-04,Beauty,1,321.08,0.05,16.05,321.08,305.03,0,West,Online
107721,CUST01060,2025-07-19,Home & Kitchen,3,962.86,0.4,1155.43,2888.58,1733.15,0,Central,Retail Store
107722,CUST00330,2024-09-17,Apparel,3,1689.48,0.15,760.27,5068.44,4308.17,0,West,Online
107723,CUST01025,2025-07-27,Beauty,4,3382.13,0.0,0.0,13528.52,13528.52,0,East,Marketplace
107724,CUST00141,2025-02-23,Beauty,5,1273.2,0.0,0.0,6366.0,6366.0,0,West,Online
107725,CUST00190,2024-11-06,Beauty,4,4174.73,0.05,834.95,16698.92,15863.97,0,West,Online
107726,CUST00723,2025-04-09,Home & Kitchen,1,3459.16,0.0,0.0,3459.16,3459.16,0,East,Online
107727,CUST00957,2024-10-13,Apparel,4,3966.25,0.0,0.0,15865.0,15865.0,0,South,Online
107728,CUST01076,2025-05-30,Electronics,2,4810.08,0.0,0.0,9620.16,9620.16,0,North,Mobile App
107729,CUST00294,2024-05-25,Grocery,4,1679.99,0.0,0.0,6719.96,6719.96,0,Central,Online
107730,CUST00725,2025-03-06,Apparel,1,4342.09,0.1,434.21,4342.09,3907.88,0,West,Marketplace
107731,CUST01052,2024-09-18,Grocery,5,1548.91,0.05,387.23,7744.55,7357.32,0,Central,Retail Store
107732,CUST00625,2025-06-04,Beauty,5,4646.51,0.0,0.0,23232.55,23232.55,0,North,Online
107733,CUST00491,2024-04-16,Electronics,4,3079.57,0.1,1231.83,12318.28,11086.45,0,West,Marketplace
107734,CUST00107,2025-01-03,Apparel,3,2559.51,0.0,0.0,7678.53,7678.53,0,West,Marketplace
107735,CUST01103,2024-06-23,Grocery,2,1540.34,0.15,462.1,3080.68,2618.58,0,North,Online
107736,CUST00011,2025-06-12,Grocery,2,2802.61,0.0,0.0,5605.22,5605.22,0,West,Retail Store
107737,CUST00032,2024-07-29,Grocery,3,869.35,0.0,0.0,2608.05,2608.05,0,South,Mobile App
107738,CUST00127,2025-06-11,Home & Kitchen,1,1018.21,0.25,254.55,1018.21,763.66,0,West,Online
107739,CUST00154,2024-01-28,Electronics,1,2320.52,0.0,0.0,2320.52,2320.52,0,West,Marketplace
107740,CUST00495,2024-08-16,Electronics,5,853.85,0.1,426.92,4269.25,-3842.33,1,Central,Retail Store
107741,CUST00829,2025-02-01,Sports,4,4133.32,0.05,826.66,16533.28,15706.62,0,North,Online
107744,CUST00751,2025-10-04,Apparel,5,4115.48,0.0,0.0,20577.4,20577.4,0,West,Marketplace
107745,CUST01085,2024-10-30,Beauty,4,4212.76,0.0,0.0,16851.04,16851.04,0,West,Online
107746,CUST00969,2025-06-10,Beauty,5,2899.1,0.05,724.78,14495.5,13770.72,0,South,Mobile App
107747,CUST00274,2024-10-20,Sports,3,4950.26,0.15,2227.62,14850.78,12623.16,0,South,Retail Store
107748,CUST00888,2024-05-31,Grocery,3,4736.66,0.1,1421.0,14209.98,12788.98,0,North,Marketplace
107749,CUST00310,2025-01-09,Apparel,1,703.4,0.1,70.34,703.4,633.06,0,Central,Online
107750,CUST01178,2025-04-25,Grocery,5,3971.69,0.15,2978.77,19858.45,16879.68,0,West,Retail Store
107751,CUST00512,2025-06-26,Apparel,3,1472.75,0.0,0.0,4418.25,4418.25,0,South,Marketplace
107752,CUST00815,2025-05-08,Home & Kitchen,5,1586.7,0.0,0.0,7933.5,7933.5,0,South,Online
107753,CUST00459,2024-05-28,Electronics,5,4178.56,0.05,1044.64,20892.8,19848.16,0,South,Online
107754,CUST00736,2024-11-05,Home & Kitchen,4,973.07,0.0,0.0,3892.28,3892.28,0,Central,Marketplace
107755,CUST00658,2025-02-12,Apparel,5,2573.78,0.0,0.0,12868.9,12868.9,0,North,Marketplace
107756,CUST00530,2025-03-28,Electronics,3,2103.37,0.25,1577.53,6310.11,4732.58,0,South,Marketplace
107757,CUST01104,2025-09-27,Electronics,2,4864.42,0.0,0.0,9728.84,9728.84,0,Central,Online
107758,CUST00393,2024-09-01,Beauty,3,3068.57,0.0,0.0,9205.71,9205.71,0,South,Online
107759,CUST01141,2024-11-25,Apparel,3,1461.26,0.1,438.38,4383.78,3945.4,0,North,Retail Store
107760,CUST00357,2025-06-05,Beauty,3,2142.19,0.0,0.0,6426.57,6426.57,0,East,Online
107761,CUST00653,2024-03-18,Electronics,4,2420.66,0.0,0.0,9682.64,9682.64,0,North,Online
107762,CUST00851,2025-09-19,Grocery,4,3405.16,0.0,0.0,13620.64,13620.64,0,West,Retail Store
107763,CUST00926,2025-05-22,Apparel,5,4947.53,0.0,0.0,24737.65,24737.65,0,South,Marketplace
107764,CUST00764,2024-12-30,Home & Kitchen,2,1476.01,0.1,295.2,2952.02,2656.82,0,Central,Online
107765,CUST00592,2025-02-18,Sports,5,4391.16,0.05,1097.79,21955.8,20858.01,0,East,Online
107766,CUST01176,2025-05-02,Beauty,5,3629.83,0.0,0.0,18149.15,-18149.15,1,Central,Retail Store
107767,CUST01188,2024-07-26,Apparel,4,3721.78,0.0,0.0,14887.12,14887.12,0,East,Online
107768,CUST00601,2024-05-24,Apparel,4,3280.74,0.15,1968.44,13122.96,11154.52,0,West,Retail Store
107769,CUST00176,2025-01-04,Electronics,5,2998.73,0.0,0.0,14993.65,14993.65,0,West,Retail Store
107770,CUST00729,2025-02-13,Grocery,4,4096.23,0.0,0.0,16384.92,-16384.92,1,East,Online
107771,CUST00312,2024-10-26,Apparel,1,4996.81,0.0,0.0,4996.81,4996.81,0,West,Online
107772,CUST00407,2025-06-28,Electronics,4,3296.67,0.15,1978.0,13186.68,11208.68,0,North,Marketplace
107773,CUST00076,2024-02-12,Beauty,1,4896.23,0.0,0.0,4896.23,4896.23,0,West,Retail Store
107774,CUST00025,2025-02-08,Apparel,1,3793.86,0.0,0.0,3793.86,3793.86,0,Central,Online
107775,CUST00063,2025-10-20,Home & Kitchen,1,3362.86,0.0,0.0,3362.86,3362.86,0,West,Marketplace
107776,CUST00762,2025-05-28,Sports,5,4544.36,0.0,0.0,22721.8,22721.8,0,East,Online
107777,CUST00065,2025-05-28,Beauty,4,3276.14,0.15,1965.68,13104.56,11138.88,0,North,Online
107778,CUST00757,2025-10-03,Beauty,3,4279.94,0.15,1925.97,12839.82,10913.85,0,South,Online
107779,CUST00539,2024-10-27,Home & Kitchen,5,1409.08,0.0,0.0,7045.4,7045.4,0,South,Online
107780,CUST00658,2024-09-10,Apparel,4,0.0,0.25,0.0,0.0,0.0,0,North,Marketplace
107781,CUST00703,2025-03-13,Home & Kitchen,5,4199.28,0.0,0.0,20996.4,-20996.4,1,North,Online
107782,CUST00397,2025-05-15,Sports,1,1570.19,0.4,628.08,1570.19,-942.11,1,North,Marketplace
107783,CUST00724,2025-04-15,Beauty,4,4981.1,0.0,0.0,19924.4,19924.4,0,South,Retail Store
107784,CUST01010,2024-11-01,Home & Kitchen,2,1303.55,0.0,0.0,2607.1,2607.1,0,Central,Online
107785,CUST00115,2024-07-30,Beauty,3,1861.6,0.0,0.0,5584.8,-5584.8,1,North,Mobile App
107786,CUST00636,2025-02-05,Apparel,4,2320.59,0.05,464.12,9282.36,8818.24,0,West,Online
107787,CUST00639,2024-02-18,Home & Kitchen,1,4189.59,0.0,0.0,4189.59,4189.59,0,Central,Retail Store
107788,CUST00623,2024-09-13,Home & Kitchen,4,3260.96,0.0,0.0,13043.84,13043.84,0,North,Online
107789,CUST00538,2024-08-15,Home & Kitchen,2,4662.14,0.0,0.0,9324.28,9324.28,0,West,Retail Store
107790,CUST00008,2025-06-04,Grocery,5,3072.63,0.0,0.0,15363.15,15363.15,0,Central,Marketplace
107791,CUST01119,2025-04-15,Beauty,4,4006.97,0.05,801.39,16027.88,15226.49,0,Central,Retail Store
107792,CUST00902,2025-05-21,Sports,4,4193.89,0.05,838.78,16775.56,15936.78,0,North,Retail Store
107793,CUST00806,2024-05-16,Grocery,3,3164.19,0.05,474.63,9492.57,9017.94,0,Central,Retail Store
107794,CUST00734,2025-10-22,Home & Kitchen,3,509.8,0.0,0.0,1529.4,1529.4,0,East,Online
107795,CUST00916,2025-08-27,Home & Kitchen,1,0.0,0.0,0.0,0.0,0.0,0,North,Mobile App
107796,CUST00876,2024-04-08,Beauty,4,4986.92,0.0,0.0,19947.68,19947.68,0,South,Marketplace
107797,CUST01017,2025-06-13,Apparel,2,1728.83,0.15,518.65,3457.66,2939.01,0,West,Online
107798,CUST00647,2025-04-06,Electronics,5,1113.3,0.1,556.65,5566.5,5009.85,0,Central,Retail Store
107799,CUST00910,2024-06-22,Beauty,1,3811.15,0.0,0.0,3811.15,-3811.15,1,Central,Marketplace
107800,CUST00224,2025-02-01,Electronics,5,682.11,0.05,170.53,3410.55,-3240.02,1,West,Mobile App
107803,CUST00945,2024-09-16,Apparel,4,2032.75,0.25,2032.75,8131.0,6098.25,0,East,Online
107804,CUST01138,2024-10-02,Home & Kitchen,5,4016.26,0.0,0.0,20081.3,20081.3,0,South,Online
107806,CUST01195,2024-12-30,Electronics,1,1844.67,0.15,276.7,1844.67,1567.97,0,North,Online
107807,CUST00201,2024-06-21,Grocery,5,3064.57,0.0,0.0,15322.85,15322.85,0,Central,Online
107808,CUST00300,2025-03-24,Beauty,3,4319.76,0.0,0.0,12959.28,12959.28,0,West,Online
107809,CUST00598,2024-12-08,Apparel,3,365.29,0.05,54.79,1095.87,1041.08,0,South,Retail Store
107810,CUST00657,2024-05-01,Home & Kitchen,3,2774.94,0.0,0.0,8324.82,8324.82,0,North,Online
107811,CUST00757,2025-07-05,Apparel,3,2913.27,0.0,0.0,8739.81,8739.81,0,South,Online
107812,CUST01060,2025-07-08,Grocery,1,4741.87,0.0,0.0,4741.87,4741.87,0,Central,Retail Store
107813,CUST00241,2025-10-20,Beauty,4,3305.83,0.0,0.0,13223.32,13223.32,0,Central,Online
107814,CUST00268,2024-07-14,Electronics,3,2227.57,0.0,0.0,6682.71,6682.71,0,West,Retail Store
107815,CUST00523,2024-07-11,Home & Kitchen,1,769.15,0.05,38.46,769.15,-730.69,1,Central,Marketplace
107816,CUST00835,2024-11-27,Grocery,3,820.28,0.1,246.08,2460.84,2214.76,0,North,Mobile App
107817,CUST00973,2025-02-20,Sports,2,360.81,0.05,36.08,721.62,685.54,0,East,Retail Store
107818,CUST00153,2024-12-12,Sports,5,3098.92,0.4,6197.84,15494.6,9296.76,0,North,Mobile App
107819,CUST00416,2024-12-25,Apparel,1,4678.0,0.0,0.0,4678.0,4678.0,0,Central,Marketplace
107820,CUST00383,2025-07-12,Sports,4,4327.57,0.0,0.0,17310.28,17310.28,0,South,Marketplace
107821,CUST00997,2025-04-12,Home & Kitchen,2,2333.24,0.0,0.0,4666.48,4666.48,0,East,Online
107822,CUST00350,2025-03-04,Grocery,2,2179.26,0.0,0.0,4358.52,-4358.52,1,West,Retail Store
107823,CUST00443,2024-10-30,Apparel,2,397.91,0.0,0.0,795.82,795.82,0,Central,Online
107824,CUST00029,2024-02-29,Beauty,5,2109.97,0.0,0.0,10549.85,10549.85,0,North,Marketplace
107826,CUST00735,2024-07-08,Electronics,4,1614.37,0.0,0.0,6457.48,6457.48,0,South,Marketplace
107827,CUST00116,2025-10-15,Electronics,2,1203.93,0.0,0.0,2407.86,2407.86,0,Central,Online
107828,CUST01133,2025-03-09,Grocery,3,1576.29,0.0,0.0,4728.87,4728.87,0,North,Online
107829,CUST00004,2024-05-04,Home & Kitchen,5,2262.15,0.15,1696.61,11310.75,9614.14,0,East,Online
107830,CUST00274,2024-11-27,Grocery,1,2741.66,0.0,0.0,2741.66,2741.66,0,South,Retail Store
107831,CUST00413,2025-03-01,Apparel,2,4342.44,0.0,0.0,8684.88,8684.88,0,North,Mobile App
107832,CUST00424,2024-11-28,Beauty,3,2921.14,0.0,0.0,8763.42,8763.42,0,Central,Retail Store
107833,CUST00091,2024-04-28,Beauty,2,517.6,0.0,0.0,1035.2,1035.2,0,Central,Online
107834,CUST00523,2024-05-30,Beauty,4,3424.18,0.0,0.0,13696.72,13696.72,0,Central,Marketplace
107835,CUST01097,2025-01-29,Beauty,5,3616.0,0.0,0.0,18080.0,18080.0,0,West,Online
107836,CUST01121,2025-08-11,Beauty,1,4481.0,0.0,0.0,4481.0,4481.0,0,Central,Marketplace
107837,CUST01062,2024-08-15,Sports,5,4261.5,0.15,3196.12,21307.5,-18111.38,1,Central,Marketplace
107838,CUST00950,2025-08-09,Sports,5,1190.46,0.15,892.84,5952.3,5059.46,0,South,Online
107839,CUST00431,2025-04-28,Grocery,1,2748.43,0.05,137.42,2748.43,2611.01,0,East,Online
107840,CUST00053,2024-05-12,Apparel,4,1639.23,0.0,0.0,6556.92,6556.92,0,North,Online
107841,CUST00672,2024-02-21,Apparel,1,0.0,0.25,0.0,0.0,0.0,0,West,Retail Store
107842,CUST01162,2024-07-15,Grocery,3,4286.15,0.1,1285.85,12858.45,-11572.6,1,East,Retail Store
107843,CUST00686,2025-10-20,Home & Kitchen,2,1575.55,0.0,0.0,3151.1,3151.1,0,South,Online
107844,CUST00750,2025-03-19,Grocery,1,509.13,0.0,0.0,509.13,509.13,0,Central,Online
107845,CUST00442,2024-07-27,Electronics,5,3040.28,0.1,1520.14,15201.4,13681.26,0,West,Online
107846,CUST01168,2025-02-07,Home & Kitchen,3,4965.58,0.0,0.0,14896.74,14896.74,0,East,Online
107847,CUST01075,2024-06-28,Sports,2,4139.8,0.0,0.0,8279.6,8279.6,0,West,Retail Store
107848,CUST00689,2024-07-10,Electronics,5,1296.34,0.15,972.25,6481.7,5509.45,0,West,Online
107849,CUST01029,2025-07-31,Home & Kitchen,1,1648.33,0.0,0.0,1648.33,1648.33,0,Central,Online
107850,CUST00626,2024-01-07,Sports,2,4110.19,0.1,822.04,8220.38,7398.34,0,West,Retail Store
107851,CUST00479,2025-11-01,Electronics,2,2800.9,0.0,0.0,5601.8,5601.8,0,Central,Mobile App
107852,CUST00334,2024-07-17,Grocery,2,4628.48,0.0,0.0,9256.96,9256.96,0,Central,Online
107853,CUST00367,2025-04-08,Beauty,1,568.94,0.0,0.0,568.94,-568.94,1,East,Retail Store
107854,CUST00454,2025-06-23,Grocery,5,4841.12,0.05,1210.28,24205.6,22995.32,0,South,Online
107855,CUST00641,2024-09-15,Sports,2,1484.47,0.0,0.0,2968.94,2968.94,0,South,Retail Store
107856,CUST00387,2025-03-21,Electronics,5,1096.38,0.1,548.19,5481.9,4933.71,0,Central,Marketplace
107857,CUST00004,2024-11-07,Home & Kitchen,1,4788.15,0.0,0.0,4788.15,4788.15,0,East,Online
107858,CUST00609,2025-03-30,Beauty,2,1368.74,0.05,136.87,2737.48,2600.61,0,East,Marketplace
107859,CUST01111,2025-08-07,Apparel,2,4829.57,0.0,0.0,9659.14,9659.14,0,West,Retail Store
107860,CUST00212,2024-11-19,Electronics,2,734.78,0.0,0.0,1469.56,1469.56,0,East,Retail Store
107861,CUST00952,2025-09-12,Home & Kitchen,1,3710.12,0.0,0.0,3710.12,3710.12,0,North,Online
107862,CUST01055,2024-12-19,Home & Kitchen,5,3977.67,0.0,0.0,19888.35,19888.35,0,East,Online
107863,CUST01141,2024-12-21,Apparel,5,4845.42,0.0,0.0,24227.1,-24227.1,1,North,Retail Store
107864,CUST01046,2025-09-20,Beauty,4,943.08,0.25,943.08,3772.32,2829.24,0,Central,Marketplace
107865,CUST00785,2024-05-02,Beauty,5,0.0,0.0,0.0,0.0,0.0,0,West,Retail Store
107866,CUST00215,2025-09-28,Electronics,4,983.32,0.0,0.0,3933.28,3933.28,0,West,Online
107867,CUST00652,2024-12-22,Sports,5,3046.67,0.0,0.0,15233.35,15233.35,0,South,Online
107868,CUST01159,2024-10-09,Sports,4,2599.46,0.1,1039.78,10397.84,9358.06,0,South,Retail Store
107869,CUST00265,2024-08-19,Beauty,2,964.5,0.0,0.0,1929.0,1929.0,0,North,Online
107870,CUST00207,2024-05-27,Apparel,1,1533.63,0.0,0.0,1533.63,1533.63,0,South,Online
107871,CUST00214,2025-06-26,Sports,3,3588.92,0.15,1615.01,10766.76,9151.75,0,West,Mobile App
107872,CUST00672,2024-02-17,Apparel,3,3208.54,0.0,0.0,9625.62,9625.62,0,West,Retail Store
107873,CUST01053,2024-12-16,Apparel,1,630.51,0.0,0.0,630.51,630.51,0,East,Retail Store
107874,CUST00251,2024-08-28,Apparel,5,3714.37,0.0,0.0,18571.85,18571.85,0,North,Online
107875,CUST00727,2025-04-10,Sports,4,2353.96,0.0,0.0,9415.84,9415.84,0,East,Online
107876,CUST00869,2024-11-05,Apparel,4,658.59,0.15,395.15,2634.36,2239.21,0,West,Marketplace
107878,CUST00900,2024-10-15,Electronics,3,2980.2,0.0,0.0,8940.6,8940.6,0,West,Online
107879,CUST00475,2025-07-07,Electronics,3,306.74,0.0,0.0,920.22,920.22,0,East,Online
107880,CUST00998,2025-05-30,Apparel,5,1955.56,0.0,0.0,9777.8,-9777.8,1,Central,Retail Store
107883,CUST00070,2024-08-09,Apparel,1,4355.97,0.0,0.0,4355.97,4355.97,0,South,Marketplace
107884,CUST00366,2025-12-26,Apparel,3,887.43,0.25,665.57,2662.29,1996.72,0,South,Online
107887,CUST00925,2024-10-10,Apparel,3,3756.51,0.0,0.0,11269.53,11269.53,0,East,Online
107888,CUST01010,2024-08-05,Grocery,1,1113.93,0.05,55.7,1113.93,1058.23,0,Central,Online
107889,CUST00254,2024-02-24,Beauty,3,3207.85,0.0,0.0,9623.55,9623.55,0,Central,Mobile App
107890,CUST00840,2025-01-22,Apparel,1,3170.75,0.0,0.0,3170.75,3170.75,0,North,Retail Store
107891,CUST00584,2025-04-14,Sports,5,3901.64,0.1,1950.82,19508.2,17557.38,0,Central,Marketplace
107892,CUST00176,2024-12-09,Sports,5,3698.69,0.05,924.67,18493.45,17568.78,0,West,Retail Store
107893,CUST00507,2025-06-14,Sports,2,1609.14,0.05,160.91,3218.28,3057.37,0,East,Retail Store
107894,CUST00744,2024-10-31,Beauty,1,392.6,0.0,0.0,392.6,392.6,0,East,Online
107895,CUST00085,2025-07-16,Electronics,5,912.42,0.0,0.0,4562.1,4562.1,0,East,Marketplace
107896,CUST00711,2025-06-24,Apparel,5,1638.8,0.0,0.0,8194.0,-8194.0,1,North,Mobile App
107897,CUST00714,2025-01-11,Electronics,5,4981.78,0.0,0.0,24908.9,24908.9,0,West,Retail Store
107898,CUST00099,2024-08-16,Grocery,3,1816.34,0.0,0.0,5449.02,5449.02,0,East,Marketplace
107899,CUST00815,2025-02-20,Home & Kitchen,5,3450.84,0.15,2588.13,17254.2,14666.07,0,South,Online
107900,CUST00913,2025-02-04,Grocery,3,2786.05,0.05,417.91,8358.15,7940.24,0,West,Retail Store
107901,CUST00480,2025-01-26,Home & Kitchen,3,837.86,0.0,0.0,2513.58,2513.58,0,West,Online
107902,CUST00116,2025-11-06,Grocery,5,2818.0,0.05,704.5,14090.0,13385.5,0,Central,Online
107903,CUST00379,2024-04-26,Home & Kitchen,4,1342.91,0.0,0.0,5371.64,-5371.64,1,West,Retail Store
107904,CUST00219,2024-09-22,Sports,3,3070.71,0.0,0.0,9212.13,9212.13,0,North,Online
107905,CUST00751,2025-05-22,Home & Kitchen,1,1458.15,0.0,0.0,1458.15,1458.15,0,West,Marketplace
107906,CUST00265,2024-08-08,Sports,5,4401.71,0.0,0.0,22008.55,22008.55,0,North,Online
107907,CUST01152,2025-07-09,Apparel,3,3786.27,0.0,0.0,11358.81,11358.81,0,South,Retail Store
107908,CUST00355,2025-05-31,Home & Kitchen,5,1612.43,0.0,0.0,8062.15,8062.15,0,Central,Online
107909,CUST00103,2024-10-08,Apparel,3,1380.87,0.0,0.0,4142.61,4142.61,0,East,Retail Store
107910,CUST01093,2024-03-09,Electronics,4,2241.82,0.0,0.0,8967.28,8967.28,0,Central,Online
107911,CUST00880,2024-03-30,Beauty,2,0.0,0.1,0.0,0.0,0.0,0,East,Online
107912,CUST00991,2025-08-21,Sports,1,4355.37,0.0,0.0,4355.37,4355.37,0,North,Marketplace
107913,CUST00412,2025-07-01,Apparel,5,687.63,0.0,0.0,3438.15,3438.15,0,North,Retail Store
107914,CUST01126,2024-02-02,Grocery,5,1650.27,0.15,1237.7,8251.35,7013.65,0,East,Online
107915,CUST00312,2024-06-18,Electronics,5,2223.44,0.0,0.0,11117.2,11117.2,0,West,Online
107916,CUST00152,2024-08-07,Beauty,1,4152.36,0.0,0.0,4152.36,4152.36,0,North,Retail Store
107917,CUST00790,2025-08-09,Sports,4,3684.02,0.0,0.0,14736.08,14736.08,0,East,Online
107918,CUST00060,2024-09-09,Grocery,3,602.07,0.0,0.0,1806.21,1806.21,0,West,Online
107919,CUST00107,2024-07-28,Apparel,1,404.12,0.05,20.21,404.12,383.91,0,West,Marketplace
107920,CUST00772,2024-06-04,Electronics,3,1134.28,0.1,340.28,3402.84,3062.56,0,South,Mobile App
107921,CUST00158,2025-02-18,Electronics,2,950.76,0.0,0.0,1901.52,1901.52,0,East,Retail Store
107922,CUST00077,2024-08-04,Sports,3,4544.18,0.15,2044.88,13632.54,11587.66,0,East,Online
107923,CUST00355,2025-06-07,Grocery,5,1423.88,0.1,711.94,7119.4,6407.46,0,Central,Online
107924,CUST00836,2024-05-18,Grocery,2,2264.49,0.0,0.0,4528.98,4528.98,0,Central,Marketplace
107925,CUST01146,2025-01-28,Beauty,2,988.14,0.25,494.07,1976.28,1482.21,0,South,Online
107926,CUST01059,2025-02-15,Grocery,3,3433.63,0.0,0.0,10300.89,10300.89,0,East,Retail Store
107927,CUST00271,2024-07-23,Apparel,3,4878.99,0.0,0.0,14636.97,14636.97,0,South,Online
107928,CUST00130,2025-03-24,Grocery,1,262.23,0.0,0.0,262.23,262.23,0,East,Marketplace
107929,CUST00478,2025-03-01,Electronics,5,4028.09,0.0,0.0,20140.45,20140.45,0,East,Marketplace
107930,CUST00951,2025-09-22,Sports,2,3243.17,0.0,0.0,6486.34,6486.34,0,East,Mobile App
107931,CUST01155,2024-12-24,Sports,3,2873.15,0.0,0.0,8619.45,8619.45,0,Central,Online
107932,CUST00100,2025-07-15,Electronics,2,1785.48,0.15,535.64,3570.96,3035.32,0,West,Online
107933,CUST00198,2025-04-07,Sports,5,4407.88,0.05,1101.97,22039.4,20937.43,0,West,Retail Store
107934,CUST00812,2024-10-12,Grocery,4,4781.87,0.25,4781.87,19127.48,14345.61,0,North,Online
107935,CUST01158,2025-08-17,Beauty,5,4351.8,0.15,3263.85,21759.0,18495.15,0,North,Marketplace
107936,CUST00754,2024-09-26,Beauty,3,355.26,0.1,106.58,1065.78,959.2,0,West,Retail Store
107937,CUST00473,2024-05-25,Home & Kitchen,3,1154.83,0.15,519.67,3464.49,2944.82,0,West,Online
107938,CUST00243,2025-03-29,Home & Kitchen,2,1923.41,0.1,384.68,3846.82,3462.14,0,East,Marketplace
107939,CUST00185,2025-02-08,Sports,5,1118.05,0.0,0.0,5590.25,5590.25,0,North,Retail Store
107940,CUST00146,2025-03-20,Sports,1,2376.29,0.05,118.81,2376.29,2257.48,0,West,Marketplace
107941,CUST00087,2024-11-21,Electronics,5,4763.3,0.0,0.0,23816.5,23816.5,0,South,Retail Store
107942,CUST00470,2025-03-27,Home & Kitchen,3,4740.54,0.0,0.0,14221.62,14221.62,0,West,Marketplace
107943,CUST00233,2024-07-05,Grocery,1,554.96,0.0,0.0,554.96,554.96,0,Central,Online
107944,CUST00055,2024-04-13,Electronics,1,4259.67,0.0,0.0,4259.67,4259.67,0,West,Marketplace
107946,CUST00136,2025-08-20,Apparel,5,4084.41,0.0,0.0,20422.05,20422.05,0,East,Online
107947,CUST00168,2024-11-28,Apparel,5,4207.57,0.05,1051.89,21037.85,19985.96,0,West,Online
107948,CUST00911,2025-04-19,Apparel,1,4458.95,0.0,0.0,4458.95,4458.95,0,Central,Marketplace
107949,CUST01127,2025-03-05,Grocery,5,3476.05,0.25,4345.06,17380.25,13035.19,0,East,Online
107950,CUST00219,2024-06-17,Electronics,4,677.11,0.15,406.27,2708.44,2302.17,0,North,Online
107951,CUST01059,2024-07-25,Home & Kitchen,4,1340.53,0.1,536.21,5362.12,4825.91,0,East,Retail Store
107952,CUST00702,2024-11-22,Apparel,5,3500.75,0.0,0.0,17503.75,-17503.75,1,East,Retail Store
107953,CUST00458,2025-02-05,Apparel,5,0.0,0.0,0.0,0.0,0.0,0,South,Online
107954,CUST01112,2025-04-19,Sports,2,2362.02,0.0,0.0,4724.04,4724.04,0,Central,Online
107955,CUST01094,2025-08-29,Electronics,4,4568.58,0.0,0.0,18274.32,18274.32,0,West,Retail Store
107956,CUST00984,2024-07-05,Beauty,1,300.67,0.0,0.0,300.67,300.67,0,South,Retail Store
107957,CUST00999,2025-07-27,Home & Kitchen,4,1559.33,0.0,0.0,6237.32,6237.32,0,South,Online
107958,CUST00832,2024-10-05,Apparel,1,2219.22,0.4,887.69,2219.22,1331.53,0,East,Marketplace
107959,CUST00757,2025-04-07,Apparel,3,2292.59,0.05,343.89,6877.77,6533.88,0,South,Online
107960,CUST00466,2024-08-22,Electronics,2,3655.3,0.0,0.0,7310.6,7310.6,0,Central,Retail Store
107961,CUST01095,2025-11-30,Apparel,4,2887.59,0.15,1732.55,11550.36,9817.81,0,North,Retail Store
107962,CUST00255,2025-01-20,Grocery,4,3335.09,0.05,667.02,13340.36,-12673.34,1,South,Marketplace
107963,CUST00169,2025-07-13,Sports,4,465.96,0.0,0.0,1863.84,1863.84,0,North,Online
107964,CUST00539,2025-02-08,Beauty,1,1455.9,0.1,145.59,1455.9,1310.31,0,South,Online
107965,CUST00163,2025-04-19,Sports,1,1868.62,0.25,467.16,1868.62,1401.46,0,South,Marketplace
107966,CUST00945,2024-05-27,Sports,3,2673.15,0.0,0.0,8019.45,8019.45,0,East,Online
107967,CUST00723,2025-11-06,Sports,1,3849.47,0.0,0.0,3849.47,3849.47,0,East,Online
107968,CUST00718,2025-12-27,Electronics,5,4858.63,0.0,0.0,24293.15,24293.15,0,West,Retail Store
107970,CUST00740,2024-05-21,Home & Kitchen,3,2602.1,0.0,0.0,7806.3,-7806.3,1,East,Retail Store
107971,CUST00707,2025-08-12,Apparel,3,3761.16,0.05,564.17,11283.48,10719.31,0,South,Retail Store
107972,CUST00797,2024-07-20,Grocery,5,4404.01,0.0,0.0,22020.05,22020.05,0,West,Online
107973,CUST00207,2024-11-27,Home & Kitchen,4,653.55,0.25,653.55,2614.2,1960.65,0,South,Online
107974,CUST00653,2024-02-29,Beauty,3,2538.93,0.0,0.0,7616.79,7616.79,0,North,Online
107975,CUST00308,2024-10-26,Sports,5,3480.83,0.05,870.21,17404.15,16533.94,0,East,Retail Store
107976,CUST00603,2025-04-07,Home & Kitchen,4,1294.52,0.05,258.9,5178.08,4919.18,0,Central,Retail Store
107977,CUST01113,2024-08-13,Grocery,4,4466.16,0.0,0.0,17864.64,17864.64,0,South,Marketplace
107978,CUST00854,2024-05-23,Grocery,4,3626.54,0.0,0.0,14506.16,14506.16,0,West,Marketplace
107979,CUST00232,2024-05-12,Beauty,3,3064.78,0.0,0.0,9194.34,9194.34,0,West,Retail Store
107980,CUST01139,2025-03-07,Sports,1,677.86,0.15,101.68,677.86,576.18,0,North,Online
107981,CUST00934,2024-08-20,Sports,2,4713.31,0.0,0.0,9426.62,9426.62,0,East,Online
107982,CUST00428,2025-02-07,Electronics,1,1840.71,0.0,0.0,1840.71,-1840.71,1,South,Marketplace
107983,CUST00061,2024-10-05,Electronics,1,2960.59,0.0,0.0,2960.59,2960.59,0,West,Online
107984,CUST00050,2025-07-30,Sports,3,3854.46,0.0,0.0,11563.38,11563.38,0,East,Marketplace
107985,CUST00027,2024-11-14,Beauty,5,2130.61,0.4,4261.22,10653.05,6391.83,0,Central,Retail Store
107986,CUST00652,2025-02-07,Electronics,1,3852.26,0.0,0.0,3852.26,-3852.26,1,South,Online
107987,CUST00433,2024-08-13,Home & Kitchen,5,1473.69,0.0,0.0,7368.45,7368.45,0,East,Online
107988,CUST00020,2025-02-18,Beauty,2,2820.27,0.05,282.03,5640.54,5358.51,0,Central,Online
107989,CUST00371,2024-04-20,Grocery,2,1319.55,0.15,395.86,2639.1,-2243.24,1,South,Marketplace
107990,CUST00386,2025-09-04,Electronics,1,1782.3,0.1,178.23,1782.3,1604.07,0,Central,Online
107991,CUST00032,2024-07-14,Apparel,1,2264.93,0.05,113.25,2264.93,2151.68,0,South,Mobile App
107992,CUST00058,2025-06-08,Home & Kitchen,3,630.76,0.05,94.61,1892.28,1797.67,0,Central,Retail Store
107993,CUST00805,2025-12-17,Apparel,4,2742.82,0.05,548.56,10971.28,-10422.72,1,South,Marketplace
107994,CUST00090,2025-07-28,Apparel,4,1857.02,0.15,1114.21,7428.08,6313.87,0,South,Online
107995,CUST01004,2024-08-12,Sports,4,0.0,0.0,0.0,0.0,0.0,0,East,Online
107996,CUST00615,2024-04-29,Electronics,1,3769.49,0.0,0.0,3769.49,3769.49,0,South,Marketplace
107997,CUST00463,2025-05-30,Sports,4,0.0,0.0,0.0,0.0,0.0,0,South,Mobile App
107999,CUST00044,2025-02-26,Grocery,1,4677.13,0.0,0.0,4677.13,4677.13,0,North,Marketplace
108000,CUST00843,2024-10-22,Grocery,2,3090.8,0.0,0.0,6181.6,-6181.6,1,East,Retail Store
108001,CUST00139,2025-02-12,Electronics,3,1550.88,0.0,0.0,4652.64,4652.64,0,East,Online
108002,CUST00042,2024-02-06,Electronics,2,4044.49,0.0,0.0,8088.98,-8088.98,1,Central,Retail Store
108003,CUST00570,2024-08-22,Electronics,1,508.42,0.0,0.0,508.42,508.42,0,East,Retail Store
108004,CUST01031,2025-02-07,Home & Kitchen,3,392.94,0.1,117.88,1178.82,1060.94,0,North,Online
108005,CUST00002,2025-04-02,Electronics,5,1816.66,0.0,0.0,9083.3,9083.3,0,East,Online
108007,CUST01129,2025-03-28,Electronics,1,2639.64,0.0,0.0,2639.64,2639.64,0,Central,Marketplace
108008,CUST00641,2024-08-12,Apparel,4,1874.38,0.15,1124.63,7497.52,6372.89,0,South,Retail Store
108009,CUST00568,2024-05-08,Grocery,3,3272.65,0.0,0.0,9817.95,9817.95,0,North,Online
108010,CUST00364,2025-05-05,Apparel,3,1740.32,0.15,783.14,5220.96,4437.82,0,West,Retail Store
108012,CUST00188,2025-03-19,Beauty,5,1223.34,0.0,0.0,6116.7,6116.7,0,North,Retail Store
108013,CUST00564,2025-06-07,Electronics,2,4789.43,0.0,0.0,9578.86,9578.86,0,North,Marketplace
108014,CUST00203,2024-07-03,Home & Kitchen,3,3904.78,0.15,1757.15,11714.34,9957.19,0,East,Retail Store
108015,CUST00561,2025-03-30,Apparel,4,2967.1,0.1,1186.84,11868.4,10681.56,0,West,Online
108016,CUST00436,2024-05-18,Sports,1,3554.48,0.0,0.0,3554.48,3554.48,0,Central,Online
108017,CUST00995,2024-07-16,Grocery,5,932.19,0.1,466.1,4660.95,4194.85,0,West,Marketplace
108018,CUST01051,2025-08-08,Home & Kitchen,4,1987.64,0.0,0.0,7950.56,7950.56,0,East,Mobile App
108019,CUST01200,2024-11-24,Sports,3,3735.52,0.0,0.0,11206.56,11206.56,0,Central,Online
108021,CUST00413,2025-03-15,Apparel,5,1614.29,0.25,2017.86,8071.45,6053.59,0,North,Mobile App
108022,CUST00996,2025-01-28,Sports,2,300.59,0.0,0.0,601.18,601.18,0,Central,Online
108023,CUST00611,2025-02-04,Electronics,5,1633.67,0.0,0.0,8168.35,8168.35,0,West,Mobile App
108024,CUST00681,2025-06-11,Sports,4,3888.1,0.05,777.62,15552.4,14774.78,0,North,Online
108025,CUST00336,2024-04-10,Grocery,5,3900.25,0.15,2925.19,19501.25,16576.06,0,West,Online
108026,CUST00363,2024-07-08,Grocery,2,3882.39,0.0,0.0,7764.78,7764.78,0,South,Online
108027,CUST00654,2025-07-23,Electronics,4,4825.53,0.25,4825.53,19302.12,-14476.59,1,Central,Retail Store
108028,CUST01138,2024-07-05,Sports,2,2748.81,0.4,2199.05,5497.62,3298.57,0,South,Online
108029,CUST00894,2025-06-12,Electronics,1,1236.07,0.0,0.0,1236.07,1236.07,0,South,Retail Store
108030,CUST00577,2024-09-09,Beauty,5,3038.36,0.25,3797.95,15191.8,11393.85,0,North,Marketplace
108031,CUST00447,2024-07-11,Apparel,5,3057.35,0.1,1528.68,15286.75,13758.07,0,North,Online
108032,CUST00501,2024-11-04,Sports,2,1078.75,0.05,107.88,2157.5,2049.62,0,South,Marketplace
108033,CUST00435,2025-02-13,Electronics,5,1520.32,0.05,380.08,7601.6,7221.52,0,North,Online
108034,CUST01029,2025-10-26,Apparel,1,3473.94,0.0,0.0,3473.94,3473.94,0,Central,Online
108035,CUST00573,2024-06-20,Sports,2,3653.0,0.1,730.6,7306.0,6575.4,0,East,Marketplace
108036,CUST00520,2025-07-06,Electronics,5,1042.63,0.0,0.0,5213.15,5213.15,0,Central,Marketplace
108037,CUST00625,2025-06-01,Electronics,1,531.43,0.0,0.0,531.43,531.43,0,North,Online
108038,CUST01008,2025-11-17,Apparel,3,2967.98,0.0,0.0,8903.94,8903.94,0,North,Online
108039,CUST00856,2025-05-24,Sports,4,0.0,0.1,0.0,0.0,0.0,0,East,Retail Store
108040,CUST00446,2025-08-10,Home & Kitchen,3,1889.57,0.0,0.0,5668.71,5668.71,0,North,Marketplace
108041,CUST00914,2024-09-25,Apparel,5,1838.84,0.0,0.0,9194.2,9194.2,0,East,Retail Store
108042,CUST01097,2025-02-24,Beauty,4,2375.87,0.0,0.0,9503.48,9503.48,0,West,Online
108043,CUST00519,2025-12-08,Sports,2,2420.48,0.05,242.05,4840.96,4598.91,0,West,Online
108044,CUST00167,2025-02-08,Apparel,2,4791.1,0.0,0.0,9582.2,9582.2,0,North,Online
108045,CUST01057,2025-06-25,Sports,5,2222.98,0.05,555.74,11114.9,10559.16,0,East,Marketplace
108046,CUST00602,2024-08-23,Apparel,4,2355.32,0.0,0.0,9421.28,9421.28,0,East,Online
108047,CUST00729,2025-02-16,Apparel,5,4045.17,0.4,8090.34,20225.85,12135.51,0,East,Online
108048,CUST00237,2024-10-27,Electronics,3,2024.41,0.0,0.0,6073.23,6073.23,0,West,Online
108050,CUST00169,2024-10-12,Electronics,3,3460.87,0.0,0.0,10382.61,10382.61,0,North,Online
108051,CUST00360,2025-03-13,Grocery,3,1911.84,0.0,0.0,5735.52,5735.52,0,North,Online
108053,CUST00720,2024-06-18,Apparel,1,3399.44,0.0,0.0,3399.44,3399.44,0,Central,Online
108054,CUST00191,2024-12-05,Beauty,2,3666.58,0.0,0.0,7333.16,7333.16,0,South,Online
108055,CUST00719,2024-11-24,Electronics,5,1140.88,0.0,0.0,5704.4,5704.4,0,South,Marketplace
108056,CUST00529,2025-08-17,Electronics,1,3084.3,0.0,0.0,3084.3,3084.3,0,South,Online
108057,CUST00603,2025-05-19,Beauty,4,2745.83,0.25,2745.83,10983.32,8237.49,0,Central,Retail Store
108058,CUST01032,2024-02-19,Home & Kitchen,3,1733.19,0.15,779.94,5199.57,4419.63,0,West,Online
108059,CUST00067,2025-08-17,Apparel,5,0.0,0.0,0.0,0.0,0.0,0,North,Online
108060,CUST00836,2024-05-18,Home & Kitchen,5,3360.74,0.1,1680.37,16803.7,15123.33,0,Central,Marketplace
108061,CUST01170,2024-06-14,Beauty,4,3827.91,0.0,0.0,15311.64,15311.64,0,North,Online
108062,CUST00087,2025-02-24,Apparel,4,2724.39,0.05,544.88,10897.56,10352.68,0,South,Retail Store
108063,CUST00935,2025-06-18,Sports,3,2980.16,0.0,0.0,8940.48,8940.48,0,East,Online
108064,CUST00171,2025-07-03,Sports,1,2835.82,0.0,0.0,2835.82,-2835.82,1,East,Retail Store
108065,CUST01053,2025-06-25,Sports,1,4682.88,0.0,0.0,4682.88,4682.88,0,East,Retail Store
108066,CUST00889,2024-09-03,Beauty,2,1706.6,0.0,0.0,3413.2,3413.2,0,South,Mobile App
108067,CUST00379,2024-12-10,Sports,5,3278.37,0.0,0.0,16391.85,16391.85,0,West,Retail Store
108068,CUST01193,2025-04-07,Grocery,5,4412.38,0.0,0.0,22061.9,22061.9,0,East,Marketplace
108069,CUST00416,2024-06-14,Home & Kitchen,3,3522.67,0.15,1585.2,10568.01,8982.81,0,Central,Marketplace
108070,CUST00926,2025-02-19,Grocery,1,756.57,0.0,0.0,756.57,756.57,0,South,Marketplace
108071,CUST01091,2025-01-02,Grocery,1,2325.87,0.0,0.0,2325.87,2325.87,0,South,Online
108073,CUST00184,2025-05-07,Apparel,2,577.77,0.05,57.78,1155.54,1097.76,0,North,Mobile App
108074,CUST00328,2024-09-05,Grocery,1,1087.78,0.15,163.17,1087.78,924.61,0,North,Online
108075,CUST00134,2025-04-24,Beauty,4,2345.77,0.0,0.0,9383.08,-9383.08,1,Central,Online
108076,CUST00381,2024-11-26,Home & Kitchen,5,2417.49,0.0,0.0,12087.45,12087.45,0,South,Mobile App
108077,CUST00230,2025-05-05,Electronics,2,4730.03,0.05,473.0,9460.06,8987.06,0,South,Mobile App
108078,CUST00564,2025-04-21,Apparel,5,2322.08,0.0,0.0,11610.4,11610.4,0,North,Marketplace
108079,CUST00566,2024-04-12,Electronics,2,4699.9,0.0,0.0,9399.8,9399.8,0,Central,Marketplace
108080,CUST00677,2025-09-26,Apparel,3,2990.03,0.15,1345.51,8970.09,7624.58,0,East,Online
108081,CUST00915,2025-08-20,Grocery,5,1859.83,0.0,0.0,9299.15,9299.15,0,East,Marketplace
108082,CUST00554,2024-05-29,Sports,2,3784.25,0.25,1892.12,7568.5,-5676.38,1,West,Online
108083,CUST01126,2024-01-26,Apparel,4,3377.59,0.0,0.0,13510.36,13510.36,0,East,Online
108084,CUST00619,2025-08-24,Home & Kitchen,4,1833.09,0.0,0.0,7332.36,7332.36,0,West,Online
108085,CUST00973,2025-10-21,Beauty,2,765.89,0.0,0.0,1531.78,1531.78,0,East,Retail Store
108086,CUST00336,2024-05-13,Apparel,5,527.84,0.0,0.0,2639.2,2639.2,0,West,Online
108088,CUST00845,2025-06-05,Apparel,1,4857.26,0.0,0.0,4857.26,4857.26,0,Central,Online
108089,CUST00742,2025-05-19,Apparel,3,720.88,0.0,0.0,2162.64,2162.64,0,North,Online
108090,CUST00641,2025-06-01,Beauty,3,4709.58,0.0,0.0,14128.74,14128.74,0,South,Retail Store
108091,CUST00446,2025-08-25,Apparel,4,4368.78,0.05,873.76,17475.12,16601.36,0,North,Marketplace
108092,CUST00171,2025-07-31,Apparel,2,922.98,0.15,276.89,1845.96,1569.07,0,East,Retail Store
108094,CUST00240,2024-12-19,Electronics,3,230.78,0.15,103.85,692.34,588.49,0,East,Online
108096,CUST00473,2024-03-20,Sports,2,577.86,0.05,57.79,1155.72,-1097.93,1,West,Online
108097,CUST00909,2024-10-30,Apparel,3,3581.67,0.0,0.0,10745.01,10745.01,0,South,Marketplace
108098,CUST00780,2025-06-29,Sports,1,315.59,0.05,15.78,315.59,299.81,0,Central,Marketplace
108099,CUST00241,2025-04-14,Sports,5,4455.49,0.0,0.0,22277.45,22277.45,0,Central,Online
108100,CUST00181,2025-10-06,Sports,3,2676.82,0.25,2007.62,8030.46,-6022.84,1,West,Online
108101,CUST00258,2024-08-31,Apparel,3,510.24,0.0,0.0,1530.72,1530.72,0,Central,Retail Store
108102,CUST00176,2025-04-18,Grocery,4,2138.59,0.0,0.0,8554.36,8554.36,0,West,Retail Store
108103,CUST00093,2024-08-22,Beauty,5,4653.43,0.05,1163.36,23267.15,22103.79,0,North,Online
108104,CUST01179,2025-02-02,Apparel,1,2847.54,0.4,1139.02,2847.54,1708.52,0,East,Marketplace
108105,CUST00116,2025-11-10,Apparel,1,1269.94,0.05,63.5,1269.94,1206.44,0,Central,Online
108106,CUST00717,2025-01-02,Sports,2,3222.53,0.0,0.0,6445.06,6445.06,0,Central,Online
108107,CUST00010,2025-01-10,Beauty,3,1820.52,0.15,819.23,5461.56,4642.33,0,East,Mobile App
108109,CUST01067,2024-12-08,Electronics,1,2806.85,0.0,0.0,2806.85,2806.85,0,Central,Online
108110,CUST00448,2024-08-17,Electronics,1,1457.07,0.0,0.0,1457.07,1457.07,0,East,Marketplace
108111,CUST00170,2024-11-13,Beauty,5,2044.88,0.05,511.22,10224.4,9713.18,0,East,Marketplace
108112,CUST00665,2025-06-13,Electronics,5,3564.69,0.0,0.0,17823.45,17823.45,0,South,Online
108113,CUST00182,2024-05-27,Home & Kitchen,5,2715.53,0.25,3394.41,13577.65,-10183.24,1,North,Retail Store
108114,CUST00883,2025-05-21,Apparel,3,908.75,0.0,0.0,2726.25,2726.25,0,Central,Marketplace
108115,CUST01071,2024-09-28,Electronics,2,1335.99,0.0,0.0,2671.98,2671.98,0,South,Online
108116,CUST00459,2024-09-13,Grocery,3,4783.88,0.0,0.0,14351.64,14351.64,0,South,Online
108117,CUST00089,2025-10-08,Sports,5,1107.8,0.0,0.0,5539.0,5539.0,0,South,Retail Store
108118,CUST01067,2024-10-28,Apparel,3,4653.76,0.25,3490.32,13961.28,10470.96,0,Central,Online
108119,CUST00993,2025-06-20,Grocery,1,3126.72,0.0,0.0,3126.72,3126.72,0,West,Retail Store
108120,CUST00041,2025-07-04,Home & Kitchen,3,4988.63,0.1,1496.59,14965.89,13469.3,0,South,Online
108121,CUST00853,2025-03-19,Apparel,5,1709.63,0.0,0.0,8548.15,8548.15,0,East,Marketplace
108122,CUST00092,2024-03-13,Sports,3,3266.47,0.0,0.0,9799.41,9799.41,0,West,Online
108123,CUST00956,2024-11-03,Grocery,3,832.47,0.1,249.74,2497.41,2247.67,0,East,Online
108124,CUST00220,2024-07-28,Beauty,1,2391.77,0.0,0.0,2391.77,2391.77,0,West,Retail Store
108125,CUST00308,2024-09-21,Apparel,4,573.01,0.0,0.0,2292.04,2292.04,0,East,Retail Store
108126,CUST00920,2024-02-10,Beauty,2,4903.92,0.0,0.0,9807.84,9807.84,0,South,Retail Store
108127,CUST00933,2025-01-11,Electronics,2,1694.57,0.0,0.0,3389.14,3389.14,0,North,Online
108129,CUST00583,2024-07-17,Beauty,2,3475.22,0.0,0.0,6950.44,6950.44,0,South,Online
108130,CUST01169,2024-04-29,Electronics,3,3950.63,0.0,0.0,11851.89,11851.89,0,East,Marketplace
108131,CUST00709,2025-03-18,Electronics,1,4633.69,0.0,0.0,4633.69,4633.69,0,South,Online
108132,CUST00888,2024-07-18,Sports,2,3504.41,0.1,700.88,7008.82,6307.94,0,North,Marketplace
108133,CUST00290,2025-01-08,Grocery,1,1273.29,0.1,127.33,1273.29,1145.96,0,South,Marketplace
108134,CUST00195,2024-10-07,Home & Kitchen,5,4030.51,0.0,0.0,20152.55,20152.55,0,South,Online
108135,CUST01098,2025-06-18,Home & Kitchen,3,1511.3,0.0,0.0,4533.9,4533.9,0,East,Marketplace
108136,CUST00129,2024-08-25,Beauty,5,492.18,0.05,123.05,2460.9,2337.85,0,West,Online
108137,CUST01165,2025-07-30,Grocery,5,3696.66,0.15,2772.5,18483.3,15710.8,0,West,Online
108138,CUST01027,2024-08-21,Sports,2,1355.39,0.0,0.0,2710.78,2710.78,0,North,Online
108139,CUST01012,2024-12-28,Apparel,3,4749.07,0.0,0.0,14247.21,14247.21,0,South,Mobile App
108140,CUST00836,2024-08-05,Apparel,1,782.81,0.15,117.42,782.81,665.39,0,Central,Marketplace
108141,CUST00958,2024-08-16,Apparel,2,1353.55,0.0,0.0,2707.1,2707.1,0,North,Online
108142,CUST00885,2024-09-27,Grocery,1,1085.83,0.25,271.46,1085.83,814.37,0,South,Online
108143,CUST01111,2024-12-30,Home & Kitchen,2,4027.67,0.1,805.53,8055.34,7249.81,0,West,Retail Store
108144,CUST00151,2024-07-16,Grocery,1,0.0,0.25,0.0,0.0,0.0,0,West,Online
108145,CUST00974,2024-07-19,Electronics,3,947.77,0.1,284.33,2843.31,-2558.98,1,East,Retail Store
108146,CUST00816,2024-07-15,Home & Kitchen,2,4818.53,0.15,1445.56,9637.06,8191.5,0,West,Mobile App
108147,CUST00867,2025-12-06,Sports,2,3182.67,0.0,0.0,6365.34,6365.34,0,East,Marketplace
108148,CUST00972,2025-11-28,Electronics,3,306.38,0.05,45.96,919.14,873.18,0,West,Retail Store
108149,CUST00096,2024-04-08,Grocery,5,3237.05,0.0,0.0,16185.25,16185.25,0,North,Marketplace
108150,CUST00601,2025-01-19,Apparel,2,696.31,0.05,69.63,1392.62,1322.99,0,West,Retail Store
108151,CUST00252,2024-07-27,Grocery,5,4911.5,0.0,0.0,24557.5,24557.5,0,West,Online
108152,CUST00637,2024-04-15,Grocery,2,3003.82,0.05,300.38,6007.64,5707.26,0,North,Online
108153,CUST00688,2025-04-21,Sports,1,1921.47,0.0,0.0,1921.47,1921.47,0,South,Online
108154,CUST00686,2025-01-18,Sports,2,4612.19,0.0,0.0,9224.38,9224.38,0,South,Online
108155,CUST01184,2025-10-21,Sports,2,1892.29,0.0,0.0,3784.58,3784.58,0,South,Marketplace
108156,CUST00913,2025-03-15,Beauty,3,460.79,0.0,0.0,1382.37,1382.37,0,West,Retail Store
108157,CUST00340,2024-06-24,Electronics,3,0.0,0.0,0.0,0.0,0.0,0,West,Retail Store
108158,CUST00912,2024-09-26,Grocery,4,4358.94,0.0,0.0,17435.76,-17435.76,1,Central,Online
108159,CUST00657,2024-04-15,Apparel,4,2887.71,0.0,0.0,11550.84,11550.84,0,North,Online
108160,CUST00365,2025-09-03,Beauty,5,3467.68,0.15,2600.76,17338.4,14737.64,0,Central,Online
108161,CUST00095,2024-05-24,Electronics,1,2704.85,0.0,0.0,2704.85,2704.85,0,Central,Mobile App
108162,CUST00845,2025-05-08,Home & Kitchen,1,3541.96,0.0,0.0,3541.96,3541.96,0,Central,Online
108163,CUST00703,2025-09-17,Electronics,2,857.79,0.0,0.0,1715.58,-1715.58,1,North,Online
108164,CUST01196,2024-12-21,Home & Kitchen,2,3823.39,0.0,0.0,7646.78,7646.78,0,East,Online
108165,CUST00331,2025-07-29,Home & Kitchen,2,3112.99,0.05,311.3,6225.98,5914.68,0,West,Online
108166,CUST00308,2024-02-13,Apparel,2,0.0,0.0,0.0,0.0,0.0,0,East,Retail Store
108167,CUST01145,2024-11-20,Electronics,3,644.63,0.0,0.0,1933.89,1933.89,0,West,Online
108168,CUST00173,2024-09-11,Home & Kitchen,5,3563.55,0.0,0.0,17817.75,17817.75,0,North,Online
108169,CUST00635,2025-10-19,Electronics,3,3763.73,0.05,564.56,11291.19,10726.63,0,West,Online
108170,CUST00580,2025-02-20,Beauty,5,4320.56,0.0,0.0,21602.8,21602.8,0,East,Retail Store
108171,CUST01077,2025-08-29,Sports,4,2478.25,0.0,0.0,9913.0,9913.0,0,West,Online
108172,CUST00684,2025-12-16,Home & Kitchen,3,3984.8,0.15,1793.16,11954.4,10161.24,0,South,Retail Store
108173,CUST01124,2024-12-10,Electronics,3,1022.6,0.0,0.0,3067.8,3067.8,0,Central,Online
108175,CUST00337,2025-07-11,Sports,4,2813.59,0.0,0.0,11254.36,11254.36,0,Central,Mobile App
108176,CUST00534,2024-01-14,Beauty,1,4285.21,0.0,0.0,4285.21,4285.21,0,North,Online
108177,CUST01134,2025-03-19,Grocery,3,1849.15,0.1,554.74,5547.45,4992.71,0,North,Online
108179,CUST00660,2025-03-25,Electronics,5,4674.14,0.0,0.0,23370.7,-23370.7,1,East,Online
108180,CUST00294,2024-05-25,Electronics,4,1758.74,0.0,0.0,7034.96,7034.96,0,Central,Online
108181,CUST00481,2025-06-02,Electronics,1,0.0,0.0,0.0,0.0,0.0,0,North,Mobile App
108182,CUST01103,2024-04-22,Grocery,4,557.88,0.1,223.15,2231.52,2008.37,0,North,Online
108183,CUST01047,2025-02-22,Electronics,4,499.34,0.0,0.0,1997.36,1997.36,0,East,Marketplace
108184,CUST00603,2025-05-27,Sports,4,2181.74,0.05,436.35,8726.96,-8290.61,1,Central,Retail Store
108185,CUST00615,2025-06-19,Beauty,4,2446.1,0.05,489.22,9784.4,9295.18,0,South,Marketplace
108186,CUST00777,2025-01-31,Beauty,5,499.86,0.0,0.0,2499.3,2499.3,0,South,Marketplace
108187,CUST00894,2025-02-24,Sports,4,1232.94,0.0,0.0,4931.76,4931.76,0,South,Retail Store
108188,CUST00891,2024-12-05,Grocery,2,1579.02,0.1,315.8,3158.04,2842.24,0,North,Online
108189,CUST00782,2024-09-14,Electronics,2,2291.73,0.0,0.0,4583.46,4583.46,0,South,Marketplace
108190,CUST00670,2025-01-25,Sports,5,469.68,0.0,0.0,2348.4,2348.4,0,West,Online
108191,CUST00734,2025-07-15,Sports,2,417.94,0.15,125.38,835.88,-710.5,1,East,Online
108192,CUST00751,2025-06-12,Apparel,5,3555.58,0.15,2666.68,17777.9,15111.22,0,West,Marketplace
108193,CUST00339,2024-08-06,Beauty,5,2716.35,0.0,0.0,13581.75,13581.75,0,North,Marketplace
108194,CUST00703,2025-07-24,Sports,3,772.64,0.15,347.69,2317.92,1970.23,0,North,Online
108195,CUST01057,2025-06-27,Sports,2,1878.25,0.0,0.0,3756.5,-3756.5,1,East,Marketplace
108196,CUST00021,2024-08-04,Grocery,5,3495.24,0.25,4369.05,17476.2,13107.15,0,South,Online
108197,CUST00548,2025-09-22,Sports,4,2783.26,0.0,0.0,11133.04,11133.04,0,South,Mobile App
108198,CUST00840,2024-11-05,Grocery,2,2224.64,0.25,1112.32,4449.28,3336.96,0,North,Retail Store
108199,CUST01196,2024-07-06,Home & Kitchen,1,3260.99,0.0,0.0,3260.99,3260.99,0,East,Online
108200,CUST00587,2025-02-11,Beauty,5,1119.56,0.0,0.0,5597.8,5597.8,0,North,Online
108201,CUST00385,2024-08-04,Apparel,1,2699.14,0.05,134.96,2699.14,2564.18,0,North,Marketplace
108202,CUST00895,2025-04-11,Electronics,5,3601.98,0.0,0.0,18009.9,18009.9,0,North,Mobile App
108203,CUST00636,2024-06-10,Grocery,1,4571.01,0.0,0.0,4571.01,4571.01,0,West,Online
108204,CUST00552,2025-08-24,Grocery,4,3269.61,0.0,0.0,13078.44,13078.44,0,North,Marketplace
108205,CUST00209,2025-03-01,Electronics,5,3703.47,0.25,4629.34,18517.35,13888.01,0,South,Online
108206,CUST00580,2025-08-31,Apparel,4,883.2,0.0,0.0,3532.8,3532.8,0,East,Retail Store
108207,CUST01044,2025-06-14,Sports,1,2740.2,0.0,0.0,2740.2,2740.2,0,South,Online
108208,CUST00952,2025-05-10,Apparel,5,2817.83,0.0,0.0,14089.15,14089.15,0,North,Online
108209,CUST00593,2024-10-17,Sports,2,294.36,0.0,0.0,588.72,588.72,0,North,Online
108210,CUST00351,2025-08-22,Home & Kitchen,2,2795.19,0.15,838.56,5590.38,4751.82,0,South,Retail Store
108211,CUST00631,2025-01-20,Home & Kitchen,3,1449.47,0.0,0.0,4348.41,4348.41,0,Central,Marketplace
108212,CUST00066,2024-11-23,Electronics,2,3409.34,0.0,0.0,6818.68,6818.68,0,West,Online
108213,CUST00267,2024-09-14,Electronics,2,3264.09,0.1,652.82,6528.18,5875.36,0,North,Online
108214,CUST00708,2025-07-23,Grocery,2,4060.33,0.15,1218.1,8120.66,6902.56,0,Central,Mobile App
108215,CUST00441,2024-12-24,Grocery,5,4949.46,0.0,0.0,24747.3,24747.3,0,East,Marketplace
108216,CUST00672,2024-03-23,Apparel,4,1051.46,0.0,0.0,4205.84,4205.84,0,West,Retail Store
108217,CUST00030,2025-07-20,Apparel,3,3659.31,0.15,1646.69,10977.93,9331.24,0,East,Marketplace
108218,CUST00092,2024-12-17,Beauty,3,1845.06,0.0,0.0,5535.18,5535.18,0,West,Online
108219,CUST00687,2024-08-02,Home & Kitchen,1,3648.06,0.0,0.0,3648.06,3648.06,0,East,Online
108220,CUST00539,2025-03-24,Electronics,5,1872.32,0.0,0.0,9361.6,9361.6,0,South,Online
108221,CUST00140,2024-09-10,Beauty,2,2946.29,0.0,0.0,5892.58,-5892.58,1,Central,Marketplace
108222,CUST00091,2024-09-03,Sports,4,3444.11,0.0,0.0,13776.44,-13776.44,1,Central,Online
108223,CUST00568,2024-11-07,Apparel,4,2806.84,0.1,1122.74,11227.36,10104.62,0,North,Online
108224,CUST00735,2024-05-08,Home & Kitchen,2,1175.77,0.0,0.0,2351.54,2351.54,0,South,Marketplace
108225,CUST00871,2024-09-20,Electronics,4,3361.94,0.15,2017.16,13447.76,11430.6,0,North,Online
108226,CUST00184,2025-09-06,Home & Kitchen,1,3739.6,0.0,0.0,3739.6,3739.6,0,North,Mobile App
108227,CUST00536,2025-05-04,Apparel,4,749.83,0.0,0.0,2999.32,2999.32,0,East,Online
108228,CUST00180,2025-01-25,Apparel,1,926.3,0.05,46.32,926.3,879.98,0,South,Online
108229,CUST00989,2024-05-10,Grocery,1,3485.03,0.1,348.5,3485.03,3136.53,0,West,Mobile App
108230,CUST01049,2024-03-13,Electronics,4,591.54,0.25,591.54,2366.16,-1774.62,1,Central,Online
108231,CUST00274,2025-10-28,Sports,2,671.59,0.0,0.0,1343.18,1343.18,0,South,Retail Store
108232,CUST00870,2024-08-19,Sports,3,1435.39,0.15,645.93,4306.17,3660.24,0,West,Online
108233,CUST00402,2024-08-27,Beauty,3,702.32,0.25,526.74,2106.96,1580.22,0,North,Marketplace
108234,CUST00735,2024-05-29,Sports,3,969.94,0.05,145.49,2909.82,2764.33,0,South,Marketplace
108235,CUST00521,2024-07-29,Apparel,1,4475.04,0.05,223.75,4475.04,4251.29,0,South,Online
108237,CUST00298,2024-10-19,Grocery,5,1236.04,0.0,0.0,6180.2,6180.2,0,Central,Marketplace
108238,CUST00300,2024-06-13,Apparel,5,408.5,0.05,102.12,2042.5,1940.38,0,West,Online
108239,CUST00670,2024-10-22,Electronics,2,1709.33,0.0,0.0,3418.66,3418.66,0,West,Online
108240,CUST00438,2024-11-21,Electronics,1,3767.31,0.15,565.1,3767.31,3202.21,0,West,Online
108241,CUST00175,2024-09-04,Home & Kitchen,1,4414.32,0.1,441.43,4414.32,3972.89,0,North,Retail Store
108242,CUST00449,2025-03-25,Home & Kitchen,1,0.0,0.05,0.0,0.0,0.0,0,West,Marketplace
108243,CUST00863,2024-08-29,Apparel,1,3832.64,0.0,0.0,3832.64,3832.64,0,North,Retail Store
108244,CUST00923,2025-02-11,Home & Kitchen,3,2885.0,0.0,0.0,8655.0,-8655.0,1,Central,Online
108245,CUST00689,2024-11-29,Electronics,3,3071.25,0.25,2303.44,9213.75,6910.31,0,West,Online
108246,CUST00616,2025-04-04,Home & Kitchen,2,651.57,0.0,0.0,1303.14,1303.14,0,West,Online
108248,CUST01028,2025-04-01,Electronics,3,4369.47,0.05,655.42,13108.41,12452.99,0,West,Online
108249,CUST00023,2024-07-16,Sports,2,410.42,0.1,82.08,820.84,738.76,0,East,Marketplace
108250,CUST00524,2024-07-20,Sports,1,4370.3,0.0,0.0,4370.3,4370.3,0,Central,Online
108251,CUST01182,2025-04-17,Home & Kitchen,5,888.1,0.0,0.0,4440.5,-4440.5,1,South,Marketplace
108252,CUST00826,2024-12-28,Sports,4,501.21,0.1,200.48,2004.84,1804.36,0,South,Marketplace
108253,CUST00938,2025-12-26,Grocery,2,2630.68,0.05,263.07,5261.36,4998.29,0,North,Marketplace
108254,CUST00365,2025-03-31,Beauty,1,1063.44,0.15,159.52,1063.44,903.92,0,Central,Online
108255,CUST00642,2024-11-30,Grocery,1,3429.6,0.0,0.0,3429.6,3429.6,0,North,Online
108256,CUST00080,2024-06-10,Electronics,5,1378.13,0.05,344.53,6890.65,-6546.12,1,Central,Marketplace
108257,CUST01098,2025-04-21,Home & Kitchen,1,4079.56,0.0,0.0,4079.56,4079.56,0,East,Marketplace
108258,CUST00832,2024-11-19,Beauty,3,464.57,0.0,0.0,1393.71,1393.71,0,East,Marketplace
108259,CUST00786,2024-03-27,Beauty,4,2778.66,0.0,0.0,11114.64,11114.64,0,North,Retail Store
108260,CUST00303,2024-11-21,Home & Kitchen,4,3742.45,0.05,748.49,14969.8,14221.31,0,East,Online
108261,CUST00392,2024-10-06,Home & Kitchen,2,769.56,0.0,0.0,1539.12,1539.12,0,South,Mobile App
108262,CUST01029,2025-07-18,Sports,4,1010.13,0.0,0.0,4040.52,4040.52,0,Central,Online
108263,CUST00475,2025-04-27,Beauty,2,0.0,0.0,0.0,0.0,0.0,0,East,Online
108264,CUST00723,2025-03-28,Beauty,3,692.73,0.15,311.73,2078.19,1766.46,0,East,Online
108265,CUST00271,2024-10-31,Sports,4,965.7,0.15,579.42,3862.8,3283.38,0,South,Online
108266,CUST00189,2024-11-21,Sports,4,236.96,0.0,0.0,947.84,947.84,0,Central,Online
108268,CUST00423,2024-06-28,Apparel,1,4577.77,0.25,1144.44,4577.77,3433.33,0,South,Retail Store
108269,CUST01146,2024-08-30,Electronics,2,587.54,0.0,0.0,1175.08,1175.08,0,South,Online
108270,CUST01059,2024-07-26,Sports,3,4388.99,0.0,0.0,13166.97,13166.97,0,East,Retail Store
108271,CUST00234,2024-08-27,Beauty,3,2740.79,0.0,0.0,8222.37,8222.37,0,Central,Marketplace
108272,CUST01011,2024-09-09,Sports,5,2333.78,0.0,0.0,11668.9,11668.9,0,West,Marketplace
108273,CUST00754,2025-05-17,Electronics,3,0.0,0.0,0.0,0.0,0.0,0,West,Retail Store
108274,CUST00084,2025-06-25,Electronics,3,3071.44,0.0,0.0,9214.32,9214.32,0,North,Online
108275,CUST00131,2025-02-10,Grocery,2,1468.92,0.0,0.0,2937.84,-2937.84,1,West,Retail Store
108276,CUST00529,2025-12-25,Home & Kitchen,5,2849.07,0.0,0.0,14245.35,14245.35,0,South,Online
108277,CUST01106,2024-09-10,Electronics,3,3403.32,0.15,1531.49,10209.96,8678.47,0,South,Mobile App
108278,CUST00859,2025-07-08,Apparel,2,2817.49,0.1,563.5,5634.98,5071.48,0,Central,Mobile App
108279,CUST00231,2025-08-16,Beauty,5,4369.14,0.0,0.0,21845.7,21845.7,0,East,Marketplace
108280,CUST00782,2024-08-17,Sports,4,2840.76,0.0,0.0,11363.04,11363.04,0,South,Marketplace
108281,CUST00903,2025-01-08,Electronics,5,4160.72,0.1,2080.36,20803.6,18723.24,0,Central,Online
108282,CUST00929,2025-08-18,Apparel,1,2997.11,0.0,0.0,2997.11,-2997.11,1,Central,Marketplace
108283,CUST00841,2024-10-22,Home & Kitchen,3,1024.3,0.0,0.0,3072.9,3072.9,0,Central,Marketplace
108284,CUST00411,2025-05-23,Sports,5,2157.64,0.0,0.0,10788.2,10788.2,0,South,Marketplace
108285,CUST01193,2025-11-29,Electronics,5,4291.3,0.05,1072.82,21456.5,20383.68,0,East,Marketplace
108286,CUST01159,2024-04-28,Grocery,3,1737.65,0.0,0.0,5212.95,5212.95,0,South,Retail Store
108287,CUST01129,2025-03-26,Beauty,4,525.74,0.15,315.44,2102.96,1787.52,0,Central,Marketplace
108288,CUST00691,2024-06-05,Electronics,4,481.6,0.0,0.0,1926.4,1926.4,0,South,Marketplace
108289,CUST00107,2024-08-24,Grocery,3,1006.57,0.0,0.0,3019.71,3019.71,0,West,Marketplace
108290,CUST00600,2024-06-18,Beauty,1,4585.31,0.15,687.8,4585.31,3897.51,0,Central,Retail Store
108291,CUST00581,2024-11-26,Home & Kitchen,4,1089.58,0.0,0.0,4358.32,-4358.32,1,West,Online
108292,CUST00626,2025-01-25,Home & Kitchen,2,1571.57,0.0,0.0,3143.14,-3143.14,1,West,Retail Store
108293,CUST00800,2025-04-06,Grocery,3,1473.99,0.05,221.1,4421.97,4200.87,0,East,Online
108294,CUST00774,2024-05-24,Beauty,5,2937.01,0.1,1468.5,14685.05,13216.55,0,North,Online
108295,CUST00602,2024-07-23,Apparel,2,3328.97,0.0,0.0,6657.94,-6657.94,1,East,Online
108297,CUST00338,2024-11-26,Grocery,3,4608.61,0.0,0.0,13825.83,13825.83,0,North,Online
108298,CUST00689,2024-05-09,Apparel,4,2001.79,0.0,0.0,8007.16,8007.16,0,West,Online
108299,CUST00640,2024-07-15,Home & Kitchen,1,4702.21,0.05,235.11,4702.21,4467.1,0,West,Marketplace
108300,CUST00480,2024-09-29,Beauty,2,2326.98,0.1,465.4,4653.96,4188.56,0,West,Online
108301,CUST00247,2024-05-26,Apparel,2,3627.81,0.0,0.0,7255.62,7255.62,0,East,Online
108302,CUST00958,2024-08-22,Sports,3,0.0,0.0,0.0,0.0,0.0,0,North,Online
108303,CUST00428,2024-07-29,Beauty,3,291.16,0.0,0.0,873.48,873.48,0,South,Marketplace
108304,CUST00829,2025-04-10,Home & Kitchen,4,4761.17,0.15,2856.7,19044.68,16187.98,0,North,Online
108305,CUST00150,2025-04-04,Beauty,1,4979.62,0.0,0.0,4979.62,4979.62,0,West,Marketplace
108306,CUST00778,2025-06-30,Electronics,3,2822.87,0.0,0.0,8468.61,8468.61,0,South,Online
108307,CUST00865,2025-03-22,Apparel,2,2995.2,0.0,0.0,5990.4,5990.4,0,South,Marketplace
108308,CUST00483,2025-08-23,Grocery,4,2903.88,0.0,0.0,11615.52,-11615.52,1,East,Retail Store
108309,CUST00822,2024-03-12,Grocery,4,4214.65,0.0,0.0,16858.6,-16858.6,1,West,Marketplace
108310,CUST00175,2024-10-22,Grocery,4,859.48,0.15,515.69,3437.92,2922.23,0,North,Retail Store
108311,CUST00793,2024-11-14,Grocery,3,4650.8,0.0,0.0,13952.4,13952.4,0,Central,Online
108312,CUST01108,2025-03-24,Grocery,3,1475.11,0.1,442.53,4425.33,3982.8,0,East,Online
108313,CUST00274,2024-12-28,Sports,3,4230.69,0.0,0.0,12692.07,12692.07,0,South,Retail Store
108314,CUST00986,2025-03-16,Apparel,5,3050.86,0.1,1525.43,15254.3,13728.87,0,Central,Mobile App
108315,CUST00363,2024-07-19,Home & Kitchen,3,2878.57,0.0,0.0,8635.71,8635.71,0,South,Online
108316,CUST01148,2025-01-26,Electronics,5,905.35,0.1,452.68,4526.75,4074.07,0,North,Retail Store
108317,CUST00249,2024-09-28,Electronics,5,618.97,0.0,0.0,3094.85,3094.85,0,Central,Online
108318,CUST00078,2025-08-16,Grocery,2,2174.83,0.1,434.97,4349.66,3914.69,0,East,Marketplace
108319,CUST00201,2024-09-24,Electronics,1,2601.5,0.0,0.0,2601.5,2601.5,0,Central,Online
108320,CUST01182,2025-06-25,Beauty,5,0.0,0.0,0.0,0.0,0.0,0,South,Marketplace
108321,CUST00005,2024-05-09,Grocery,2,4245.88,0.0,0.0,8491.76,8491.76,0,South,Marketplace
108322,CUST00966,2024-07-11,Home & Kitchen,4,1010.59,0.0,0.0,4042.36,4042.36,0,West,Retail Store
108323,CUST00528,2025-03-09,Beauty,5,1509.8,0.1,754.9,7549.0,6794.1,0,North,Marketplace
108324,CUST00599,2024-04-21,Beauty,4,643.71,0.0,0.0,2574.84,2574.84,0,West,Online
108325,CUST00814,2024-12-18,Sports,2,4829.19,0.0,0.0,9658.38,9658.38,0,North,Retail Store
108326,CUST00758,2024-07-16,Apparel,2,1261.33,0.0,0.0,2522.66,2522.66,0,Central,Retail Store
108327,CUST00386,2025-05-07,Grocery,5,1162.35,0.0,0.0,5811.75,5811.75,0,Central,Online
108328,CUST00508,2025-06-09,Grocery,3,1924.57,0.15,866.06,5773.71,4907.65,0,West,Online
108329,CUST00839,2025-05-20,Beauty,2,1256.76,0.15,377.03,2513.52,2136.49,0,East,Online
108330,CUST00006,2024-03-22,Grocery,3,1504.03,0.0,0.0,4512.09,4512.09,0,East,Retail Store
108331,CUST00975,2024-10-15,Beauty,2,3093.44,0.1,618.69,6186.88,-5568.19,1,East,Online
108332,CUST00752,2024-04-26,Sports,4,843.45,0.0,0.0,3373.8,3373.8,0,West,Mobile App
108333,CUST00888,2024-06-24,Beauty,4,460.39,0.0,0.0,1841.56,1841.56,0,North,Marketplace
108334,CUST00368,2024-12-02,Apparel,3,2902.71,0.15,1306.22,8708.13,7401.91,0,East,Retail Store
108335,CUST00674,2024-10-21,Beauty,1,4748.83,0.05,237.44,4748.83,4511.39,0,South,Online
108336,CUST00469,2024-07-24,Grocery,1,305.76,0.0,0.0,305.76,-305.76,1,West,Retail Store
108337,CUST00178,2024-12-14,Beauty,3,4729.81,0.0,0.0,14189.43,14189.43,0,North,Online
108338,CUST01185,2024-09-27,Apparel,1,3899.81,0.05,194.99,3899.81,3704.82,0,North,Marketplace
108339,CUST01011,2024-11-10,Home & Kitchen,3,1527.85,0.0,0.0,4583.55,4583.55,0,West,Marketplace
108340,CUST00452,2025-04-28,Beauty,1,4548.44,0.0,0.0,4548.44,-4548.44,1,East,Marketplace
108342,CUST00690,2025-02-28,Sports,2,2325.59,0.0,0.0,4651.18,4651.18,0,South,Online
108343,CUST00755,2025-05-19,Electronics,5,1857.23,0.15,1392.92,9286.15,7893.23,0,West,Online
108344,CUST00824,2024-09-04,Grocery,3,3480.34,0.15,1566.15,10441.02,8874.87,0,West,Online
108345,CUST00597,2025-07-16,Grocery,3,3702.38,0.0,0.0,11107.14,11107.14,0,West,Online
108347,CUST00757,2025-04-17,Beauty,1,793.94,0.0,0.0,793.94,793.94,0,South,Online
108348,CUST00723,2025-09-24,Grocery,5,3046.25,0.0,0.0,15231.25,15231.25,0,East,Online
108349,CUST00949,2025-07-12,Home & Kitchen,4,2959.1,0.0,0.0,11836.4,11836.4,0,South,Retail Store
108350,CUST01183,2024-03-19,Sports,2,2646.46,0.0,0.0,5292.92,5292.92,0,West,Retail Store
108351,CUST00500,2025-08-09,Home & Kitchen,5,1336.19,0.0,0.0,6680.95,6680.95,0,South,Marketplace
108352,CUST01053,2025-09-01,Home & Kitchen,5,3502.28,0.15,2626.71,17511.4,14884.69,0,East,Retail Store
108353,CUST00525,2025-07-18,Sports,1,1511.13,0.0,0.0,1511.13,1511.13,0,West,Online
108354,CUST00137,2025-06-24,Apparel,1,2436.12,0.0,0.0,2436.12,2436.12,0,South,Retail Store
108355,CUST01194,2024-03-23,Apparel,4,3256.65,0.0,0.0,13026.6,13026.6,0,West,Retail Store
108356,CUST00226,2025-05-26,Apparel,5,3586.62,0.0,0.0,17933.1,17933.1,0,Central,Online
108357,CUST01031,2025-02-19,Apparel,2,1119.68,0.0,0.0,2239.36,2239.36,0,North,Online
108358,CUST00378,2024-03-30,Apparel,2,3913.5,0.0,0.0,7827.0,7827.0,0,Central,Retail Store
108359,CUST00204,2025-05-31,Apparel,3,1387.79,0.15,624.51,4163.37,-3538.86,1,North,Online
108360,CUST00227,2025-04-29,Beauty,5,4958.78,0.0,0.0,24793.9,24793.9,0,North,Online
108361,CUST00390,2025-03-23,Grocery,1,1084.83,0.15,162.72,1084.83,922.11,0,South,Online
108362,CUST00941,2024-12-18,Home & Kitchen,2,1117.14,0.1,223.43,2234.28,2010.85,0,South,Online
108363,CUST00046,2024-06-15,Sports,3,1258.29,0.0,0.0,3774.87,-3774.87,1,North,Online
108364,CUST01028,2025-04-27,Sports,3,3237.26,0.0,0.0,9711.78,9711.78,0,West,Online
108365,CUST00241,2025-07-31,Sports,3,482.39,0.15,217.08,1447.17,1230.09,0,Central,Online
108366,CUST00166,2024-05-02,Electronics,2,1922.92,0.0,0.0,3845.84,3845.84,0,North,Retail Store
108367,CUST00389,2025-01-28,Grocery,4,1727.72,0.0,0.0,6910.88,6910.88,0,North,Marketplace
108368,CUST00682,2024-09-12,Grocery,1,900.0,0.0,0.0,900.0,900.0,0,Central,Marketplace
108369,CUST00368,2024-10-16,Beauty,4,1101.5,0.1,440.6,4406.0,3965.4,0,East,Retail Store
108370,CUST00234,2024-10-09,Electronics,1,1129.44,0.0,0.0,1129.44,1129.44,0,Central,Marketplace
108371,CUST00901,2024-02-14,Beauty,3,4991.1,0.05,748.66,14973.3,14224.64,0,East,Marketplace
108372,CUST00381,2024-08-30,Grocery,2,1869.81,0.0,0.0,3739.62,3739.62,0,South,Mobile App
108373,CUST01108,2025-02-28,Apparel,5,238.61,0.05,59.65,1193.05,1133.4,0,East,Online
108374,CUST00112,2025-08-29,Sports,1,2063.49,0.0,0.0,2063.49,-2063.49,1,East,Online
108375,CUST00769,2025-03-15,Beauty,4,1324.91,0.0,0.0,5299.64,5299.64,0,Central,Online
108376,CUST00810,2024-05-10,Home & Kitchen,2,3498.66,0.0,0.0,6997.32,6997.32,0,North,Online
108377,CUST00080,2024-07-26,Sports,5,1081.12,0.0,0.0,5405.6,5405.6,0,Central,Marketplace
108378,CUST00934,2024-09-03,Apparel,4,2611.44,0.0,0.0,10445.76,10445.76,0,East,Online
108379,CUST00110,2024-09-05,Home & Kitchen,5,1716.05,0.0,0.0,8580.25,8580.25,0,Central,Mobile App
108380,CUST00930,2025-05-24,Beauty,3,556.11,0.15,250.25,1668.33,-1418.08,1,East,Online
108381,CUST00318,2025-01-10,Apparel,4,225.16,0.15,135.1,900.64,765.54,0,South,Mobile App
108382,CUST00313,2024-10-12,Electronics,2,672.7,0.0,0.0,1345.4,1345.4,0,West,Online
108383,CUST00558,2024-09-24,Apparel,5,3081.77,0.0,0.0,15408.85,15408.85,0,North,Online
108384,CUST00457,2025-04-20,Grocery,4,495.33,0.15,297.2,1981.32,1684.12,0,Central,Online
108385,CUST00151,2024-06-07,Beauty,5,2389.63,0.05,597.41,11948.15,-11350.74,1,West,Online
108386,CUST00895,2025-03-28,Grocery,3,2943.7,0.0,0.0,8831.1,8831.1,0,North,Mobile App
108387,CUST00724,2024-10-08,Sports,4,3888.63,0.05,777.73,15554.52,14776.79,0,South,Retail Store
108388,CUST00405,2024-03-23,Apparel,5,3306.32,0.15,2479.74,16531.6,14051.86,0,Central,Retail Store
108389,CUST00206,2024-06-12,Sports,1,4854.07,0.0,0.0,4854.07,4854.07,0,North,Online
108390,CUST01098,2025-08-04,Electronics,3,2667.9,0.1,800.37,8003.7,7203.33,0,East,Marketplace
108391,CUST00687,2024-10-18,Apparel,2,4504.6,0.4,3603.68,9009.2,5405.52,0,East,Online
108392,CUST00075,2025-02-27,Home & Kitchen,5,3307.0,0.0,0.0,16535.0,16535.0,0,West,Mobile App
108393,CUST00549,2025-05-23,Electronics,2,4712.6,0.1,942.52,9425.2,8482.68,0,North,Marketplace
108394,CUST00628,2025-10-30,Grocery,4,3982.94,0.0,0.0,15931.76,15931.76,0,West,Marketplace
108395,CUST00382,2024-07-15,Home & Kitchen,3,4993.51,0.0,0.0,14980.53,14980.53,0,West,Mobile App
108396,CUST00948,2024-10-12,Apparel,3,2674.05,0.15,1203.32,8022.15,6818.83,0,East,Online
108397,CUST01008,2025-07-03,Grocery,4,1477.64,0.4,2364.22,5910.56,3546.34,0,North,Online
108398,CUST01015,2025-03-21,Apparel,2,4794.36,0.05,479.44,9588.72,9109.28,0,East,Online
108399,CUST00644,2025-03-04,Sports,4,1958.11,0.0,0.0,7832.44,7832.44,0,West,Mobile App
108400,CUST00742,2025-02-20,Grocery,5,2836.11,0.05,709.03,14180.55,13471.52,0,North,Online
108401,CUST00813,2024-07-05,Grocery,5,302.11,0.05,75.53,1510.55,1435.02,0,North,Online
108402,CUST00262,2025-02-25,Apparel,3,4533.32,0.0,0.0,13599.96,13599.96,0,West,Retail Store
108403,CUST00544,2024-08-30,Sports,5,4993.3,0.0,0.0,24966.5,24966.5,0,North,Marketplace
108404,CUST00450,2024-12-05,Electronics,4,4516.41,0.05,903.28,18065.64,17162.36,0,South,Marketplace
108405,CUST00939,2024-10-12,Grocery,1,2347.2,0.05,117.36,2347.2,2229.84,0,Central,Retail Store
108406,CUST00043,2025-03-19,Apparel,3,1850.12,0.0,0.0,5550.36,5550.36,0,East,Retail Store
108407,CUST01109,2024-12-29,Grocery,4,4835.15,0.0,0.0,19340.6,19340.6,0,South,Online
108408,CUST01185,2024-09-25,Beauty,4,4550.71,0.0,0.0,18202.84,-18202.84,1,North,Marketplace
108409,CUST00531,2024-11-21,Grocery,3,3628.06,0.1,1088.42,10884.18,9795.76,0,North,Marketplace
108410,CUST00568,2024-05-30,Beauty,1,2978.54,0.05,148.93,2978.54,-2829.61,1,North,Online
108411,CUST00793,2025-02-28,Sports,1,4631.61,0.0,0.0,4631.61,4631.61,0,Central,Online
108412,CUST00828,2025-01-21,Apparel,5,2315.35,0.0,0.0,11576.75,11576.75,0,North,Online
108413,CUST00908,2024-09-08,Apparel,2,804.0,0.1,160.8,1608.0,1447.2,0,North,Online
108414,CUST01015,2025-11-25,Home & Kitchen,4,2637.76,0.0,0.0,10551.04,10551.04,0,East,Online
108415,CUST00133,2025-03-11,Sports,3,2475.93,0.1,742.78,7427.79,6685.01,0,North,Online
108417,CUST01145,2024-10-10,Home & Kitchen,5,2885.35,0.0,0.0,14426.75,14426.75,0,West,Online
108418,CUST01117,2024-10-23,Beauty,5,609.51,0.0,0.0,3047.55,3047.55,0,Central,Marketplace
108419,CUST01196,2024-04-23,Home & Kitchen,3,3842.53,0.1,1152.76,11527.59,10374.83,0,East,Online
108420,CUST00222,2025-03-05,Apparel,4,1152.77,0.1,461.11,4611.08,-4149.97,1,East,Retail Store
108421,CUST00886,2025-03-01,Apparel,1,3907.53,0.0,0.0,3907.53,3907.53,0,East,Marketplace
108422,CUST00474,2025-05-08,Sports,4,272.2,0.0,0.0,1088.8,1088.8,0,East,Online
108423,CUST00579,2025-04-23,Home & Kitchen,4,2365.62,0.0,0.0,9462.48,9462.48,0,West,Online
108424,CUST00193,2024-11-01,Beauty,1,1487.49,0.0,0.0,1487.49,-1487.49,1,South,Online
108425,CUST01176,2024-12-26,Beauty,1,2283.95,0.0,0.0,2283.95,2283.95,0,Central,Retail Store
108426,CUST00839,2025-02-18,Electronics,4,2466.55,0.0,0.0,9866.2,9866.2,0,East,Online
108427,CUST00779,2025-05-18,Beauty,4,3194.73,0.25,3194.73,12778.92,9584.19,0,Central,Online
108428,CUST01025,2025-10-27,Electronics,3,1715.45,0.0,0.0,5146.35,5146.35,0,East,Marketplace
108429,CUST00987,2024-02-13,Home & Kitchen,3,2826.41,0.0,0.0,8479.23,8479.23,0,Central,Online
108430,CUST00881,2025-01-08,Grocery,5,2204.1,0.0,0.0,11020.5,11020.5,0,South,Online
108433,CUST01038,2024-09-13,Sports,1,4386.88,0.0,0.0,4386.88,4386.88,0,South,Mobile App
108434,CUST00164,2024-10-08,Grocery,3,3106.47,0.0,0.0,9319.41,9319.41,0,East,Marketplace
108435,CUST00344,2024-12-12,Beauty,4,4424.48,0.0,0.0,17697.92,17697.92,0,Central,Mobile App
108436,CUST00495,2024-11-20,Grocery,1,3763.57,0.0,0.0,3763.57,3763.57,0,Central,Retail Store
108437,CUST00465,2024-10-08,Apparel,2,4240.35,0.0,0.0,8480.7,8480.7,0,West,Mobile App
108438,CUST00558,2024-05-29,Home & Kitchen,4,3562.86,0.0,0.0,14251.44,14251.44,0,North,Online
108439,CUST00801,2024-12-04,Apparel,1,1859.28,0.0,0.0,1859.28,1859.28,0,North,Marketplace
108440,CUST01194,2024-02-09,Apparel,5,623.01,0.0,0.0,3115.05,3115.05,0,West,Retail Store
108441,CUST00489,2024-07-21,Home & Kitchen,2,4495.81,0.4,3596.65,8991.62,5394.97,0,South,Retail Store
108442,CUST00720,2024-03-04,Apparel,4,3051.78,0.05,610.36,12207.12,11596.76,0,Central,Online
108443,CUST00664,2024-02-23,Sports,3,3799.59,0.0,0.0,11398.77,11398.77,0,West,Mobile App
108444,CUST00559,2024-04-10,Home & Kitchen,4,1033.36,0.0,0.0,4133.44,4133.44,0,Central,Retail Store
108445,CUST00400,2024-08-31,Home & Kitchen,5,1584.6,0.0,0.0,7923.0,7923.0,0,North,Online
108446,CUST00811,2024-11-25,Electronics,2,3024.66,0.0,0.0,6049.32,6049.32,0,North,Marketplace
108447,CUST00913,2025-01-21,Grocery,4,3901.33,0.05,780.27,15605.32,14825.05,0,West,Retail Store
108448,CUST00281,2024-07-08,Grocery,4,2896.49,0.05,579.3,11585.96,-11006.66,1,West,Marketplace
108449,CUST00735,2024-09-24,Home & Kitchen,5,910.23,0.15,682.67,4551.15,3868.48,0,South,Marketplace
108452,CUST00665,2025-03-04,Home & Kitchen,2,494.42,0.0,0.0,988.84,988.84,0,South,Online
108453,CUST00129,2024-12-04,Beauty,2,435.57,0.0,0.0,871.14,871.14,0,West,Online
108454,CUST00980,2024-03-29,Beauty,2,561.28,0.0,0.0,1122.56,1122.56,0,West,Marketplace
108455,CUST00820,2025-03-21,Sports,3,1954.19,0.0,0.0,5862.57,5862.57,0,South,Online
108456,CUST00173,2024-08-05,Grocery,4,1119.55,0.0,0.0,4478.2,4478.2,0,North,Online
108457,CUST00855,2024-08-23,Sports,3,677.89,0.0,0.0,2033.67,2033.67,0,East,Online
108458,CUST00034,2025-08-11,Sports,1,2221.61,0.0,0.0,2221.61,2221.61,0,Central,Mobile App
108459,CUST00933,2024-10-27,Apparel,1,2801.2,0.1,280.12,2801.2,2521.08,0,North,Online
108460,CUST01154,2024-11-10,Grocery,4,3363.71,0.1,1345.48,13454.84,12109.36,0,South,Marketplace
108461,CUST01023,2025-05-28,Grocery,1,4460.54,0.0,0.0,4460.54,4460.54,0,East,Online
108462,CUST00393,2024-05-11,Sports,4,939.08,0.0,0.0,3756.32,3756.32,0,South,Online
108463,CUST00804,2025-08-08,Sports,2,4574.52,0.0,0.0,9149.04,9149.04,0,Central,Online
108464,CUST00981,2024-08-14,Sports,2,2763.0,0.25,1381.5,5526.0,4144.5,0,West,Retail Store
108465,CUST00751,2025-10-21,Apparel,4,4140.35,0.0,0.0,16561.4,16561.4,0,West,Marketplace
108466,CUST00090,2024-10-29,Beauty,2,1341.23,0.0,0.0,2682.46,2682.46,0,South,Online
108467,CUST00437,2025-06-28,Apparel,2,4922.95,0.0,0.0,9845.9,-9845.9,1,North,Mobile App
108468,CUST00143,2024-09-29,Grocery,4,570.04,0.0,0.0,2280.16,2280.16,0,West,Marketplace
108469,CUST00046,2024-07-08,Beauty,3,814.78,0.0,0.0,2444.34,2444.34,0,North,Online
108470,CUST01118,2024-12-06,Beauty,3,200.37,0.1,60.11,601.11,541.0,0,South,Online
108471,CUST00599,2024-07-08,Apparel,1,2384.52,0.05,119.23,2384.52,2265.29,0,West,Online
108472,CUST00319,2025-07-07,Beauty,4,2872.31,0.0,0.0,11489.24,11489.24,0,Central,Retail Store
108473,CUST00138,2025-06-12,Beauty,3,516.59,0.0,0.0,1549.77,-1549.77,1,West,Online
108474,CUST00214,2025-08-03,Sports,4,455.45,0.05,91.09,1821.8,1730.71,0,West,Mobile App
108475,CUST00656,2024-07-09,Electronics,2,3013.19,0.05,301.32,6026.38,5725.06,0,East,Retail Store
108476,CUST01180,2025-04-02,Home & Kitchen,5,4848.19,0.05,1212.05,24240.95,23028.9,0,Central,Online
108477,CUST00801,2024-12-22,Beauty,5,1060.0,0.0,0.0,5300.0,5300.0,0,North,Marketplace
108478,CUST00744,2024-12-10,Apparel,4,1249.96,0.0,0.0,4999.84,4999.84,0,East,Online
108479,CUST00632,2025-10-18,Home & Kitchen,5,2788.53,0.1,1394.26,13942.65,12548.39,0,West,Marketplace
108480,CUST00886,2025-03-25,Grocery,3,4109.13,0.0,0.0,12327.39,12327.39,0,East,Marketplace
108481,CUST00553,2025-11-04,Grocery,3,4077.51,0.0,0.0,12232.53,12232.53,0,East,Retail Store
108482,CUST00731,2025-03-16,Beauty,3,780.69,0.15,351.31,2342.07,1990.76,0,South,Online
108483,CUST00757,2025-12-06,Grocery,1,887.47,0.25,221.87,887.47,665.6,0,South,Online
108484,CUST00962,2025-02-14,Home & Kitchen,1,2472.36,0.0,0.0,2472.36,2472.36,0,West,Online
108485,CUST00433,2025-01-28,Beauty,3,335.29,0.1,100.59,1005.87,905.28,0,East,Online
108486,CUST01024,2025-05-28,Electronics,2,3095.43,0.0,0.0,6190.86,6190.86,0,West,Online
108487,CUST00423,2024-09-13,Beauty,3,2001.93,0.0,0.0,6005.79,6005.79,0,South,Retail Store
108488,CUST00412,2025-04-10,Electronics,2,2209.67,0.0,0.0,4419.34,4419.34,0,North,Retail Store
108489,CUST00235,2025-03-26,Apparel,2,1431.94,0.0,0.0,2863.88,2863.88,0,Central,Mobile App
108490,CUST00823,2024-12-09,Home & Kitchen,2,245.69,0.0,0.0,491.38,491.38,0,Central,Mobile App
108491,CUST00001,2024-10-11,Home & Kitchen,2,2327.65,0.0,0.0,4655.3,4655.3,0,Central,Mobile App
108492,CUST00258,2024-12-07,Electronics,2,2408.69,0.4,1926.95,4817.38,2890.43,0,Central,Retail Store
108493,CUST00679,2025-07-20,Apparel,3,1921.86,0.1,576.56,5765.58,5189.02,0,East,Marketplace
108494,CUST00054,2025-07-17,Apparel,2,3010.9,0.0,0.0,6021.8,6021.8,0,South,Retail Store
108495,CUST00770,2024-05-23,Grocery,1,684.49,0.0,0.0,684.49,684.49,0,Central,Marketplace
108496,CUST00385,2024-04-16,Sports,4,3978.23,0.0,0.0,15912.92,15912.92,0,North,Marketplace
108497,CUST00775,2025-12-01,Electronics,2,2215.29,0.0,0.0,4430.58,4430.58,0,Central,Retail Store
108498,CUST00735,2024-05-17,Grocery,5,2472.02,0.0,0.0,12360.1,12360.1,0,South,Marketplace
108500,CUST00989,2025-03-26,Sports,4,4502.5,0.0,0.0,18010.0,18010.0,0,West,Mobile App
108501,CUST00654,2025-07-02,Beauty,1,907.35,0.0,0.0,907.35,907.35,0,Central,Retail Store
108502,CUST00954,2025-09-23,Grocery,5,4915.92,0.25,6144.9,24579.6,-18434.7,1,Central,Marketplace
108503,CUST00572,2025-03-13,Electronics,2,2818.21,0.0,0.0,5636.42,5636.42,0,South,Online
108504,CUST00429,2025-02-24,Home & Kitchen,4,3269.09,0.0,0.0,13076.36,13076.36,0,Central,Marketplace
108505,CUST00814,2024-04-04,Home & Kitchen,4,3580.27,0.0,0.0,14321.08,14321.08,0,North,Retail Store
108506,CUST00719,2024-08-14,Electronics,5,2764.64,0.0,0.0,13823.2,13823.2,0,South,Marketplace
108507,CUST00554,2024-11-24,Home & Kitchen,1,4710.0,0.05,235.5,4710.0,4474.5,0,West,Online
108508,CUST00863,2024-12-25,Home & Kitchen,5,571.64,0.1,285.82,2858.2,2572.38,0,North,Retail Store
108509,CUST00666,2025-08-19,Sports,4,2888.98,0.05,577.8,11555.92,10978.12,0,East,Retail Store
108510,CUST00364,2025-05-24,Home & Kitchen,5,1843.83,0.0,0.0,9219.15,9219.15,0,West,Retail Store
108511,CUST00116,2025-07-01,Apparel,5,4956.12,0.0,0.0,24780.6,24780.6,0,Central,Online
108512,CUST01171,2024-07-08,Apparel,3,3628.94,0.1,1088.68,10886.82,9798.14,0,Central,Retail Store
108513,CUST00327,2025-05-21,Home & Kitchen,1,3509.96,0.0,0.0,3509.96,3509.96,0,West,Online
108514,CUST00844,2025-01-04,Grocery,1,1018.06,0.0,0.0,1018.06,1018.06,0,North,Marketplace
108515,CUST00287,2025-12-24,Beauty,4,940.09,0.0,0.0,3760.36,3760.36,0,East,Marketplace
108516,CUST00117,2024-02-11,Electronics,3,4814.04,0.0,0.0,14442.12,14442.12,0,East,Marketplace
108517,CUST00174,2024-10-13,Electronics,3,2340.07,0.1,702.02,7020.21,6318.19,0,West,Retail Store
108518,CUST00461,2024-12-02,Grocery,1,1320.53,0.0,0.0,1320.53,1320.53,0,Central,Online
108519,CUST01119,2025-03-31,Electronics,3,1260.77,0.0,0.0,3782.31,3782.31,0,Central,Retail Store
108520,CUST00591,2025-08-08,Sports,4,4883.11,0.1,1953.24,19532.44,17579.2,0,North,Marketplace
108521,CUST00136,2025-06-14,Sports,4,1910.9,0.0,0.0,7643.6,7643.6,0,East,Online
108522,CUST00313,2024-10-17,Grocery,5,3245.86,0.15,2434.4,16229.3,13794.9,0,West,Online
108523,CUST00162,2024-12-03,Grocery,3,2775.04,0.0,0.0,8325.12,8325.12,0,South,Marketplace
108524,CUST00684,2025-03-13,Sports,1,864.52,0.0,0.0,864.52,864.52,0,South,Retail Store
108525,CUST00597,2025-08-22,Beauty,5,593.01,0.0,0.0,2965.05,2965.05,0,West,Online
108526,CUST00756,2025-03-27,Beauty,3,3830.63,0.05,574.59,11491.89,10917.3,0,West,Marketplace
108527,CUST00765,2024-11-21,Beauty,3,486.58,0.1,145.97,1459.74,1313.77,0,Central,Retail Store
108528,CUST00988,2024-04-11,Beauty,1,4610.14,0.0,0.0,4610.14,4610.14,0,South,Online
108529,CUST00565,2025-06-30,Beauty,1,3391.64,0.1,339.16,3391.64,3052.48,0,Central,Online
108530,CUST01119,2025-05-28,Home & Kitchen,1,2232.8,0.0,0.0,2232.8,-2232.8,1,Central,Retail Store
108531,CUST01016,2024-12-05,Grocery,1,2805.31,0.0,0.0,2805.31,2805.31,0,Central,Marketplace
108532,CUST00374,2024-04-13,Grocery,2,1790.69,0.1,358.14,3581.38,3223.24,0,East,Retail Store
108533,CUST00813,2024-11-26,Grocery,2,4438.6,0.0,0.0,8877.2,8877.2,0,North,Online
108535,CUST00295,2024-04-22,Apparel,2,2311.65,0.0,0.0,4623.3,4623.3,0,Central,Retail Store
108536,CUST00834,2025-11-04,Beauty,1,1548.62,0.0,0.0,1548.62,1548.62,0,West,Online
108537,CUST00552,2025-06-25,Sports,5,1194.66,0.0,0.0,5973.3,5973.3,0,North,Marketplace
108538,CUST00860,2025-07-20,Grocery,5,2788.25,0.4,5576.5,13941.25,8364.75,0,South,Marketplace
108539,CUST00104,2025-05-23,Sports,5,0.0,0.15,0.0,0.0,0.0,0,East,Online
108540,CUST00392,2024-09-09,Home & Kitchen,1,874.3,0.15,131.14,874.3,743.16,0,South,Mobile App
108541,CUST01192,2024-08-20,Electronics,3,3185.73,0.0,0.0,9557.19,9557.19,0,West,Marketplace
108542,CUST01057,2025-11-28,Electronics,1,3547.26,0.15,532.09,3547.26,3015.17,0,East,Marketplace
108543,CUST00900,2024-02-09,Apparel,1,1946.05,0.0,0.0,1946.05,1946.05,0,West,Online
108544,CUST00175,2024-07-26,Beauty,2,3276.19,0.0,0.0,6552.38,6552.38,0,North,Retail Store
108545,CUST00284,2025-07-12,Sports,2,2562.08,0.0,0.0,5124.16,5124.16,0,South,Marketplace
108546,CUST00475,2025-04-11,Sports,2,1142.86,0.0,0.0,2285.72,2285.72,0,East,Online
108547,CUST00118,2025-08-16,Sports,5,4429.62,0.0,0.0,22148.1,22148.1,0,East,Online
108548,CUST00852,2025-04-30,Sports,1,4890.6,0.0,0.0,4890.6,4890.6,0,East,Online
108549,CUST00923,2025-04-25,Beauty,2,4885.39,0.15,1465.62,9770.78,8305.16,0,Central,Online
108550,CUST01065,2025-09-28,Home & Kitchen,3,3941.95,0.0,0.0,11825.85,11825.85,0,Central,Retail Store
108551,CUST00496,2025-08-04,Apparel,4,2716.12,0.0,0.0,10864.48,10864.48,0,West,Online
108552,CUST01036,2024-09-19,Grocery,4,849.5,0.0,0.0,3398.0,3398.0,0,East,Marketplace
108553,CUST00796,2025-03-12,Apparel,1,1534.59,0.0,0.0,1534.59,1534.59,0,South,Retail Store
108554,CUST00542,2024-11-29,Home & Kitchen,5,486.04,0.0,0.0,2430.2,2430.2,0,West,Online
108555,CUST00687,2024-06-02,Beauty,2,2394.67,0.0,0.0,4789.34,4789.34,0,East,Online
108556,CUST00058,2025-08-02,Apparel,2,3382.94,0.0,0.0,6765.88,6765.88,0,Central,Retail Store
108557,CUST00853,2024-12-16,Apparel,2,2047.57,0.0,0.0,4095.14,4095.14,0,East,Marketplace
108558,CUST00715,2024-09-11,Electronics,3,1599.23,0.0,0.0,4797.69,4797.69,0,West,Mobile App
108559,CUST00497,2025-03-16,Home & Kitchen,3,466.49,0.0,0.0,1399.47,1399.47,0,East,Marketplace
108560,CUST00439,2024-11-19,Grocery,3,3344.76,0.05,501.71,10034.28,9532.57,0,South,Mobile App
108561,CUST00208,2025-08-02,Apparel,4,691.67,0.0,0.0,2766.68,2766.68,0,West,Online
108562,CUST00547,2024-04-15,Home & Kitchen,3,3089.26,0.0,0.0,9267.78,-9267.78,1,West,Marketplace
108563,CUST00767,2024-07-12,Home & Kitchen,1,3036.53,0.25,759.13,3036.53,2277.4,0,South,Online
108564,CUST00360,2025-04-12,Grocery,4,889.13,0.0,0.0,3556.52,3556.52,0,North,Online
108565,CUST00674,2024-11-07,Grocery,1,988.7,0.1,98.87,988.7,889.83,0,South,Online
108566,CUST01046,2025-07-11,Home & Kitchen,2,587.15,0.0,0.0,1174.3,1174.3,0,Central,Marketplace
108567,CUST00013,2025-04-10,Apparel,3,1004.57,0.25,753.43,3013.71,2260.28,0,East,Marketplace
108568,CUST00503,2025-01-25,Home & Kitchen,5,414.51,0.0,0.0,2072.55,-2072.55,1,Central,Retail Store
108569,CUST00324,2025-12-08,Grocery,3,2539.97,0.15,1142.99,7619.91,6476.92,0,Central,Retail Store
108570,CUST00756,2025-02-09,Sports,3,2238.07,0.05,335.71,6714.21,6378.5,0,West,Marketplace
108571,CUST00287,2025-06-15,Beauty,5,4066.2,0.0,0.0,20331.0,20331.0,0,East,Marketplace
108572,CUST01189,2024-08-14,Apparel,2,967.44,0.0,0.0,1934.88,-1934.88,1,West,Marketplace
108573,CUST00459,2024-09-26,Apparel,5,3420.24,0.0,0.0,17101.2,17101.2,0,South,Online
108574,CUST01199,2024-12-18,Grocery,5,339.55,0.15,254.66,1697.75,1443.09,0,East,Online
108575,CUST01090,2024-09-14,Electronics,3,0.0,0.0,0.0,0.0,0.0,0,South,Online
108576,CUST01021,2024-09-04,Apparel,3,3531.21,0.0,0.0,10593.63,10593.63,0,West,Online
108577,CUST00757,2025-07-10,Sports,4,1027.04,0.0,0.0,4108.16,4108.16,0,South,Online
108578,CUST00458,2024-12-21,Beauty,3,1920.13,0.0,0.0,5760.39,5760.39,0,South,Online
108580,CUST00999,2025-06-02,Electronics,2,4024.38,0.0,0.0,8048.76,8048.76,0,South,Online
108581,CUST00306,2025-04-16,Home & Kitchen,1,4584.57,0.0,0.0,4584.57,4584.57,0,West,Online
108582,CUST00660,2025-04-19,Electronics,1,3399.38,0.0,0.0,3399.38,3399.38,0,East,Online
108584,CUST00199,2024-12-30,Sports,1,1532.41,0.15,229.86,1532.41,1302.55,0,North,Online
108585,CUST00701,2025-03-01,Grocery,5,368.16,0.0,0.0,1840.8,1840.8,0,East,Mobile App
108586,CUST00165,2024-12-09,Home & Kitchen,3,1180.11,0.0,0.0,3540.33,3540.33,0,Central,Retail Store
108587,CUST00008,2025-05-17,Apparel,2,2237.0,0.0,0.0,4474.0,4474.0,0,Central,Marketplace
108588,CUST00363,2024-08-27,Sports,5,246.37,0.0,0.0,1231.85,1231.85,0,South,Online
108589,CUST01142,2025-01-10,Electronics,3,4179.41,0.0,0.0,12538.23,-12538.23,1,Central,Online
108590,CUST00966,2024-08-05,Electronics,5,1066.16,0.1,533.08,5330.8,4797.72,0,West,Retail Store
108591,CUST01115,2025-07-22,Home & Kitchen,2,4067.95,0.0,0.0,8135.9,8135.9,0,West,Marketplace
108592,CUST00147,2024-10-19,Grocery,5,4773.35,0.1,2386.68,23866.75,21480.07,0,North,Online
108593,CUST01084,2025-12-17,Grocery,1,1998.39,0.05,99.92,1998.39,1898.47,0,Central,Online
108594,CUST00063,2024-12-04,Electronics,4,4143.34,0.0,0.0,16573.36,16573.36,0,West,Marketplace
108595,CUST00723,2025-07-21,Beauty,3,4515.42,0.0,0.0,13546.26,13546.26,0,East,Online
108596,CUST01063,2024-12-19,Electronics,5,744.97,0.1,372.48,3724.85,3352.37,0,West,Online
108597,CUST00921,2025-10-26,Apparel,1,1539.8,0.0,0.0,1539.8,1539.8,0,South,Online
108598,CUST01177,2025-07-06,Beauty,2,3177.0,0.0,0.0,6354.0,6354.0,0,West,Retail Store
108599,CUST00363,2024-06-14,Home & Kitchen,4,4663.27,0.05,932.65,18653.08,17720.43,0,South,Online
108600,CUST01101,2025-07-04,Sports,2,4027.69,0.4,3222.15,8055.38,4833.23,0,South,Mobile App
108601,CUST00802,2025-03-04,Apparel,4,459.14,0.05,91.83,1836.56,1744.73,0,Central,Marketplace
108602,CUST00439,2024-12-30,Sports,4,3979.7,0.4,6367.52,15918.8,9551.28,0,South,Mobile App
108603,CUST01084,2025-11-18,Apparel,2,914.04,0.0,0.0,1828.08,1828.08,0,Central,Online
108604,CUST00247,2024-04-13,Home & Kitchen,1,2437.86,0.05,121.89,2437.86,2315.97,0,East,Online
108605,CUST00947,2024-12-30,Sports,5,3913.59,0.0,0.0,19567.95,-19567.95,1,West,Mobile App
108606,CUST00382,2024-08-25,Beauty,3,4504.99,0.0,0.0,13514.97,13514.97,0,West,Mobile App
108607,CUST00980,2024-04-09,Sports,2,468.07,0.0,0.0,936.14,936.14,0,West,Marketplace
108608,CUST01034,2024-03-05,Electronics,4,2867.82,0.0,0.0,11471.28,11471.28,0,East,Marketplace
108609,CUST00985,2024-04-10,Beauty,4,543.16,0.05,108.63,2172.64,2064.01,0,Central,Marketplace
108610,CUST00379,2024-11-03,Sports,2,1755.67,0.0,0.0,3511.34,3511.34,0,West,Retail Store
108611,CUST00133,2025-02-25,Grocery,1,881.71,0.0,0.0,881.71,881.71,0,North,Online
108612,CUST00131,2025-02-03,Apparel,5,3980.55,0.15,2985.41,19902.75,16917.34,0,West,Retail Store
108613,CUST00433,2025-01-27,Beauty,1,2151.39,0.15,322.71,2151.39,1828.68,0,East,Online
108614,CUST00068,2025-04-26,Beauty,5,4863.24,0.0,0.0,24316.2,24316.2,0,South,Retail Store
108615,CUST00334,2024-08-13,Beauty,2,1829.27,0.0,0.0,3658.54,3658.54,0,Central,Online
108616,CUST01188,2024-08-24,Beauty,5,4529.87,0.25,5662.34,22649.35,16987.01,0,East,Online
108617,CUST00263,2024-07-28,Home & Kitchen,5,4741.62,0.0,0.0,23708.1,23708.1,0,West,Marketplace
108618,CUST00208,2025-05-31,Apparel,1,798.41,0.0,0.0,798.41,798.41,0,West,Online
108619,CUST00828,2025-01-02,Home & Kitchen,1,3596.9,0.0,0.0,3596.9,3596.9,0,North,Online
108620,CUST00887,2025-03-24,Beauty,1,0.0,0.25,0.0,0.0,0.0,0,South,Online
108621,CUST00833,2025-07-03,Beauty,4,4348.34,0.0,0.0,17393.36,17393.36,0,Central,Online
108622,CUST00773,2024-04-14,Grocery,4,2578.6,0.0,0.0,10314.4,-10314.4,1,Central,Retail Store
108623,CUST00534,2024-03-05,Electronics,5,862.63,0.0,0.0,4313.15,4313.15,0,North,Online
108624,CUST00400,2024-08-07,Grocery,3,4464.19,0.0,0.0,13392.57,13392.57,0,North,Online
108625,CUST00264,2024-04-08,Sports,4,2888.57,0.0,0.0,11554.28,11554.28,0,South,Marketplace
108626,CUST01026,2024-10-07,Grocery,1,4524.29,0.0,0.0,4524.29,4524.29,0,East,Marketplace
108627,CUST00996,2025-04-12,Apparel,4,4340.39,0.0,0.0,17361.56,17361.56,0,Central,Online
108628,CUST00049,2025-05-09,Electronics,4,805.17,0.05,161.03,3220.68,-3059.65,1,Central,Marketplace
108629,CUST00850,2024-01-26,Beauty,1,2185.36,0.0,0.0,2185.36,-2185.36,1,East,Online
108630,CUST00271,2025-01-29,Apparel,2,1276.49,0.0,0.0,2552.98,2552.98,0,South,Online
108631,CUST00460,2024-04-04,Electronics,4,2004.35,0.1,801.74,8017.4,7215.66,0,West,Online
108632,CUST00655,2025-07-04,Grocery,3,1947.63,0.15,876.43,5842.89,4966.46,0,South,Marketplace
108633,CUST01079,2025-05-05,Electronics,4,3080.78,0.25,3080.78,12323.12,9242.34,0,West,Online
108634,CUST00746,2024-04-04,Apparel,4,1129.81,0.0,0.0,4519.24,4519.24,0,North,Mobile App
108635,CUST00168,2025-03-28,Home & Kitchen,1,2820.43,0.25,705.11,2820.43,2115.32,0,West,Online
108636,CUST00520,2025-07-13,Beauty,3,737.87,0.0,0.0,2213.61,2213.61,0,Central,Marketplace
108637,CUST00709,2025-07-11,Electronics,1,1529.1,0.05,76.46,1529.1,1452.64,0,South,Online
108638,CUST00681,2025-07-27,Apparel,1,200.36,0.0,0.0,200.36,200.36,0,North,Online
108639,CUST00846,2025-03-02,Grocery,1,3043.58,0.0,0.0,3043.58,3043.58,0,West,Marketplace
108640,CUST00341,2024-05-31,Beauty,3,832.89,0.1,249.87,2498.67,-2248.8,1,West,Marketplace
108641,CUST00083,2024-09-06,Grocery,2,4322.72,0.0,0.0,8645.44,8645.44,0,East,Marketplace
108643,CUST01180,2025-01-06,Sports,2,2752.98,0.0,0.0,5505.96,5505.96,0,Central,Online
108644,CUST00069,2024-06-12,Electronics,3,4271.13,0.0,0.0,12813.39,12813.39,0,North,Marketplace
108645,CUST00961,2025-06-30,Beauty,5,2641.37,0.1,1320.69,13206.85,11886.16,0,West,Retail Store
108646,CUST00004,2024-06-09,Beauty,2,1558.2,0.15,467.46,3116.4,2648.94,0,East,Online
108647,CUST00530,2025-05-20,Home & Kitchen,5,1876.77,0.0,0.0,9383.85,9383.85,0,South,Marketplace
108648,CUST00823,2024-10-30,Home & Kitchen,4,2995.56,0.25,2995.56,11982.24,8986.68,0,Central,Mobile App
108649,CUST00818,2024-11-13,Home & Kitchen,2,3209.02,0.0,0.0,6418.04,6418.04,0,North,Online
108650,CUST00740,2025-02-05,Beauty,4,649.81,0.0,0.0,2599.24,2599.24,0,East,Retail Store
108651,CUST00736,2024-09-07,Beauty,3,3199.12,0.0,0.0,9597.36,9597.36,0,Central,Marketplace
108652,CUST00197,2024-07-27,Home & Kitchen,3,4207.82,0.15,1893.52,12623.46,10729.94,0,South,Online
108653,CUST00840,2024-10-22,Apparel,2,3736.05,0.0,0.0,7472.1,7472.1,0,North,Retail Store
108654,CUST00569,2024-06-01,Home & Kitchen,2,956.89,0.15,287.07,1913.78,1626.71,0,South,Marketplace
108655,CUST00781,2024-05-28,Apparel,4,540.28,0.0,0.0,2161.12,2161.12,0,Central,Mobile App
108656,CUST00337,2024-11-22,Electronics,2,0.0,0.0,0.0,0.0,0.0,0,Central,Mobile App
108657,CUST00546,2024-05-05,Electronics,3,1554.92,0.0,0.0,4664.76,4664.76,0,East,Mobile App
108659,CUST00439,2024-10-07,Home & Kitchen,3,4753.38,0.0,0.0,14260.14,14260.14,0,South,Mobile App
108660,CUST00218,2025-03-12,Apparel,1,2574.99,0.0,0.0,2574.99,2574.99,0,East,Online
108661,CUST00123,2025-01-12,Grocery,2,3979.22,0.0,0.0,7958.44,7958.44,0,Central,Mobile App
108662,CUST00198,2024-06-22,Home & Kitchen,5,2506.31,0.15,1879.73,12531.55,10651.82,0,West,Retail Store
108663,CUST00521,2024-08-22,Electronics,3,715.18,0.0,0.0,2145.54,2145.54,0,South,Online
108664,CUST00897,2025-02-17,Apparel,1,4646.62,0.0,0.0,4646.62,4646.62,0,West,Retail Store
108665,CUST00166,2024-11-20,Beauty,1,1252.15,0.1,125.22,1252.15,1126.93,0,North,Retail Store
108667,CUST01034,2024-04-06,Grocery,5,3077.67,0.15,2308.25,15388.35,13080.1,0,East,Marketplace
108668,CUST00416,2024-11-28,Apparel,5,1027.52,0.0,0.0,5137.6,5137.6,0,Central,Marketplace
108669,CUST00160,2024-12-31,Grocery,5,2277.76,0.0,0.0,11388.8,11388.8,0,North,Online
108670,CUST00470,2025-06-13,Beauty,4,2226.24,0.25,2226.24,8904.96,-6678.72,1,West,Marketplace
108671,CUST00835,2025-01-21,Sports,2,4695.33,0.0,0.0,9390.66,9390.66,0,North,Mobile App
108672,CUST00873,2025-02-10,Home & Kitchen,4,271.92,0.0,0.0,1087.68,1087.68,0,North,Mobile App
108673,CUST00963,2025-01-18,Grocery,2,2881.81,0.25,1440.9,5763.62,4322.72,0,South,Online
108674,CUST00078,2025-12-25,Home & Kitchen,1,4245.19,0.0,0.0,4245.19,-4245.19,1,East,Marketplace
108675,CUST00588,2024-05-27,Beauty,5,1341.97,0.0,0.0,6709.85,6709.85,0,West,Online
108676,CUST00668,2025-10-21,Apparel,2,2434.22,0.0,0.0,4868.44,4868.44,0,West,Marketplace
108677,CUST00967,2024-05-27,Apparel,4,4265.88,0.0,0.0,17063.52,17063.52,0,North,Online
108678,CUST00572,2025-07-03,Apparel,4,2656.42,0.0,0.0,10625.68,-10625.68,1,South,Online
108679,CUST00830,2024-11-09,Sports,2,4377.03,0.0,0.0,8754.06,8754.06,0,West,Online
108680,CUST00020,2025-01-30,Electronics,4,2839.27,0.25,2839.27,11357.08,8517.81,0,Central,Online
108681,CUST00438,2025-10-16,Grocery,2,2047.35,0.0,0.0,4094.7,4094.7,0,West,Online
108682,CUST00531,2024-12-23,Beauty,5,488.15,0.0,0.0,2440.75,2440.75,0,North,Marketplace
108683,CUST00916,2025-06-01,Grocery,4,2427.9,0.05,485.58,9711.6,9226.02,0,North,Mobile App
108684,CUST01165,2025-04-08,Grocery,3,4268.24,0.1,1280.47,12804.72,11524.25,0,West,Online
108685,CUST00176,2024-12-11,Sports,2,2155.66,0.0,0.0,4311.32,4311.32,0,West,Retail Store
108686,CUST00122,2024-03-11,Electronics,4,2139.98,0.0,0.0,8559.92,8559.92,0,South,Online
108687,CUST00583,2024-04-20,Home & Kitchen,4,4997.69,0.0,0.0,19990.76,19990.76,0,South,Online
108688,CUST00466,2025-02-28,Apparel,3,1389.01,0.0,0.0,4167.03,4167.03,0,Central,Retail Store
108689,CUST00727,2025-04-01,Beauty,4,2683.63,0.0,0.0,10734.52,10734.52,0,East,Online
108690,CUST00848,2025-06-23,Beauty,4,2655.37,0.0,0.0,10621.48,10621.48,0,South,Mobile App
108692,CUST01184,2025-09-14,Beauty,5,2451.2,0.0,0.0,12256.0,-12256.0,1,South,Marketplace
108693,CUST01114,2024-03-15,Apparel,1,1121.91,0.05,56.1,1121.91,1065.81,0,South,Marketplace
108695,CUST01012,2025-01-15,Apparel,4,3425.52,0.1,1370.21,13702.08,12331.87,0,South,Mobile App
108696,CUST00974,2024-09-30,Sports,4,772.24,0.0,0.0,3088.96,3088.96,0,East,Retail Store
108697,CUST00643,2024-09-13,Apparel,1,3940.01,0.15,591.0,3940.01,3349.01,0,Central,Mobile App
108698,CUST00464,2024-09-19,Apparel,3,4484.27,0.0,0.0,13452.81,-13452.81,1,North,Online
108699,CUST00906,2024-10-22,Home & Kitchen,5,1456.39,0.0,0.0,7281.95,7281.95,0,North,Online
108700,CUST01173,2025-01-13,Sports,5,1083.87,0.0,0.0,5419.35,5419.35,0,South,Online
108701,CUST00173,2025-02-04,Sports,1,1287.05,0.1,128.71,1287.05,1158.34,0,North,Online
108702,CUST01073,2025-01-29,Beauty,1,3309.23,0.0,0.0,3309.23,3309.23,0,North,Retail Store
108703,CUST00701,2025-04-07,Sports,1,3418.25,0.0,0.0,3418.25,3418.25,0,East,Mobile App
108704,CUST00539,2025-04-03,Grocery,1,1302.02,0.0,0.0,1302.02,1302.02,0,South,Online
108705,CUST00572,2025-05-18,Apparel,3,1602.93,0.0,0.0,4808.79,4808.79,0,South,Online
108706,CUST00633,2025-03-12,Beauty,2,615.75,0.15,184.72,1231.5,1046.78,0,East,Retail Store
108707,CUST00801,2024-11-11,Beauty,3,1759.35,0.15,791.71,5278.05,4486.34,0,North,Marketplace
108709,CUST00147,2024-12-24,Sports,4,3694.42,0.0,0.0,14777.68,14777.68,0,North,Online
108710,CUST01075,2024-07-09,Apparel,5,3769.34,0.05,942.34,18846.7,17904.36,0,West,Retail Store
108711,CUST00088,2025-04-06,Beauty,2,1025.54,0.0,0.0,2051.08,2051.08,0,South,Marketplace
108712,CUST00889,2024-09-14,Electronics,1,4842.05,0.0,0.0,4842.05,4842.05,0,South,Mobile App
108713,CUST01113,2024-06-28,Home & Kitchen,1,3177.63,0.1,317.76,3177.63,-2859.87,1,South,Marketplace
108714,CUST00067,2025-02-05,Electronics,2,4632.7,0.0,0.0,9265.4,9265.4,0,North,Online
108715,CUST00663,2024-02-07,Sports,5,3773.83,0.15,2830.37,18869.15,16038.78,0,South,Online
108716,CUST00395,2024-08-16,Apparel,2,0.0,0.0,0.0,0.0,0.0,0,North,Mobile App
108717,CUST00951,2025-02-11,Apparel,3,1641.66,0.0,0.0,4924.98,4924.98,0,East,Mobile App
108718,CUST00039,2024-10-12,Grocery,1,2687.25,0.0,0.0,2687.25,2687.25,0,Central,Online
108719,CUST01080,2025-10-13,Apparel,4,2767.07,0.1,1106.83,11068.28,9961.45,0,North,Marketplace
108720,CUST00199,2024-01-30,Electronics,1,3263.08,0.0,0.0,3263.08,3263.08,0,North,Online
108721,CUST00910,2024-03-04,Home & Kitchen,2,519.53,0.0,0.0,1039.06,1039.06,0,Central,Marketplace
108722,CUST00669,2024-04-23,Apparel,3,1798.11,0.0,0.0,5394.33,5394.33,0,Central,Online
108723,CUST01137,2024-09-26,Home & Kitchen,1,1328.69,0.05,66.43,1328.69,1262.26,0,West,Online
108724,CUST00271,2024-07-31,Beauty,3,794.96,0.15,357.73,2384.88,2027.15,0,South,Online
108725,CUST00890,2025-05-01,Electronics,2,4033.41,0.0,0.0,8066.82,8066.82,0,North,Online
108726,CUST01085,2024-11-09,Sports,3,3890.9,0.0,0.0,11672.7,11672.7,0,West,Online
108727,CUST00045,2025-01-13,Apparel,5,4122.64,0.0,0.0,20613.2,20613.2,0,North,Marketplace
108728,CUST00957,2024-11-17,Apparel,2,3267.34,0.0,0.0,6534.68,6534.68,0,South,Online
108729,CUST00127,2025-10-13,Sports,3,982.84,0.4,1179.41,2948.52,1769.11,0,West,Online
108730,CUST00912,2024-08-15,Home & Kitchen,3,4507.29,0.0,0.0,13521.87,13521.87,0,Central,Online
108731,CUST00461,2025-04-30,Electronics,2,3253.95,0.0,0.0,6507.9,6507.9,0,Central,Online
108732,CUST00244,2025-09-27,Electronics,3,452.3,0.0,0.0,1356.9,1356.9,0,East,Online
108733,CUST01071,2024-09-12,Grocery,1,1718.32,0.0,0.0,1718.32,1718.32,0,South,Online
108734,CUST01197,2024-04-10,Home & Kitchen,2,3893.99,0.0,0.0,7787.98,7787.98,0,South,Marketplace
108735,CUST00634,2024-05-03,Sports,1,3355.69,0.05,167.78,3355.69,3187.91,0,Central,Online
108736,CUST00165,2024-11-27,Beauty,3,4566.94,0.4,5480.33,13700.82,8220.49,0,Central,Retail Store
108737,CUST00390,2025-02-25,Apparel,1,282.31,0.0,0.0,282.31,282.31,0,South,Online
108738,CUST00168,2025-09-30,Home & Kitchen,5,1682.21,0.0,0.0,8411.05,8411.05,0,West,Online
108739,CUST00007,2024-05-07,Electronics,5,1620.56,0.15,1215.42,8102.8,6887.38,0,Central,Retail Store
108740,CUST00089,2025-08-27,Grocery,4,521.06,0.0,0.0,2084.24,2084.24,0,South,Retail Store
108741,CUST00243,2025-11-28,Electronics,3,731.73,0.0,0.0,2195.19,2195.19,0,East,Marketplace
108742,CUST00180,2025-07-03,Beauty,5,1786.25,0.0,0.0,8931.25,8931.25,0,South,Online
108743,CUST00209,2025-08-01,Electronics,2,4425.33,0.0,0.0,8850.66,8850.66,0,South,Online
108744,CUST00866,2024-12-23,Electronics,5,2822.35,0.0,0.0,14111.75,14111.75,0,South,Marketplace
108745,CUST01133,2025-04-29,Home & Kitchen,4,1210.59,0.0,0.0,4842.36,4842.36,0,North,Online
108746,CUST00700,2025-05-30,Grocery,1,1612.18,0.0,0.0,1612.18,1612.18,0,West,Marketplace
108747,CUST00430,2025-05-19,Beauty,1,3049.38,0.05,152.47,3049.38,2896.91,0,North,Marketplace
108748,CUST00698,2025-01-15,Grocery,5,3440.99,0.0,0.0,17204.95,17204.95,0,North,Mobile App
108749,CUST00202,2025-04-06,Grocery,2,4650.91,0.15,1395.27,9301.82,7906.55,0,East,Online
108750,CUST00413,2025-03-05,Beauty,2,3186.44,0.1,637.29,6372.88,5735.59,0,North,Mobile App
108751,CUST01106,2024-11-26,Apparel,4,247.88,0.15,148.73,991.52,842.79,0,South,Mobile App
108752,CUST00896,2025-05-01,Grocery,3,3676.55,0.0,0.0,11029.65,11029.65,0,South,Online
108753,CUST01148,2024-11-09,Home & Kitchen,2,3929.43,0.0,0.0,7858.86,7858.86,0,North,Retail Store
108754,CUST00839,2025-03-31,Electronics,5,3955.64,0.0,0.0,19778.2,-19778.2,1,East,Online
108755,CUST00420,2024-12-29,Sports,3,1261.79,0.15,567.81,3785.37,3217.56,0,North,Online
108756,CUST00301,2025-04-04,Grocery,1,4472.12,0.1,447.21,4472.12,4024.91,0,South,Online
108757,CUST00464,2024-08-11,Home & Kitchen,3,1320.72,0.0,0.0,3962.16,3962.16,0,North,Online
108758,CUST00382,2024-10-16,Electronics,2,3221.55,0.1,644.31,6443.1,5798.79,0,West,Mobile App
108759,CUST00598,2024-10-08,Sports,5,2139.61,0.0,0.0,10698.05,-10698.05,1,South,Retail Store
108760,CUST00398,2025-08-16,Beauty,1,2486.85,0.05,124.34,2486.85,2362.51,0,West,Retail Store
108761,CUST00477,2024-04-28,Apparel,2,814.9,0.0,0.0,1629.8,1629.8,0,Central,Online
108762,CUST00829,2025-02-08,Sports,3,305.65,0.0,0.0,916.95,-916.95,1,North,Online
108763,CUST00389,2025-02-12,Beauty,1,2435.59,0.0,0.0,2435.59,2435.59,0,North,Marketplace
108764,CUST00688,2024-09-29,Apparel,4,2352.82,0.0,0.0,9411.28,9411.28,0,South,Online
108765,CUST00128,2025-07-01,Sports,1,3580.3,0.05,179.02,3580.3,3401.28,0,South,Marketplace
108766,CUST00656,2024-05-04,Apparel,1,1561.78,0.1,156.18,1561.78,1405.6,0,East,Retail Store
108767,CUST00004,2025-01-26,Electronics,5,4821.54,0.0,0.0,24107.7,24107.7,0,East,Online
108768,CUST01019,2024-05-28,Sports,1,1586.51,0.1,158.65,1586.51,1427.86,0,North,Retail Store
108769,CUST00774,2024-04-04,Beauty,3,398.27,0.1,119.48,1194.81,1075.33,0,North,Online
108770,CUST00893,2025-02-15,Apparel,3,2844.59,0.0,0.0,8533.77,8533.77,0,West,Marketplace
108771,CUST00810,2024-02-18,Home & Kitchen,4,2415.53,0.0,0.0,9662.12,9662.12,0,North,Online
108772,CUST00112,2025-10-04,Beauty,4,4356.76,0.1,1742.7,17427.04,15684.34,0,East,Online
108773,CUST00461,2024-11-26,Electronics,3,4213.92,0.25,3160.44,12641.76,9481.32,0,Central,Online
108774,CUST01011,2024-09-26,Home & Kitchen,2,3815.93,0.0,0.0,7631.86,7631.86,0,West,Marketplace
108775,CUST00859,2024-09-22,Electronics,2,3937.92,0.0,0.0,7875.84,7875.84,0,Central,Mobile App
108776,CUST00033,2025-03-10,Grocery,1,1843.35,0.0,0.0,1843.35,1843.35,0,East,Online
108777,CUST00451,2025-08-31,Beauty,1,2431.55,0.0,0.0,2431.55,2431.55,0,East,Marketplace
108778,CUST00521,2024-03-19,Beauty,2,2704.84,0.0,0.0,5409.68,5409.68,0,South,Online
108779,CUST00137,2025-05-27,Apparel,2,3454.76,0.0,0.0,6909.52,6909.52,0,South,Retail Store
108780,CUST00851,2025-09-16,Home & Kitchen,3,3102.99,0.0,0.0,9308.97,9308.97,0,West,Retail Store
108781,CUST00991,2025-02-22,Sports,5,237.3,0.0,0.0,1186.5,1186.5,0,North,Marketplace
108782,CUST00619,2025-05-21,Electronics,1,3328.86,0.0,0.0,3328.86,3328.86,0,West,Online
108783,CUST00767,2025-07-22,Electronics,1,4015.33,0.0,0.0,4015.33,4015.33,0,South,Online
108784,CUST00675,2024-09-02,Electronics,4,1424.99,0.0,0.0,5699.96,5699.96,0,South,Mobile App
108785,CUST00076,2024-02-11,Sports,2,1168.72,0.1,233.74,2337.44,2103.7,0,West,Retail Store
108786,CUST01030,2024-04-18,Beauty,1,3448.68,0.0,0.0,3448.68,3448.68,0,North,Online
108787,CUST00562,2024-02-25,Home & Kitchen,2,999.34,0.05,99.93,1998.68,1898.75,0,East,Online
108788,CUST00257,2024-08-06,Home & Kitchen,2,888.41,0.0,0.0,1776.82,1776.82,0,West,Online
108789,CUST00648,2024-02-09,Apparel,5,2990.46,0.0,0.0,14952.3,14952.3,0,West,Mobile App
108791,CUST00953,2024-07-24,Home & Kitchen,3,2572.89,0.15,1157.8,7718.67,6560.87,0,South,Online
108792,CUST00890,2025-08-10,Apparel,4,2029.14,0.1,811.66,8116.56,7304.9,0,North,Online
108793,CUST00837,2024-05-27,Beauty,5,1997.83,0.1,998.92,9989.15,8990.23,0,Central,Mobile App
108794,CUST00673,2024-03-05,Sports,3,1496.69,0.0,0.0,4490.07,4490.07,0,North,Online
108795,CUST01181,2025-06-15,Grocery,4,404.97,0.0,0.0,1619.88,1619.88,0,North,Online
108796,CUST00302,2025-08-19,Home & Kitchen,3,2025.16,0.05,303.77,6075.48,5771.71,0,North,Online
108797,CUST00822,2024-01-28,Sports,3,361.9,0.0,0.0,1085.7,1085.7,0,West,Marketplace
108798,CUST00333,2024-10-29,Home & Kitchen,2,3109.74,0.0,0.0,6219.48,6219.48,0,East,Retail Store
108799,CUST00407,2025-11-01,Beauty,1,3260.96,0.0,0.0,3260.96,3260.96,0,North,Marketplace
108800,CUST00979,2025-04-11,Sports,1,239.68,0.15,35.95,239.68,203.73,0,Central,Marketplace
108801,CUST00547,2024-08-01,Apparel,5,2230.35,0.0,0.0,11151.75,11151.75,0,West,Marketplace
108802,CUST00759,2025-10-01,Home & Kitchen,1,4717.56,0.05,235.88,4717.56,4481.68,0,West,Online
108803,CUST00834,2025-05-13,Beauty,1,455.48,0.0,0.0,455.48,-455.48,1,West,Online
108805,CUST00129,2025-02-02,Grocery,2,2814.47,0.0,0.0,5628.94,5628.94,0,West,Online
108806,CUST00321,2024-11-02,Grocery,3,4989.4,0.0,0.0,14968.2,-14968.2,1,West,Online
108807,CUST00797,2024-09-19,Apparel,1,4433.74,0.0,0.0,4433.74,4433.74,0,West,Online
108808,CUST00933,2025-01-11,Beauty,4,4616.18,0.0,0.0,18464.72,-18464.72,1,North,Online
108809,CUST00548,2025-10-24,Grocery,2,491.74,0.0,0.0,983.48,983.48,0,South,Mobile App
108810,CUST01069,2025-04-16,Home & Kitchen,4,390.47,0.0,0.0,1561.88,-1561.88,1,South,Online
108811,CUST00309,2024-04-28,Home & Kitchen,4,2757.33,0.05,551.47,11029.32,10477.85,0,Central,Retail Store
108812,CUST00653,2024-06-17,Apparel,4,4654.28,0.0,0.0,18617.12,18617.12,0,North,Online
108813,CUST00803,2025-07-13,Apparel,2,2231.05,0.0,0.0,4462.1,4462.1,0,West,Marketplace
108814,CUST00648,2024-02-04,Electronics,5,2559.33,0.0,0.0,12796.65,12796.65,0,West,Mobile App
108815,CUST00792,2024-10-04,Grocery,1,4479.97,0.25,1119.99,4479.97,3359.98,0,West,Online
108816,CUST00186,2025-04-22,Electronics,2,3484.2,0.05,348.42,6968.4,6619.98,0,North,Marketplace
108817,CUST01099,2024-08-17,Electronics,3,3255.59,0.0,0.0,9766.77,9766.77,0,West,Marketplace
108818,CUST00787,2024-10-24,Home & Kitchen,1,448.17,0.0,0.0,448.17,-448.17,1,East,Online
108819,CUST00802,2024-12-04,Electronics,5,4372.8,0.1,2186.4,21864.0,19677.6,0,Central,Marketplace
108820,CUST00479,2025-02-16,Grocery,5,4887.37,0.05,1221.84,24436.85,23215.01,0,Central,Mobile App
108821,CUST00799,2024-07-10,Grocery,1,282.74,0.05,14.14,282.74,268.6,0,South,Marketplace
108822,CUST00872,2025-06-28,Electronics,4,4827.59,0.0,0.0,19310.36,19310.36,0,North,Online
108823,CUST00094,2025-07-05,Beauty,2,2902.26,0.0,0.0,5804.52,5804.52,0,East,Marketplace
108824,CUST00286,2025-10-05,Electronics,5,2050.07,0.25,2562.59,10250.35,7687.76,0,North,Online
108825,CUST00056,2025-04-13,Beauty,3,649.65,0.0,0.0,1948.95,1948.95,0,West,Retail Store
108826,CUST00366,2025-08-03,Beauty,2,3519.85,0.0,0.0,7039.7,7039.7,0,South,Online
108827,CUST00828,2025-12-09,Apparel,2,3823.85,0.0,0.0,7647.7,7647.7,0,North,Online
108828,CUST00780,2024-05-09,Beauty,1,4559.18,0.0,0.0,4559.18,4559.18,0,Central,Marketplace
108829,CUST00555,2025-10-10,Grocery,5,1616.87,0.0,0.0,8084.35,8084.35,0,South,Online
108830,CUST00837,2024-06-27,Grocery,5,479.01,0.0,0.0,2395.05,-2395.05,1,Central,Mobile App
108831,CUST01183,2024-08-12,Grocery,3,3497.01,0.15,1573.65,10491.03,8917.38,0,West,Retail Store
108833,CUST00398,2025-08-27,Electronics,1,863.78,0.0,0.0,863.78,863.78,0,West,Retail Store
108834,CUST01087,2024-09-25,Electronics,1,1098.7,0.0,0.0,1098.7,1098.7,0,West,Marketplace
108835,CUST00761,2025-05-06,Grocery,2,4835.22,0.15,1450.57,9670.44,8219.87,0,East,Online
108836,CUST01161,2025-06-14,Sports,4,702.45,0.0,0.0,2809.8,2809.8,0,South,Online
108837,CUST00910,2024-07-30,Grocery,2,2162.05,0.05,216.21,4324.1,4107.89,0,Central,Marketplace
108838,CUST00972,2025-07-08,Home & Kitchen,1,2583.4,0.0,0.0,2583.4,2583.4,0,West,Retail Store
108839,CUST00211,2024-12-06,Home & Kitchen,4,2583.16,0.1,1033.26,10332.64,9299.38,0,West,Retail Store
108840,CUST00706,2025-10-29,Apparel,3,1039.73,0.0,0.0,3119.19,3119.19,0,Central,Online
108841,CUST00219,2024-06-11,Apparel,3,3809.06,0.0,0.0,11427.18,11427.18,0,North,Online
108842,CUST00885,2024-05-16,Electronics,3,1528.17,0.0,0.0,4584.51,4584.51,0,South,Online
108843,CUST00657,2024-04-28,Electronics,1,770.47,0.0,0.0,770.47,770.47,0,North,Online
108844,CUST00442,2024-08-10,Grocery,5,1277.31,0.1,638.66,6386.55,5747.89,0,West,Online
108845,CUST00999,2025-05-10,Beauty,5,468.22,0.0,0.0,2341.1,2341.1,0,South,Online
108846,CUST00697,2025-04-20,Apparel,5,3151.48,0.25,3939.35,15757.4,11818.05,0,West,Online
108847,CUST00895,2025-08-24,Grocery,4,4190.17,0.05,838.03,16760.68,15922.65,0,North,Mobile App
108848,CUST00356,2025-06-27,Home & Kitchen,2,3504.23,0.15,1051.27,7008.46,5957.19,0,Central,Online
108849,CUST00452,2025-02-16,Sports,3,2938.88,0.05,440.83,8816.64,8375.81,0,East,Marketplace
108850,CUST00054,2025-04-03,Grocery,1,3088.17,0.0,0.0,3088.17,3088.17,0,South,Retail Store
108851,CUST00170,2024-08-03,Apparel,3,4697.28,0.0,0.0,14091.84,14091.84,0,East,Marketplace
108852,CUST01165,2025-06-16,Electronics,4,1375.58,0.0,0.0,5502.32,5502.32,0,West,Online
108853,CUST00153,2024-06-14,Grocery,2,2231.64,0.0,0.0,4463.28,-4463.28,1,North,Mobile App
108854,CUST00492,2024-08-10,Electronics,1,2344.51,0.15,351.68,2344.51,1992.83,0,Central,Retail Store
108855,CUST01108,2025-03-13,Grocery,3,952.4,0.0,0.0,2857.2,2857.2,0,East,Online
108856,CUST01159,2024-07-12,Grocery,1,0.0,0.1,0.0,0.0,0.0,0,South,Retail Store
108857,CUST00267,2025-06-09,Sports,4,1937.26,0.0,0.0,7749.04,-7749.04,1,North,Online
108858,CUST00537,2024-03-17,Sports,3,2906.04,0.0,0.0,8718.12,8718.12,0,Central,Marketplace
108859,CUST00620,2024-12-20,Electronics,5,3224.5,0.0,0.0,16122.5,16122.5,0,Central,Marketplace
108860,CUST00097,2025-08-28,Apparel,2,1750.8,0.05,175.08,3501.6,3326.52,0,Central,Marketplace
108861,CUST00084,2025-06-08,Apparel,1,2836.38,0.0,0.0,2836.38,2836.38,0,North,Online
108862,CUST01081,2025-09-30,Sports,3,4072.91,0.0,0.0,12218.73,12218.73,0,West,Online
108863,CUST00831,2024-06-07,Home & Kitchen,4,2101.0,0.0,0.0,8404.0,8404.0,0,Central,Marketplace
108864,CUST00658,2024-11-07,Apparel,5,1318.22,0.0,0.0,6591.1,6591.1,0,North,Marketplace
108865,CUST00939,2024-07-12,Apparel,3,406.34,0.0,0.0,1219.02,1219.02,0,Central,Retail Store
108866,CUST01185,2024-09-22,Sports,4,1627.82,0.0,0.0,6511.28,6511.28,0,North,Marketplace
108867,CUST00133,2025-04-04,Sports,4,1168.74,0.0,0.0,4674.96,4674.96,0,North,Online
108868,CUST00560,2025-07-09,Beauty,1,2439.65,0.05,121.98,2439.65,2317.67,0,East,Online
108869,CUST01079,2025-01-23,Home & Kitchen,5,4962.71,0.0,0.0,24813.55,24813.55,0,West,Online
108871,CUST00192,2025-03-08,Home & Kitchen,4,4919.6,0.0,0.0,19678.4,19678.4,0,South,Retail Store
108872,CUST00309,2024-05-22,Home & Kitchen,5,0.0,0.0,0.0,0.0,0.0,0,Central,Retail Store
108873,CUST00808,2024-08-20,Beauty,4,4460.19,0.0,0.0,17840.76,17840.76,0,Central,Online
108874,CUST00753,2025-11-11,Home & Kitchen,2,2540.43,0.1,508.09,5080.86,4572.77,0,Central,Mobile App
108875,CUST01039,2025-08-12,Electronics,3,3609.56,0.0,0.0,10828.68,10828.68,0,Central,Marketplace
108876,CUST00776,2025-01-10,Home & Kitchen,5,4340.2,0.25,5425.25,21701.0,16275.75,0,Central,Retail Store
108877,CUST00218,2025-03-13,Grocery,5,391.5,0.0,0.0,1957.5,1957.5,0,East,Online
108878,CUST00759,2025-08-09,Beauty,5,799.05,0.15,599.29,3995.25,3395.96,0,West,Online
108879,CUST01059,2024-07-27,Apparel,5,3402.86,0.0,0.0,17014.3,17014.3,0,East,Retail Store
108880,CUST01015,2025-02-09,Grocery,3,3358.75,0.0,0.0,10076.25,10076.25,0,East,Online
108881,CUST00854,2024-10-10,Grocery,2,1024.1,0.0,0.0,2048.2,2048.2,0,West,Marketplace
108882,CUST00765,2024-10-20,Beauty,4,4585.54,0.4,7336.86,18342.16,-11005.3,1,Central,Retail Store
108883,CUST00685,2024-05-26,Grocery,1,4452.86,0.0,0.0,4452.86,4452.86,0,East,Online
108884,CUST00854,2024-07-23,Apparel,2,2672.35,0.15,801.7,5344.7,4543.0,0,West,Marketplace
108885,CUST00178,2025-06-03,Grocery,5,1373.04,0.0,0.0,6865.2,6865.2,0,North,Online
108886,CUST00723,2025-03-30,Grocery,2,4606.65,0.1,921.33,9213.3,8291.97,0,East,Online
108887,CUST00540,2024-10-08,Home & Kitchen,3,1377.46,0.25,1033.1,4132.38,3099.28,0,East,Retail Store
108888,CUST00833,2025-04-05,Grocery,5,3929.03,0.1,1964.52,19645.15,17680.63,0,Central,Online
108889,CUST00379,2024-05-07,Grocery,3,3645.17,0.4,4374.2,10935.51,6561.31,0,West,Retail Store
108890,CUST00594,2024-09-10,Home & Kitchen,3,4419.47,0.0,0.0,13258.41,13258.41,0,West,Online
108891,CUST00409,2025-01-08,Sports,5,1142.44,0.0,0.0,5712.2,5712.2,0,West,Online
108892,CUST00977,2025-05-27,Electronics,4,520.6,0.0,0.0,2082.4,2082.4,0,South,Mobile App
108893,CUST00251,2025-06-20,Home & Kitchen,5,4924.78,0.0,0.0,24623.9,24623.9,0,North,Online
108894,CUST00235,2025-01-05,Electronics,3,4718.14,0.0,0.0,14154.42,14154.42,0,Central,Mobile App
108895,CUST00684,2025-06-04,Beauty,4,3423.32,0.0,0.0,13693.28,13693.28,0,South,Retail Store
108896,CUST00027,2024-10-06,Grocery,3,4933.36,0.0,0.0,14800.08,14800.08,0,Central,Retail Store
108897,CUST00894,2025-02-10,Sports,5,1049.25,0.05,262.31,5246.25,4983.94,0,South,Retail Store
108898,CUST00146,2025-11-09,Electronics,1,4133.0,0.0,0.0,4133.0,4133.0,0,West,Marketplace
108899,CUST01109,2024-11-27,Apparel,4,553.08,0.0,0.0,2212.32,2212.32,0,South,Online
108900,CUST00700,2025-01-16,Beauty,5,1544.55,0.05,386.14,7722.75,7336.61,0,West,Marketplace
108901,CUST00737,2024-07-14,Apparel,5,2618.53,0.05,654.63,13092.65,12438.02,0,North,Online
108902,CUST00022,2024-12-29,Beauty,4,0.0,0.0,0.0,0.0,-0.0,1,West,Online
108903,CUST00935,2025-05-29,Apparel,2,1225.74,0.0,0.0,2451.48,2451.48,0,East,Online
108904,CUST00765,2025-01-17,Apparel,2,2675.58,0.4,2140.46,5351.16,-3210.7,1,Central,Retail Store
108905,CUST00898,2024-09-20,Sports,1,1649.24,0.0,0.0,1649.24,1649.24,0,West,Marketplace
108906,CUST01198,2025-02-28,Sports,1,4680.75,0.0,0.0,4680.75,-4680.75,1,East,Mobile App
108907,CUST00790,2025-05-10,Grocery,4,2655.2,0.1,1062.08,10620.8,9558.72,0,East,Online
108908,CUST00049,2025-06-15,Electronics,3,3436.58,0.0,0.0,10309.74,10309.74,0,Central,Marketplace
108909,CUST00453,2025-04-06,Home & Kitchen,1,4874.72,0.0,0.0,4874.72,4874.72,0,South,Retail Store
108910,CUST00759,2025-10-04,Apparel,3,3428.32,0.0,0.0,10284.96,10284.96,0,West,Online
108911,CUST00777,2025-01-13,Grocery,5,337.5,0.0,0.0,1687.5,1687.5,0,South,Marketplace
108912,CUST00033,2024-09-23,Grocery,4,2920.52,0.0,0.0,11682.08,11682.08,0,East,Online
108913,CUST00588,2024-04-09,Sports,5,4840.89,0.0,0.0,24204.45,24204.45,0,West,Online
108914,CUST00614,2024-07-28,Apparel,5,4534.9,0.1,2267.45,22674.5,20407.05,0,East,Marketplace
108915,CUST00644,2025-04-01,Home & Kitchen,4,4774.73,0.0,0.0,19098.92,19098.92,0,West,Mobile App
108916,CUST01175,2024-12-07,Home & Kitchen,1,4151.32,0.0,0.0,4151.32,4151.32,0,West,Online
108917,CUST00858,2024-12-08,Apparel,2,2842.89,0.15,852.87,5685.78,4832.91,0,Central,Online
108918,CUST00374,2024-05-07,Apparel,2,1624.35,0.15,487.3,3248.7,-2761.4,1,East,Retail Store
108919,CUST00795,2024-12-13,Beauty,1,3845.47,0.0,0.0,3845.47,3845.47,0,West,Mobile App
108920,CUST00249,2024-09-22,Electronics,1,3579.73,0.25,894.93,3579.73,2684.8,0,Central,Online
108921,CUST00893,2024-12-21,Home & Kitchen,2,2863.24,0.05,286.32,5726.48,5440.16,0,West,Marketplace
108922,CUST00664,2024-01-24,Home & Kitchen,5,2408.45,0.0,0.0,12042.25,12042.25,0,West,Mobile App
108923,CUST00369,2025-04-13,Home & Kitchen,4,3476.76,0.0,0.0,13907.04,13907.04,0,South,Online
108924,CUST00772,2024-05-15,Electronics,5,634.91,0.0,0.0,3174.55,3174.55,0,South,Mobile App
108925,CUST00514,2024-03-19,Sports,1,3386.76,0.05,169.34,3386.76,3217.42,0,South,Online
108926,CUST01005,2024-10-09,Electronics,4,4401.58,0.0,0.0,17606.32,17606.32,0,West,Marketplace
108927,CUST00805,2025-08-22,Beauty,2,2139.35,0.0,0.0,4278.7,4278.7,0,South,Marketplace
108928,CUST00844,2025-01-24,Grocery,2,1936.2,0.4,1548.96,3872.4,2323.44,0,North,Marketplace
108929,CUST00440,2025-08-20,Beauty,3,635.36,0.0,0.0,1906.08,1906.08,0,Central,Marketplace
108930,CUST00275,2024-06-22,Apparel,4,432.95,0.0,0.0,1731.8,1731.8,0,West,Online
108931,CUST00359,2024-05-10,Sports,4,1411.3,0.05,282.26,5645.2,5362.94,0,North,Online
108932,CUST00477,2024-03-13,Grocery,4,2909.65,0.05,581.93,11638.6,11056.67,0,Central,Online
108933,CUST00868,2024-07-20,Home & Kitchen,4,2882.77,0.1,1153.11,11531.08,10377.97,0,North,Online
108935,CUST01146,2024-08-17,Home & Kitchen,2,0.0,0.0,0.0,0.0,0.0,0,South,Online
108936,CUST00010,2025-08-23,Apparel,5,3560.23,0.15,2670.17,17801.15,-15130.98,1,East,Mobile App
108937,CUST00339,2024-09-21,Grocery,1,4446.57,0.15,666.99,4446.57,3779.58,0,North,Marketplace
108938,CUST01044,2025-08-09,Home & Kitchen,1,2248.21,0.0,0.0,2248.21,2248.21,0,South,Online
108939,CUST01183,2024-12-22,Grocery,4,2346.86,0.0,0.0,9387.44,-9387.44,1,West,Retail Store
108940,CUST00603,2025-02-06,Home & Kitchen,5,1152.24,0.0,0.0,5761.2,5761.2,0,Central,Retail Store
108941,CUST00228,2024-07-26,Grocery,2,3609.19,0.0,0.0,7218.38,-7218.38,1,Central,Online
108942,CUST00865,2025-07-26,Beauty,3,4662.72,0.0,0.0,13988.16,13988.16,0,South,Marketplace
108943,CUST00234,2024-08-17,Beauty,1,3362.18,0.05,168.11,3362.18,-3194.07,1,Central,Marketplace
108944,CUST00026,2024-05-06,Beauty,5,748.88,0.0,0.0,3744.4,3744.4,0,East,Online
108945,CUST01007,2024-01-15,Grocery,4,3229.92,0.0,0.0,12919.68,12919.68,0,East,Online
108946,CUST00254,2024-05-10,Grocery,3,2065.17,0.25,1548.88,6195.51,4646.63,0,Central,Mobile App
108947,CUST00927,2024-03-07,Home & Kitchen,1,0.0,0.25,0.0,0.0,0.0,0,East,Online
108948,CUST00982,2024-05-02,Electronics,3,3971.16,0.0,0.0,11913.48,11913.48,0,South,Online
108949,CUST00961,2025-12-07,Sports,3,1988.1,0.0,0.0,5964.3,5964.3,0,West,Retail Store
108950,CUST00572,2025-03-19,Electronics,1,3825.54,0.05,191.28,3825.54,3634.26,0,South,Online
108951,CUST00157,2025-10-03,Electronics,4,2989.18,0.0,0.0,11956.72,11956.72,0,South,Marketplace
108952,CUST00780,2024-03-04,Beauty,1,4960.66,0.1,496.07,4960.66,4464.59,0,Central,Marketplace
108953,CUST00875,2024-11-21,Apparel,1,2926.98,0.0,0.0,2926.98,2926.98,0,South,Marketplace
108954,CUST00170,2025-01-17,Apparel,5,2993.76,0.4,5987.52,14968.8,8981.28,0,East,Marketplace
108955,CUST00001,2024-10-01,Sports,4,2233.64,0.1,893.46,8934.56,8041.1,0,Central,Mobile App
108956,CUST00667,2024-10-24,Beauty,1,4712.34,0.25,1178.08,4712.34,3534.26,0,East,Marketplace
108957,CUST00538,2025-10-11,Home & Kitchen,3,4350.75,0.15,1957.84,13052.25,11094.41,0,West,Retail Store
108958,CUST00535,2024-09-14,Electronics,4,875.79,0.0,0.0,3503.16,3503.16,0,South,Mobile App
108959,CUST00161,2025-06-28,Home & Kitchen,1,2783.4,0.15,417.51,2783.4,2365.89,0,Central,Mobile App
108960,CUST00765,2024-09-27,Home & Kitchen,5,1125.21,0.15,843.91,5626.05,4782.14,0,Central,Retail Store
108961,CUST00601,2024-06-23,Home & Kitchen,1,4319.71,0.15,647.96,4319.71,3671.75,0,West,Retail Store
108962,CUST00903,2024-06-28,Apparel,5,3098.28,0.0,0.0,15491.4,15491.4,0,Central,Online
108963,CUST00009,2024-10-18,Grocery,4,3042.56,0.25,3042.56,12170.24,9127.68,0,North,Online
108964,CUST00902,2025-03-06,Grocery,1,3354.94,0.4,1341.98,3354.94,2012.96,0,North,Retail Store
108965,CUST00704,2024-10-26,Sports,4,1969.43,0.1,787.77,7877.72,7089.95,0,North,Online
108966,CUST00938,2024-09-15,Home & Kitchen,5,2039.5,0.4,4079.0,10197.5,6118.5,0,North,Marketplace
108967,CUST00349,2024-09-27,Beauty,3,605.24,0.15,272.36,1815.72,1543.36,0,Central,Online
108970,CUST00189,2025-01-21,Electronics,2,3705.35,0.0,0.0,7410.7,7410.7,0,Central,Online
108971,CUST00748,2024-12-07,Apparel,2,2661.71,0.0,0.0,5323.42,5323.42,0,West,Marketplace
108972,CUST00474,2025-07-02,Beauty,3,328.72,0.0,0.0,986.16,986.16,0,East,Online
108973,CUST00580,2025-11-23,Grocery,2,4039.93,0.0,0.0,8079.86,8079.86,0,East,Retail Store
108974,CUST00577,2024-10-20,Apparel,1,1779.06,0.0,0.0,1779.06,1779.06,0,North,Marketplace
108975,CUST00360,2024-12-26,Sports,5,2945.22,0.05,736.3,14726.1,13989.8,0,North,Online
108976,CUST00683,2024-05-23,Home & Kitchen,4,587.57,0.0,0.0,2350.28,2350.28,0,East,Retail Store
108977,CUST00622,2024-04-10,Grocery,2,2439.95,0.0,0.0,4879.9,4879.9,0,Central,Online
108978,CUST00092,2024-08-08,Grocery,1,1196.99,0.4,478.8,1196.99,718.19,0,West,Online
108979,CUST00446,2025-06-20,Home & Kitchen,3,1127.9,0.0,0.0,3383.7,3383.7,0,North,Marketplace
108980,CUST00826,2025-06-26,Electronics,4,4392.54,0.1,1757.02,17570.16,15813.14,0,South,Marketplace
108981,CUST00775,2025-03-25,Home & Kitchen,5,3092.69,0.1,1546.35,15463.45,13917.1,0,Central,Retail Store
108982,CUST00617,2025-06-10,Apparel,3,1465.62,0.0,0.0,4396.86,4396.86,0,West,Online
108984,CUST00234,2025-07-06,Sports,3,3722.63,0.0,0.0,11167.89,11167.89,0,Central,Marketplace
108985,CUST00115,2024-09-18,Sports,3,1838.34,0.0,0.0,5515.02,5515.02,0,North,Mobile App
108986,CUST00759,2025-08-01,Grocery,4,288.32,0.0,0.0,1153.28,1153.28,0,West,Online
108987,CUST00550,2025-09-03,Beauty,3,4680.59,0.1,1404.18,14041.77,12637.59,0,South,Online
108988,CUST00058,2025-08-28,Apparel,5,1316.96,0.0,0.0,6584.8,6584.8,0,Central,Retail Store
108989,CUST00738,2024-09-08,Sports,4,1499.35,0.0,0.0,5997.4,5997.4,0,East,Online
108990,CUST00580,2025-07-02,Sports,4,2717.21,0.05,543.44,10868.84,10325.4,0,East,Retail Store
108991,CUST00661,2025-07-18,Beauty,5,1255.57,0.0,0.0,6277.85,6277.85,0,East,Marketplace
108992,CUST00086,2025-03-16,Electronics,5,808.92,0.0,0.0,4044.6,4044.6,0,East,Online
108993,CUST00161,2025-02-27,Sports,1,1081.34,0.0,0.0,1081.34,1081.34,0,Central,Mobile App
108994,CUST01114,2024-02-15,Home & Kitchen,2,2715.58,0.0,0.0,5431.16,5431.16,0,South,Marketplace
108995,CUST00682,2025-01-07,Beauty,3,1393.26,0.25,1044.94,4179.78,3134.84,0,Central,Marketplace
108996,CUST00823,2025-03-11,Sports,4,2378.31,0.05,475.66,9513.24,9037.58,0,Central,Mobile App
108997,CUST00348,2024-10-26,Electronics,1,2189.64,0.0,0.0,2189.64,2189.64,0,North,Retail Store
108998,CUST00947,2024-12-24,Apparel,2,239.85,0.0,0.0,479.7,479.7,0,West,Mobile App
108999,CUST00004,2024-05-17,Electronics,5,1378.36,0.0,0.0,6891.8,6891.8,0,East,Online
109000,CUST00618,2025-01-13,Electronics,3,1790.22,0.0,0.0,5370.66,-5370.66,1,South,Online
